Glass_ID,Lot_ID,Product_Model,Raw_Glass_Batch,Line_ID,Machine_ID,Tool_ID,Fixture_ID,Operator_ID,Shift,Process_Time,Inspection_Station,Tool_Life_Pct,Spindle_Speed_rpm,Feed_Rate_mm_min,Coolant_Pressure_bar,Coolant_Pressure_Stability,Vacuum_Level_kPa,Chamfer_Width_mm,Chipping_Size_um,Thickness_mm,Warpage_mm,CS_MPa,DOL_um,Defect_Type,Defect_Location,AOI_Result,Final_Result,Individual_Chipping_um,Moving_Range_Chipping_um,I_CL,I_UCL,I_LCL,MR_CL,MR_UCL,MR_LCL,I_OOC,MR_OOC
GLS-2026-0003688,LOT-2026-W08-C,CG-Model-A,RGB-8622,LINE-01,CNC-04,TOOL-21,FIX-B2,OP-015,Night,2026-03-27 13:58:41,AOI,74.6,23943,800.0,3.28,0.965,-77.2,0.3217,18.7,0.6994,0.0296,774.4,43.8,None,None,Pass,OK,18.7,,12.19,66.13,0.0,20.28,66.25,0.0,False,False
GLS-2026-0018630,LOT-2026-W08-C,CG-Model-B,RGB-8898,LINE-02,CNC-04,TOOL-03,FIX-A3,OP-013,Swing,2026-03-27 14:11:44,AOI,20.9,23686,796.7,3.19,0.974,-87.5,0.2986,0.0,0.7068,0.0163,759.5,48.4,None,None,Pass,OK,0.0,18.7,12.19,66.13,0.0,20.28,66.25,0.0,False,False
GLS-2026-0040826,LOT-2026-W08-C,CG-Model-B,RGB-9173,LINE-02,CNC-04,TOOL-16,FIX-C3,OP-005,Night,2026-03-27 14:16:56,AOI,46.5,24229,879.3,3.11,0.905,-82.1,0.2858,6.8,0.6953,0.0511,782.8,44.9,None,None,Pass,OK,6.8,6.8,12.19,66.13,0.0,20.28,66.25,0.0,False,False
GLS-2026-0049540,LOT-2026-W08-C,CG-Model-B,RGB-9339,LINE-01,CNC-04,TOOL-05,FIX-C1,OP-020,Swing,2026-03-27 14:37:34,AOI,83.5,24217,812.1,3.1,0.898,-80.5,0.3213,44.2,0.6992,0.0184,785.9,46.5,None,None,Pass,OK,44.2,37.400000000000006,12.19,66.13,0.0,20.28,66.25,0.0,False,False
GLS-2026-0016900,LOT-2026-W08-C,CG-Model-C,RGB-9012,LINE-01,CNC-04,TOOL-07,FIX-B3,OP-001,Day,2026-03-27 15:07:42,AOI,9.3,23317,792.9,2.95,0.92,-83.9,0.2822,0.0,0.7022,0.0212,784.1,43.7,None,None,Pass,OK,0.0,44.2,12.19,66.13,0.0,20.28,66.25,0.0,False,False
GLS-2026-0028846,LOT-2026-W08-C,CG-Model-A,RGB-9024,LINE-01,CNC-04,TOOL-12,FIX-B2,OP-003,Night,2026-03-27 15:20:39,AOI,44.5,24008,865.2,3.33,0.96,-78.1,0.3,85.0,0.7025,0.0477,780.1,46.9,Edge_Chipping,Corner,Fail,NG,85.0,85.0,12.19,66.13,0.0,20.28,66.25,0.0,True,True
GLS-2026-0015523,LOT-2026-W08-C,CG-Model-B,RGB-8835,LINE-01,CNC-04,TOOL-08,FIX-C2,OP-011,Day,2026-03-27 15:21:29,AOI,27.5,23545,842.6,3.13,0.956,-86.3,0.2929,0.0,0.6919,0.0147,772.7,49.0,None,None,Pass,OK,0.0,85.0,12.19,66.13,0.0,20.28,66.25,0.0,False,True
GLS-2026-0013373,LOT-2026-W08-C,CG-Model-B,RGB-8126,LINE-02,CNC-04,TOOL-14,FIX-C3,OP-027,Night,2026-03-27 15:26:53,AOI,39.3,24041,960.2,3.2,0.995,-86.1,0.2923,12.1,0.6978,0.0316,792.6,46.1,None,None,Pass,OK,12.1,12.1,12.19,66.13,0.0,20.28,66.25,0.0,False,False
GLS-2026-0031698,LOT-2026-W08-C,CG-Model-C,RGB-8861,LINE-01,CNC-04,TOOL-08,FIX-C3,OP-006,Swing,2026-03-27 16:02:58,AOI,31.5,24667,918.8,2.98,0.877,-82.4,0.3014,0.0,0.7016,0.0295,807.3,47.0,None,None,Pass,OK,0.0,12.1,12.19,66.13,0.0,20.28,66.25,0.0,False,False
GLS-2026-0049383,LOT-2026-W08-C,CG-Model-C,RGB-9276,LINE-01,CNC-04,TOOL-22,FIX-C3,OP-023,Night,2026-03-27 16:31:19,AOI,63.0,24095,856.5,3.15,0.882,-77.3,0.3021,10.7,0.6982,0.0509,781.3,42.7,None,None,Pass,OK,10.7,10.7,12.19,66.13,0.0,20.28,66.25,0.0,False,False
GLS-2026-0045999,LOT-2026-W08-C,CG-Model-A,RGB-8990,LINE-01,CNC-04,TOOL-16,FIX-B1,OP-024,Day,2026-03-27 16:56:37,AOI,23.6,24111,876.7,3.08,0.912,-82.1,0.278,0.0,0.6939,0.0168,792.2,42.0,None,None,Pass,OK,0.0,10.7,12.19,66.13,0.0,20.28,66.25,0.0,False,False
GLS-2026-0010347,LOT-2026-W08-C,CG-Model-B,RGB-9987,LINE-01,CNC-04,TOOL-14,FIX-C3,OP-012,Night,2026-03-27 17:09:36,AOI,84.9,23754,921.6,3.38,0.948,-85.6,0.3161,18.9,0.6987,0.0457,781.7,46.4,None,None,Pass,OK,18.9,18.9,12.19,66.13,0.0,20.28,66.25,0.0,False,False
GLS-2026-0025019,LOT-2026-W08-C,CG-Model-A,RGB-9410,LINE-01,CNC-04,TOOL-12,FIX-B2,OP-024,Day,2026-03-27 17:11:51,AOI,70.2,24071,822.2,2.99,0.95,-80.9,0.3247,0.0,0.7015,0.0355,799.0,47.9,None,None,Pass,OK,0.0,18.9,12.19,66.13,0.0,20.28,66.25,0.0,False,False
GLS-2026-0017142,LOT-2026-W08-C,CG-Model-A,RGB-9435,LINE-01,CNC-04,TOOL-20,FIX-B1,OP-006,Day,2026-03-27 17:37:21,AOI,82.7,23726,871.2,3.13,0.935,-84.2,0.3081,68.8,0.6961,0.032,760.2,45.4,None,None,Pass,OK,68.8,68.8,12.19,66.13,0.0,20.28,66.25,0.0,True,True
GLS-2026-0044713,LOT-2026-W08-C,CG-Model-B,RGB-8649,LINE-02,CNC-04,TOOL-12,FIX-C1,OP-014,Day,2026-03-27 17:41:49,AOI,63.7,24670,846.4,3.3,0.969,-83.0,0.2987,12.0,0.7026,0.0254,786.5,46.3,None,None,Pass,OK,12.0,56.8,12.19,66.13,0.0,20.28,66.25,0.0,False,False
GLS-2026-0003310,LOT-2026-W08-C,CG-Model-A,RGB-8950,LINE-02,CNC-04,TOOL-12,FIX-A2,OP-017,Day,2026-03-27 17:46:02,AOI,44.7,23815,856.8,3.02,0.917,-83.1,0.2938,12.8,0.6939,0.0279,796.2,43.4,None,None,Pass,OK,12.8,0.8000000000000007,12.19,66.13,0.0,20.28,66.25,0.0,False,False
GLS-2026-0047200,LOT-2026-W08-C,CG-Model-C,RGB-9024,LINE-01,CNC-04,TOOL-17,FIX-C2,OP-003,Day,2026-03-27 17:49:33,AOI,85.1,23834,891.3,3.02,0.947,-76.8,0.31,95.0,0.7015,0.0218,780.4,45.0,Edge_Chipping,Speaker_Slot,Fail,NG,95.0,82.2,12.19,66.13,0.0,20.28,66.25,0.0,True,True
GLS-2026-0033470,LOT-2026-W08-C,CG-Model-B,RGB-8560,LINE-01,CNC-04,TOOL-14,FIX-B2,OP-021,Swing,2026-03-27 17:49:41,AOI,19.0,24291,858.1,3.08,0.91,-81.7,0.2959,0.0,0.6997,0.0259,776.6,49.9,None,None,Pass,OK,0.0,95.0,12.19,66.13,0.0,20.28,66.25,0.0,False,True
GLS-2026-0015819,LOT-2026-W08-C,CG-Model-A,RGB-8871,LINE-01,CNC-04,TOOL-17,FIX-A1,OP-012,Day,2026-03-27 17:58:24,AOI,48.5,23020,834.9,2.98,0.869,-85.7,0.302,0.0,0.7003,0.0016,792.2,43.4,None,None,Pass,OK,0.0,0.0,12.19,66.13,0.0,20.28,66.25,0.0,False,False
GLS-2026-0026145,LOT-2026-W08-C,CG-Model-A,RGB-9047,LINE-02,CNC-04,TOOL-12,FIX-A3,OP-005,Day,2026-03-27 18:16:36,AOI,19.7,24172,780.1,3.18,1.0,-82.5,0.2826,0.0,0.7055,0.038,782.2,41.5,None,None,Pass,OK,0.0,0.0,12.19,66.13,0.0,20.28,66.25,0.0,False,False
GLS-2026-0039239,LOT-2026-W08-C,CG-Model-B,RGB-8320,LINE-01,CNC-04,TOOL-14,FIX-C1,OP-009,Night,2026-03-27 18:40:04,AOI,40.6,23374,849.8,3.22,0.898,-82.1,0.2875,18.3,0.7023,0.0403,774.3,46.6,None,None,Pass,OK,18.3,18.3,12.19,66.13,0.0,20.28,66.25,0.0,False,False
GLS-2026-0016241,LOT-2026-W08-C,CG-Model-C,RGB-8982,LINE-02,CNC-04,TOOL-22,FIX-C1,OP-017,Night,2026-03-27 18:45:12,AOI,48.3,23826,824.5,3.13,1.0,-80.4,0.302,11.9,0.7037,0.0444,798.9,43.2,None,None,Pass,OK,11.9,6.4,12.19,66.13,0.0,20.28,66.25,0.0,False,False
GLS-2026-0014116,LOT-2026-W08-C,CG-Model-A,RGB-8420,LINE-01,CNC-04,TOOL-06,FIX-A3,OP-023,Swing,2026-03-27 18:52:31,AOI,33.9,23998,898.9,3.11,0.98,-82.7,0.2923,0.0,0.7083,0.0383,775.3,50.4,None,None,Pass,OK,0.0,11.9,12.19,66.13,0.0,20.28,66.25,0.0,False,False
GLS-2026-0043183,LOT-2026-W08-C,CG-Model-B,RGB-9290,LINE-01,CNC-04,TOOL-10,FIX-C2,OP-002,Swing,2026-03-27 19:18:55,AOI,49.6,23523,865.0,3.26,0.954,-87.8,0.3034,0.0,0.7056,0.0188,776.2,43.2,None,None,Pass,OK,0.0,0.0,12.19,66.13,0.0,20.28,66.25,0.0,False,False
GLS-2026-0047008,LOT-2026-W08-C,CG-Model-C,RGB-8705,LINE-01,CNC-04,TOOL-01,FIX-B3,OP-016,Swing,2026-03-27 19:23:47,AOI,17.0,23914,788.0,3.38,0.988,-79.0,0.2879,0.0,0.6934,0.0185,791.8,46.3,None,None,Pass,OK,0.0,0.0,12.19,66.13,0.0,20.28,66.25,0.0,False,False
GLS-2026-0044267,LOT-2026-W08-C,CG-Model-C,RGB-8634,LINE-01,CNC-04,TOOL-11,FIX-C1,OP-004,Day,2026-03-27 19:24:48,AOI,88.6,24343,868.1,3.37,0.938,-76.7,0.3096,52.4,0.698,0.0248,769.6,46.5,None,None,Pass,OK,52.4,52.4,12.19,66.13,0.0,20.28,66.25,0.0,False,False
GLS-2026-0040530,LOT-2026-W08-C,CG-Model-B,RGB-9066,LINE-02,CNC-04,TOOL-09,FIX-B2,OP-012,Swing,2026-03-27 20:11:56,AOI,69.0,23954,847.2,3.12,0.938,-73.1,0.3269,12.6,0.6963,0.0367,795.5,46.4,None,None,Pass,OK,12.6,39.8,12.19,66.13,0.0,20.28,66.25,0.0,False,False
GLS-2026-0024691,LOT-2026-W08-C,CG-Model-A,RGB-8952,LINE-01,CNC-04,TOOL-13,FIX-C2,OP-003,Day,2026-03-27 20:14:44,AOI,42.0,24384,762.8,3.02,0.97,-89.6,0.3067,0.0,0.6977,0.0082,806.3,49.4,None,None,Pass,OK,0.0,12.6,12.19,66.13,0.0,20.28,66.25,0.0,False,False
GLS-2026-0046010,LOT-2026-W08-C,CG-Model-B,RGB-9738,LINE-02,CNC-04,TOOL-04,FIX-A2,OP-007,Night,2026-03-27 20:19:56,AOI,57.5,24212,903.2,3.03,0.872,-77.7,0.2979,0.0,0.7017,0.0172,767.1,45.0,None,None,Pass,OK,0.0,0.0,12.19,66.13,0.0,20.28,66.25,0.0,False,False
GLS-2026-0033992,LOT-2026-W08-C,CG-Model-A,RGB-9675,LINE-01,CNC-04,TOOL-02,FIX-C1,OP-004,Swing,2026-03-27 20:24:04,AOI,85.4,23796,818.4,3.29,0.918,-84.5,0.3186,162.9,0.7043,0.0133,791.7,46.5,Edge_Chipping,Speaker_Slot,Fail,NG,162.9,162.9,12.19,66.13,0.0,20.28,66.25,0.0,True,True
GLS-2026-0002918,LOT-2026-W08-C,CG-Model-B,RGB-9626,LINE-02,CNC-04,TOOL-24,FIX-C3,OP-009,Swing,2026-03-27 20:24:20,AOI,75.7,23763,797.1,3.34,1.0,-76.1,0.3127,0.0,0.6978,0.0261,766.9,47.1,None,None,Pass,OK,0.0,162.9,12.19,66.13,0.0,20.28,66.25,0.0,False,True
GLS-2026-0013074,LOT-2026-W08-C,CG-Model-B,RGB-8962,LINE-02,CNC-04,TOOL-05,FIX-C2,OP-013,Day,2026-03-27 20:35:28,AOI,55.2,24141,908.7,3.27,1.0,-80.7,0.3018,0.0,0.703,0.03,803.3,46.5,None,None,Pass,OK,0.0,0.0,12.19,66.13,0.0,20.28,66.25,0.0,False,False
GLS-2026-0030820,LOT-2026-W08-C,CG-Model-A,RGB-9432,LINE-02,CNC-04,TOOL-14,FIX-C2,OP-029,Day,2026-03-27 21:02:32,AOI,26.7,23682,947.4,2.84,0.922,-80.0,0.2938,7.8,0.6998,0.0278,798.3,46.8,None,None,Pass,OK,7.8,7.8,12.19,66.13,0.0,20.28,66.25,0.0,False,False
GLS-2026-0006483,LOT-2026-W08-C,CG-Model-B,RGB-9641,LINE-02,CNC-04,TOOL-09,FIX-A1,OP-005,Day,2026-03-27 21:05:07,AOI,49.6,23998,828.1,2.93,0.882,-82.4,0.2951,0.0,0.6998,0.0319,773.0,44.9,None,None,Pass,OK,0.0,7.8,12.19,66.13,0.0,20.28,66.25,0.0,False,False
GLS-2026-0035504,LOT-2026-W08-C,CG-Model-B,RGB-8794,LINE-02,CNC-04,TOOL-01,FIX-B1,OP-008,Swing,2026-03-27 21:05:16,AOI,68.3,23761,823.4,2.95,0.871,-85.2,0.297,0.0,0.7045,0.0019,783.5,45.9,None,None,Pass,OK,0.0,0.0,12.19,66.13,0.0,20.28,66.25,0.0,False,False
GLS-2026-0023931,LOT-2026-W08-C,CG-Model-C,RGB-8224,LINE-01,CNC-04,TOOL-09,FIX-A1,OP-006,Day,2026-03-27 21:11:41,AOI,84.8,23764,881.1,3.3,0.925,-86.1,0.3226,30.4,0.6998,0.0102,758.5,46.8,None,None,Pass,OK,30.4,30.4,12.19,66.13,0.0,20.28,66.25,0.0,False,False
GLS-2026-0040815,LOT-2026-W08-C,CG-Model-B,RGB-8792,LINE-02,CNC-04,TOOL-18,FIX-B2,OP-005,Day,2026-03-27 21:11:48,AOI,75.4,23866,873.7,3.19,0.947,-81.5,0.3153,16.2,0.6963,0.0122,778.3,47.9,None,None,Pass,OK,16.2,14.2,12.19,66.13,0.0,20.28,66.25,0.0,False,False
GLS-2026-0015190,LOT-2026-W08-C,CG-Model-B,RGB-9931,LINE-02,CNC-04,TOOL-05,FIX-A2,OP-029,Day,2026-03-27 21:22:21,AOI,69.8,24264,872.9,3.06,1.0,-81.7,0.3086,0.0,0.6989,0.0351,809.2,44.8,None,None,Pass,OK,0.0,16.2,12.19,66.13,0.0,20.28,66.25,0.0,False,False
GLS-2026-0002397,LOT-2026-W08-C,CG-Model-B,RGB-9089,LINE-01,CNC-04,TOOL-07,FIX-C3,OP-009,Night,2026-03-27 21:38:21,AOI,36.4,23819,785.7,3.04,1.0,-84.9,0.288,0.0,0.6997,0.0237,772.9,46.0,None,None,Pass,OK,0.0,0.0,12.19,66.13,0.0,20.28,66.25,0.0,False,False
GLS-2026-0004911,LOT-2026-W08-C,CG-Model-B,RGB-8641,LINE-01,CNC-04,TOOL-24,FIX-B2,OP-029,Day,2026-03-27 21:48:13,AOI,64.6,24156,826.1,3.3,0.928,-81.9,0.3134,6.7,0.7002,0.0432,766.9,48.2,None,None,Pass,OK,6.7,6.7,12.19,66.13,0.0,20.28,66.25,0.0,False,False
GLS-2026-0020887,LOT-2026-W08-C,CG-Model-B,RGB-9860,LINE-01,CNC-04,TOOL-15,FIX-C2,OP-013,Day,2026-03-27 21:52:09,AOI,58.5,24080,785.3,3.12,0.971,-78.5,0.3009,0.0,0.6945,0.0225,785.8,47.2,None,None,Pass,OK,0.0,6.7,12.19,66.13,0.0,20.28,66.25,0.0,False,False
GLS-2026-0023361,LOT-2026-W08-C,CG-Model-B,RGB-8008,LINE-02,CNC-04,TOOL-22,FIX-A3,OP-007,Swing,2026-03-27 21:55:35,AOI,13.9,23885,907.3,3.07,1.0,-81.8,0.2835,0.0,0.7064,0.011,783.1,44.3,None,None,Pass,OK,0.0,0.0,12.19,66.13,0.0,20.28,66.25,0.0,False,False
GLS-2026-0034552,LOT-2026-W08-C,CG-Model-C,RGB-8045,LINE-02,CNC-04,TOOL-20,FIX-A3,OP-028,Day,2026-03-27 22:06:35,AOI,93.5,24463,813.0,3.2,0.955,-85.4,0.3236,12.7,0.7101,0.0255,785.2,44.9,None,None,Pass,OK,12.7,12.7,12.19,66.13,0.0,20.28,66.25,0.0,False,False
GLS-2026-0014981,LOT-2026-W08-C,CG-Model-B,RGB-8110,LINE-02,CNC-04,TOOL-20,FIX-C3,OP-020,Swing,2026-03-27 22:18:40,AOI,85.7,23872,857.8,3.03,1.0,-79.1,0.3195,46.0,0.7038,0.0343,774.2,47.9,None,None,Pass,OK,46.0,33.3,12.19,66.13,0.0,20.28,66.25,0.0,False,False
GLS-2026-0022828,LOT-2026-W08-C,CG-Model-C,RGB-8821,LINE-01,CNC-04,TOOL-06,FIX-B2,OP-024,Swing,2026-03-27 22:25:13,AOI,54.4,24027,899.5,3.09,0.995,-82.2,0.3166,21.7,0.7029,0.0208,791.7,46.2,None,None,Pass,OK,21.7,24.3,12.19,66.13,0.0,20.28,66.25,0.0,False,False
GLS-2026-0005057,LOT-2026-W08-C,CG-Model-B,RGB-8118,LINE-01,CNC-04,TOOL-06,FIX-A1,OP-001,Day,2026-03-27 22:44:58,AOI,56.1,24448,867.8,3.1,1.0,-85.8,0.3031,0.0,0.6934,0.0209,795.8,49.2,None,None,Pass,OK,0.0,21.7,12.19,66.13,0.0,20.28,66.25,0.0,False,False
GLS-2026-0014135,LOT-2026-W08-C,CG-Model-B,RGB-9538,LINE-01,CNC-04,TOOL-22,FIX-C3,OP-030,Swing,2026-03-27 22:45:29,AOI,18.8,24164,910.0,2.88,0.86,-77.5,0.2972,0.0,0.6974,0.0379,780.7,47.1,None,None,Pass,OK,0.0,0.0,12.19,66.13,0.0,20.28,66.25,0.0,False,False
GLS-2026-0032801,LOT-2026-W08-C,CG-Model-C,RGB-9286,LINE-02,CNC-04,TOOL-18,FIX-C1,OP-021,Swing,2026-03-27 22:47:49,AOI,39.2,23939,824.3,3.31,0.993,-78.3,0.2996,0.0,0.7011,0.0265,771.8,46.4,None,None,Pass,OK,0.0,0.0,12.19,66.13,0.0,20.28,66.25,0.0,False,False
GLS-2026-0034843,LOT-2026-W08-C,CG-Model-B,RGB-8061,LINE-01,CNC-04,TOOL-13,FIX-A2,OP-001,Swing,2026-03-27 23:02:07,AOI,52.8,24266,893.4,2.92,0.964,-77.9,0.3002,0.0,0.694,0.0323,775.7,48.8,None,None,Pass,OK,0.0,0.0,12.19,66.13,0.0,20.28,66.25,0.0,False,False
GLS-2026-0024505,LOT-2026-W08-C,CG-Model-B,RGB-9619,LINE-02,CNC-04,TOOL-23,FIX-B1,OP-025,Swing,2026-03-27 23:08:44,AOI,72.1,23177,861.6,3.25,0.911,-86.2,0.3214,0.0,0.6906,0.0197,778.0,46.1,None,None,Pass,OK,0.0,0.0,12.19,66.13,0.0,20.28,66.25,0.0,False,False
GLS-2026-0021912,LOT-2026-W08-C,CG-Model-A,RGB-9760,LINE-01,CNC-04,TOOL-23,FIX-B3,OP-012,Day,2026-03-27 23:09:44,AOI,52.9,24072,900.5,3.14,0.965,-74.7,0.3042,24.6,0.6984,0.018,811.5,47.3,None,None,Pass,OK,24.6,24.6,12.19,66.13,0.0,20.28,66.25,0.0,False,False
GLS-2026-0000383,LOT-2026-W08-C,CG-Model-A,RGB-8848,LINE-01,CNC-04,TOOL-07,FIX-B1,OP-001,Day,2026-03-27 23:14:31,AOI,17.3,23927,771.2,2.82,0.878,-83.0,0.2851,0.0,0.6982,0.0256,791.4,44.2,None,None,Pass,OK,0.0,24.6,12.19,66.13,0.0,20.28,66.25,0.0,False,False
GLS-2026-0031009,LOT-2026-W08-C,CG-Model-A,RGB-8263,LINE-02,CNC-04,TOOL-14,FIX-A3,OP-028,Day,2026-03-27 23:16:42,AOI,71.5,24349,806.8,2.98,0.884,-80.4,0.3168,10.6,0.7008,0.0205,809.4,48.5,None,None,Pass,OK,10.6,10.6,12.19,66.13,0.0,20.28,66.25,0.0,False,False
GLS-2026-0027896,LOT-2026-W08-C,CG-Model-B,RGB-9182,LINE-01,CNC-04,TOOL-18,FIX-A1,OP-027,Swing,2026-03-27 23:19:50,AOI,28.7,24010,822.4,3.08,0.952,-82.9,0.2772,0.0,0.6989,0.0321,766.1,46.0,None,None,Pass,OK,0.0,10.6,12.19,66.13,0.0,20.28,66.25,0.0,False,False
GLS-2026-0032044,LOT-2026-W08-C,CG-Model-B,RGB-9225,LINE-01,CNC-04,TOOL-09,FIX-C3,OP-015,Day,2026-03-27 23:34:14,AOI,38.8,23954,882.7,3.16,1.0,-84.0,0.2946,0.0,0.7005,0.0399,782.5,47.5,None,None,Pass,OK,0.0,0.0,12.19,66.13,0.0,20.28,66.25,0.0,False,False
GLS-2026-0049515,LOT-2026-W08-C,CG-Model-B,RGB-8887,LINE-01,CNC-04,TOOL-24,FIX-C3,OP-022,Swing,2026-03-27 23:56:15,AOI,58.5,24074,869.3,3.02,0.89,-75.0,0.3124,0.0,0.688,0.021,794.1,48.8,None,None,Pass,OK,0.0,0.0,12.19,66.13,0.0,20.28,66.25,0.0,False,False
GLS-2026-0011332,LOT-2026-W08-C,CG-Model-B,RGB-9268,LINE-01,CNC-04,TOOL-14,FIX-C1,OP-021,Day,2026-03-27 23:58:13,AOI,69.6,23943,882.2,3.23,0.998,-78.1,0.3033,19.3,0.7049,0.0282,790.5,44.4,None,None,Pass,OK,19.3,19.3,12.19,66.13,0.0,20.28,66.25,0.0,False,False
GLS-2026-0025316,LOT-2026-W08-C,CG-Model-C,RGB-8790,LINE-02,CNC-04,TOOL-24,FIX-B3,OP-027,Day,2026-03-28 00:00:00,AOI,38.5,23894,851.5,3.24,0.972,-82.8,0.2821,0.0,0.7039,0.0335,806.1,41.8,None,None,Pass,OK,0.0,19.3,12.19,66.13,0.0,20.28,66.25,0.0,False,False
GLS-2026-0031676,LOT-2026-W08-C,CG-Model-A,RGB-9700,LINE-01,CNC-04,TOOL-23,FIX-C3,OP-017,Swing,2026-03-28 00:04:32,AOI,54.5,24372,855.8,3.14,0.966,-76.7,0.3043,0.0,0.699,0.0369,786.7,44.8,None,None,Pass,OK,0.0,0.0,12.19,66.13,0.0,20.28,66.25,0.0,False,False
GLS-2026-0026973,LOT-2026-W08-C,CG-Model-B,RGB-8097,LINE-02,CNC-04,TOOL-19,FIX-C1,OP-002,Night,2026-03-28 00:10:19,AOI,68.0,23794,831.9,3.16,0.886,-81.9,0.2971,17.3,0.6967,0.0273,777.0,49.7,None,None,Pass,OK,17.3,17.3,12.19,66.13,0.0,20.28,66.25,0.0,False,False
GLS-2026-0020380,LOT-2026-W08-C,CG-Model-B,RGB-9849,LINE-01,CNC-04,TOOL-11,FIX-C3,OP-019,Night,2026-03-28 00:25:31,AOI,75.5,23975,853.0,3.15,1.0,-82.9,0.2953,10.5,0.6987,0.0378,775.0,43.6,None,None,Pass,OK,10.5,6.800000000000001,12.19,66.13,0.0,20.28,66.25,0.0,False,False
GLS-2026-0027807,LOT-2026-W08-C,CG-Model-A,RGB-9615,LINE-01,CNC-04,TOOL-07,FIX-C3,OP-026,Day,2026-03-28 00:29:52,AOI,22.7,23930,835.8,3.19,0.952,-82.0,0.2855,0.0,0.6954,0.0336,797.8,44.2,None,None,Pass,OK,0.0,10.5,12.19,66.13,0.0,20.28,66.25,0.0,False,False
GLS-2026-0016441,LOT-2026-W08-C,CG-Model-C,RGB-8773,LINE-02,CNC-04,TOOL-15,FIX-C2,OP-003,Night,2026-03-28 00:38:15,AOI,24.1,24034,926.9,3.28,0.973,-82.8,0.3065,23.7,0.697,0.0216,784.6,46.1,None,None,Pass,OK,23.7,23.7,12.19,66.13,0.0,20.28,66.25,0.0,False,False
GLS-2026-0017074,LOT-2026-W08-C,CG-Model-B,RGB-8532,LINE-02,CNC-04,TOOL-01,FIX-C3,OP-002,Day,2026-03-28 00:53:45,AOI,63.9,23843,847.4,3.08,0.949,-83.6,0.3158,0.0,0.7032,0.0339,761.4,41.2,None,None,Pass,OK,0.0,23.7,12.19,66.13,0.0,20.28,66.25,0.0,False,False
GLS-2026-0034435,LOT-2026-W08-C,CG-Model-C,RGB-9465,LINE-02,CNC-04,TOOL-12,FIX-A2,OP-022,Day,2026-03-28 01:01:17,AOI,70.0,23722,865.2,3.12,0.963,-80.8,0.3027,0.0,0.6982,0.0327,785.4,46.1,None,None,Pass,OK,0.0,0.0,12.19,66.13,0.0,20.28,66.25,0.0,False,False
GLS-2026-0024826,LOT-2026-W08-C,CG-Model-C,RGB-9477,LINE-01,CNC-04,TOOL-23,FIX-C3,OP-007,Day,2026-03-28 01:05:12,AOI,67.7,24879,853.4,3.13,0.992,-86.2,0.3032,0.0,0.6922,0.0225,798.5,43.9,None,None,Pass,OK,0.0,0.0,12.19,66.13,0.0,20.28,66.25,0.0,False,False
GLS-2026-0019256,LOT-2026-W08-C,CG-Model-C,RGB-8771,LINE-02,CNC-04,TOOL-18,FIX-B2,OP-005,Night,2026-03-28 01:22:46,AOI,45.0,23875,850.4,2.83,0.82,-77.1,0.3028,29.4,0.7015,0.0367,805.4,48.4,None,None,Pass,OK,29.4,29.4,12.19,66.13,0.0,20.28,66.25,0.0,False,False
GLS-2026-0037597,LOT-2026-W08-C,CG-Model-C,RGB-8259,LINE-02,CNC-04,TOOL-06,FIX-C2,OP-010,Swing,2026-03-28 02:09:18,AOI,63.8,24331,865.7,2.99,0.909,-83.7,0.2859,0.0,0.7024,0.0157,801.3,48.8,None,None,Pass,OK,0.0,29.4,12.19,66.13,0.0,20.28,66.25,0.0,False,False
GLS-2026-0005108,LOT-2026-W08-C,CG-Model-B,RGB-9410,LINE-02,CNC-04,TOOL-20,FIX-C3,OP-008,Swing,2026-03-28 02:24:08,AOI,66.8,23803,794.6,3.04,0.903,-81.8,0.3105,0.0,0.698,0.0339,784.8,42.4,None,None,Pass,OK,0.0,0.0,12.19,66.13,0.0,20.28,66.25,0.0,False,False
GLS-2026-0002028,LOT-2026-W08-C,CG-Model-B,RGB-9119,LINE-02,CNC-04,TOOL-09,FIX-C3,OP-015,Day,2026-03-28 02:29:06,AOI,47.2,24708,858.9,3.18,0.994,-83.7,0.3039,7.0,0.6965,0.0421,774.1,45.9,None,None,Pass,OK,7.0,7.0,12.19,66.13,0.0,20.28,66.25,0.0,False,False
GLS-2026-0041365,LOT-2026-W08-C,CG-Model-A,RGB-9911,LINE-02,CNC-04,TOOL-18,FIX-C1,OP-021,Day,2026-03-28 02:57:48,AOI,35.5,23973,835.4,3.04,0.964,-77.1,0.2873,14.3,0.6998,0.0265,769.1,44.2,None,None,Pass,OK,14.3,7.300000000000001,12.19,66.13,0.0,20.28,66.25,0.0,False,False
GLS-2026-0046538,LOT-2026-W08-C,CG-Model-C,RGB-9191,LINE-02,CNC-04,TOOL-15,FIX-A1,OP-002,Night,2026-03-28 03:13:52,AOI,44.1,24325,794.0,2.94,0.827,-85.9,0.3137,0.0,0.6997,0.0056,787.5,47.3,None,None,Pass,OK,0.0,14.3,12.19,66.13,0.0,20.28,66.25,0.0,False,False
GLS-2026-0010853,LOT-2026-W08-C,CG-Model-C,RGB-9519,LINE-02,CNC-04,TOOL-24,FIX-C2,OP-005,Day,2026-03-28 03:18:11,AOI,42.1,23877,835.3,3.12,1.0,-80.1,0.304,0.0,0.7002,0.0223,788.7,44.9,None,None,Pass,OK,0.0,0.0,12.19,66.13,0.0,20.28,66.25,0.0,False,False
GLS-2026-0038742,LOT-2026-W08-C,CG-Model-B,RGB-8479,LINE-01,CNC-04,TOOL-05,FIX-C2,OP-010,Night,2026-03-28 03:33:01,AOI,46.6,23543,891.3,2.97,0.875,-80.5,0.2955,0.0,0.702,0.0393,784.8,50.5,None,None,Pass,OK,0.0,0.0,12.19,66.13,0.0,20.28,66.25,0.0,False,False
GLS-2026-0017601,LOT-2026-W08-C,CG-Model-B,RGB-9272,LINE-01,CNC-04,TOOL-20,FIX-C3,OP-013,Night,2026-03-28 03:46:37,AOI,81.1,24433,865.2,3.19,1.0,-77.4,0.3111,12.1,0.6968,0.0397,788.9,48.2,None,None,Pass,OK,12.1,12.1,12.19,66.13,0.0,20.28,66.25,0.0,False,False
GLS-2026-0008242,LOT-2026-W08-C,CG-Model-A,RGB-9757,LINE-02,CNC-04,TOOL-24,FIX-A2,OP-002,Night,2026-03-28 03:51:15,AOI,80.1,24024,806.8,3.24,0.993,-84.9,0.3212,0.0,0.7051,0.0353,778.6,47.7,None,None,Pass,OK,0.0,12.1,12.19,66.13,0.0,20.28,66.25,0.0,False,False
GLS-2026-0036772,LOT-2026-W08-C,CG-Model-B,RGB-9559,LINE-02,CNC-04,TOOL-13,FIX-B3,OP-030,Day,2026-03-28 03:55:55,AOI,71.4,24411,825.8,3.36,0.959,-83.6,0.3192,0.0,0.6904,0.02,793.5,47.4,None,None,Pass,OK,0.0,0.0,12.19,66.13,0.0,20.28,66.25,0.0,False,False
GLS-2026-0037553,LOT-2026-W08-C,CG-Model-B,RGB-9716,LINE-02,CNC-04,TOOL-18,FIX-A2,OP-019,Swing,2026-03-28 04:10:58,AOI,55.4,24023,872.8,3.1,0.986,-81.7,0.3225,0.0,0.7057,0.0385,775.6,43.3,None,None,Pass,OK,0.0,0.0,12.19,66.13,0.0,20.28,66.25,0.0,False,False
GLS-2026-0018849,LOT-2026-W08-C,CG-Model-B,RGB-9946,LINE-01,CNC-04,TOOL-11,FIX-B3,OP-026,Night,2026-03-28 04:21:04,AOI,60.1,23851,861.1,3.17,0.92,-80.7,0.2834,0.0,0.6992,0.0334,794.0,48.2,None,None,Pass,OK,0.0,0.0,12.19,66.13,0.0,20.28,66.25,0.0,False,False
GLS-2026-0043501,LOT-2026-W08-C,CG-Model-A,RGB-9831,LINE-02,CNC-04,TOOL-21,FIX-A2,OP-022,Swing,2026-03-28 04:31:18,AOI,85.5,23795,904.9,3.2,0.983,-85.1,0.322,52.7,0.7083,0.014,801.0,48.0,None,None,Pass,OK,52.7,52.7,12.19,66.13,0.0,20.28,66.25,0.0,False,False
GLS-2026-0010079,LOT-2026-W08-C,CG-Model-B,RGB-8874,LINE-02,CNC-04,TOOL-03,FIX-B2,OP-008,Swing,2026-03-28 04:39:06,AOI,89.9,23747,870.2,2.94,0.899,-77.3,0.3297,77.0,0.7046,0.0264,783.2,44.9,None,None,Pass,OK,77.0,24.299999999999997,12.19,66.13,0.0,20.28,66.25,0.0,True,False
GLS-2026-0023798,LOT-2026-W08-C,CG-Model-B,RGB-8342,LINE-01,CNC-04,TOOL-08,FIX-C1,OP-005,Day,2026-03-28 05:00:02,AOI,41.7,24047,855.6,3.25,0.925,-77.8,0.313,0.0,0.7013,0.0127,800.1,44.4,None,None,Pass,OK,0.0,77.0,12.19,66.13,0.0,20.28,66.25,0.0,False,True
GLS-2026-0041603,LOT-2026-W08-C,CG-Model-A,RGB-9825,LINE-01,CNC-04,TOOL-15,FIX-A3,OP-017,Day,2026-03-28 05:04:29,AOI,53.2,24283,848.6,3.03,0.954,-80.0,0.3033,0.0,0.6994,0.024,814.1,44.0,None,None,Pass,OK,0.0,0.0,12.19,66.13,0.0,20.28,66.25,0.0,False,False
GLS-2026-0016819,LOT-2026-W08-C,CG-Model-C,RGB-8755,LINE-02,CNC-04,TOOL-08,FIX-C3,OP-027,Day,2026-03-28 05:05:52,AOI,89.6,24017,905.9,3.23,1.0,-78.9,0.3073,15.2,0.6951,0.0217,777.4,47.8,None,None,Pass,OK,15.2,15.2,12.19,66.13,0.0,20.28,66.25,0.0,False,False
GLS-2026-0012625,LOT-2026-W08-C,CG-Model-B,RGB-9631,LINE-01,CNC-04,TOOL-17,FIX-A3,OP-024,Swing,2026-03-28 05:13:41,AOI,62.2,24025,882.8,3.11,0.899,-81.6,0.2936,0.0,0.7022,0.0272,798.2,44.0,Particle,Surface,Fail,NG,0.0,15.2,12.19,66.13,0.0,20.28,66.25,0.0,False,False
GLS-2026-0028559,LOT-2026-W08-C,CG-Model-A,RGB-9126,LINE-02,CNC-04,TOOL-15,FIX-C3,OP-012,Swing,2026-03-28 05:15:14,AOI,67.5,24339,834.2,3.34,1.0,-82.1,0.3132,0.0,0.7046,0.0243,788.9,45.8,None,None,Pass,OK,0.0,0.0,12.19,66.13,0.0,20.28,66.25,0.0,False,False
GLS-2026-0020686,LOT-2026-W08-C,CG-Model-B,RGB-8216,LINE-01,CNC-04,TOOL-06,FIX-C1,OP-023,Night,2026-03-28 05:30:51,AOI,67.6,24062,880.7,3.18,1.0,-83.4,0.3229,0.0,0.691,0.0221,782.3,43.9,None,None,Pass,OK,0.0,0.0,12.19,66.13,0.0,20.28,66.25,0.0,False,False
GLS-2026-0016103,LOT-2026-W08-C,CG-Model-B,RGB-8129,LINE-02,CNC-04,TOOL-17,FIX-A1,OP-023,Day,2026-03-28 05:33:46,AOI,20.1,23919,850.8,3.04,0.971,-78.5,0.2941,0.0,0.7038,0.0174,785.5,46.8,None,None,Pass,OK,0.0,0.0,12.19,66.13,0.0,20.28,66.25,0.0,False,False
GLS-2026-0007376,LOT-2026-W08-C,CG-Model-B,RGB-8584,LINE-01,CNC-04,TOOL-03,FIX-B3,OP-028,Swing,2026-03-28 05:34:55,AOI,64.5,24488,894.1,3.16,1.0,-86.5,0.3065,0.0,0.6943,0.0195,795.4,43.0,None,None,Pass,OK,0.0,0.0,12.19,66.13,0.0,20.28,66.25,0.0,False,False
GLS-2026-0016213,LOT-2026-W08-C,CG-Model-A,RGB-9239,LINE-02,CNC-04,TOOL-09,FIX-C3,OP-023,Day,2026-03-28 05:37:43,AOI,19.2,23647,838.7,2.98,0.935,-81.1,0.283,8.6,0.6928,0.0284,776.9,47.1,None,None,Pass,OK,8.6,8.6,12.19,66.13,0.0,20.28,66.25,0.0,False,False
GLS-2026-0039752,LOT-2026-W08-C,CG-Model-B,RGB-9269,LINE-02,CNC-04,TOOL-03,FIX-C3,OP-028,Swing,2026-03-28 05:50:12,AOI,73.6,24191,853.7,3.24,0.948,-85.5,0.3113,0.0,0.6975,0.0224,764.5,44.9,None,None,Pass,OK,0.0,8.6,12.19,66.13,0.0,20.28,66.25,0.0,False,False
GLS-2026-0000671,LOT-2026-W08-C,CG-Model-C,RGB-8405,LINE-02,CNC-04,TOOL-04,FIX-C2,OP-005,Swing,2026-03-28 05:53:43,AOI,21.4,24107,806.9,2.93,0.893,-82.5,0.2781,0.0,0.7027,0.0282,794.3,45.8,None,None,Pass,OK,0.0,0.0,12.19,66.13,0.0,20.28,66.25,0.0,False,False
GLS-2026-0004199,LOT-2026-W08-C,CG-Model-B,RGB-9822,LINE-02,CNC-04,TOOL-03,FIX-C2,OP-005,Night,2026-03-28 05:56:04,AOI,50.8,24624,814.0,3.15,0.909,-84.4,0.308,97.5,0.7005,0.0276,758.3,50.1,Edge_Chipping,Edge,Fail,NG,97.5,97.5,12.19,66.13,0.0,20.28,66.25,0.0,True,True
GLS-2026-0044768,LOT-2026-W08-C,CG-Model-A,RGB-8259,LINE-01,CNC-04,TOOL-13,FIX-B2,OP-023,Night,2026-03-28 06:18:37,AOI,62.5,24315,835.7,2.97,0.876,-81.1,0.3119,16.7,0.7008,0.0352,801.9,45.5,None,None,Pass,OK,16.7,80.8,12.19,66.13,0.0,20.28,66.25,0.0,False,True
GLS-2026-0003575,LOT-2026-W08-C,CG-Model-B,RGB-8769,LINE-01,CNC-04,TOOL-23,FIX-B1,OP-026,Day,2026-03-28 06:26:58,AOI,84.4,24097,827.0,3.2,0.935,-80.6,0.3095,36.3,0.7047,0.0308,776.6,48.0,None,None,Pass,OK,36.3,19.599999999999998,12.19,66.13,0.0,20.28,66.25,0.0,False,False
GLS-2026-0048332,LOT-2026-W08-C,CG-Model-A,RGB-8625,LINE-02,CNC-04,TOOL-24,FIX-A3,OP-007,Night,2026-03-28 06:41:28,AOI,33.8,24510,767.6,3.1,0.952,-75.6,0.3064,9.8,0.7073,0.0278,787.0,46.6,None,None,Pass,OK,9.8,26.499999999999996,12.19,66.13,0.0,20.28,66.25,0.0,False,False
GLS-2026-0003840,LOT-2026-W08-C,CG-Model-C,RGB-9810,LINE-01,CNC-04,TOOL-02,FIX-A2,OP-025,Swing,2026-03-28 06:46:57,AOI,68.5,24368,818.9,3.11,0.934,-83.6,0.3183,0.0,0.7027,0.0353,802.3,45.2,None,None,Pass,OK,0.0,9.8,12.19,66.13,0.0,20.28,66.25,0.0,False,False
GLS-2026-0001269,LOT-2026-W08-C,CG-Model-A,RGB-8146,LINE-01,CNC-04,TOOL-15,FIX-C3,OP-030,Day,2026-03-28 06:47:20,AOI,33.0,24340,880.3,3.06,0.99,-76.4,0.2862,12.6,0.6951,0.0235,780.2,48.3,None,None,Pass,OK,12.6,12.6,12.19,66.13,0.0,20.28,66.25,0.0,False,False
GLS-2026-0001934,LOT-2026-W08-C,CG-Model-A,RGB-9897,LINE-02,CNC-04,TOOL-22,FIX-C3,OP-029,Swing,2026-03-28 06:51:43,AOI,26.8,23861,830.9,3.13,1.0,-81.3,0.2909,0.0,0.6961,0.0452,805.7,46.5,None,None,Pass,OK,0.0,12.6,12.19,66.13,0.0,20.28,66.25,0.0,False,False
GLS-2026-0005673,LOT-2026-W08-C,CG-Model-A,RGB-8715,LINE-02,CNC-04,TOOL-22,FIX-C1,OP-012,Day,2026-03-28 06:55:44,AOI,62.1,23817,892.6,3.16,0.937,-79.5,0.2879,0.0,0.7021,0.022,792.5,44.7,None,None,Pass,OK,0.0,0.0,12.19,66.13,0.0,20.28,66.25,0.0,False,False
GLS-2026-0010767,LOT-2026-W08-C,CG-Model-A,RGB-9968,LINE-01,CNC-04,TOOL-21,FIX-C2,OP-002,Day,2026-03-28 06:57:46,AOI,54.9,23950,874.4,3.34,0.92,-80.8,0.2963,0.0,0.7037,0.0359,772.9,46.8,None,None,Pass,OK,0.0,0.0,12.19,66.13,0.0,20.28,66.25,0.0,False,False
GLS-2026-0030455,LOT-2026-W08-C,CG-Model-B,RGB-9247,LINE-02,CNC-04,TOOL-13,FIX-C3,OP-014,Night,2026-03-28 07:08:14,AOI,94.2,23512,916.2,2.96,0.957,-77.7,0.3168,14.2,0.6987,0.0298,782.3,46.1,None,None,Pass,OK,14.2,14.2,12.19,66.13,0.0,20.28,66.25,0.0,False,False
GLS-2026-0008116,LOT-2026-W08-C,CG-Model-A,RGB-9338,LINE-02,CNC-04,TOOL-21,FIX-B3,OP-020,Swing,2026-03-28 07:09:39,AOI,32.3,23962,837.5,3.36,0.934,-85.2,0.2939,0.0,0.6975,0.0309,774.1,45.2,None,None,Pass,OK,0.0,14.2,12.19,66.13,0.0,20.28,66.25,0.0,False,False
GLS-2026-0013699,LOT-2026-W08-C,CG-Model-A,RGB-8676,LINE-01,CNC-04,TOOL-07,FIX-A1,OP-019,Night,2026-03-28 07:16:24,AOI,29.6,24240,910.8,3.14,0.999,-81.3,0.3058,20.4,0.7042,0.0125,811.9,47.4,None,None,Pass,OK,20.4,20.4,12.19,66.13,0.0,20.28,66.25,0.0,False,False
GLS-2026-0030014,LOT-2026-W08-C,CG-Model-B,RGB-9406,LINE-01,CNC-04,TOOL-24,FIX-C3,OP-010,Day,2026-03-28 07:23:06,AOI,68.4,23511,843.3,3.01,1.0,-80.6,0.3245,0.0,0.7007,0.0072,772.5,46.0,None,None,Pass,OK,0.0,20.4,12.19,66.13,0.0,20.28,66.25,0.0,False,False
GLS-2026-0030876,LOT-2026-W08-C,CG-Model-C,RGB-8506,LINE-01,CNC-04,TOOL-01,FIX-A2,OP-007,Day,2026-03-28 07:34:09,AOI,50.3,23877,859.0,3.1,0.963,-81.4,0.2957,0.0,0.7015,0.0135,783.0,45.9,None,None,Pass,OK,0.0,0.0,12.19,66.13,0.0,20.28,66.25,0.0,False,False
GLS-2026-0028446,LOT-2026-W08-C,CG-Model-A,RGB-9863,LINE-02,CNC-04,TOOL-10,FIX-B1,OP-018,Day,2026-03-28 07:47:11,AOI,13.0,24195,849.7,3.28,0.927,-76.4,0.2996,0.0,0.693,0.0329,789.8,49.2,None,None,Pass,OK,0.0,0.0,12.19,66.13,0.0,20.28,66.25,0.0,False,False
GLS-2026-0046913,LOT-2026-W08-C,CG-Model-A,RGB-8802,LINE-01,CNC-04,TOOL-20,FIX-B2,OP-011,Night,2026-03-28 07:48:47,AOI,38.2,23355,796.5,2.99,0.852,-76.2,0.3093,31.7,0.6993,0.0389,797.5,47.2,None,None,Pass,OK,31.7,31.7,12.19,66.13,0.0,20.28,66.25,0.0,False,False
GLS-2026-0027312,LOT-2026-W08-C,CG-Model-A,RGB-8953,LINE-01,CNC-04,TOOL-12,FIX-C2,OP-020,Night,2026-03-28 07:53:28,AOI,65.2,23806,896.6,3.06,0.996,-83.1,0.2975,11.3,0.6972,0.0321,808.5,46.2,None,None,Pass,OK,11.3,20.4,12.19,66.13,0.0,20.28,66.25,0.0,False,False
GLS-2026-0011495,LOT-2026-W08-C,CG-Model-A,RGB-9572,LINE-02,CNC-04,TOOL-19,FIX-C3,OP-013,Day,2026-03-28 07:56:15,AOI,78.4,23788,869.0,3.04,0.938,-81.2,0.3162,0.0,0.7029,0.0127,802.2,47.2,None,None,Pass,OK,0.0,11.3,12.19,66.13,0.0,20.28,66.25,0.0,False,False
GLS-2026-0041678,LOT-2026-W08-C,CG-Model-A,RGB-8899,LINE-01,CNC-04,TOOL-02,FIX-A1,OP-022,Day,2026-03-28 08:22:00,AOI,47.6,24352,880.2,3.08,1.0,-80.0,0.2829,0.0,0.6951,0.0185,790.6,47.7,None,None,Pass,OK,0.0,0.0,12.19,66.13,0.0,20.28,66.25,0.0,False,False
GLS-2026-0039474,LOT-2026-W08-C,CG-Model-B,RGB-9827,LINE-01,CNC-04,TOOL-01,FIX-B3,OP-023,Night,2026-03-28 08:35:12,AOI,43.5,23938,867.3,3.03,0.93,-79.2,0.3026,15.8,0.7012,0.0303,792.1,42.9,None,None,Pass,OK,15.8,15.8,12.19,66.13,0.0,20.28,66.25,0.0,False,False
GLS-2026-0025653,LOT-2026-W08-C,CG-Model-A,RGB-9697,LINE-01,CNC-04,TOOL-11,FIX-B2,OP-011,Swing,2026-03-28 08:35:32,AOI,46.7,24067,876.6,3.23,1.0,-77.5,0.3003,25.7,0.6947,0.0375,779.7,48.5,None,None,Pass,OK,25.7,9.899999999999999,12.19,66.13,0.0,20.28,66.25,0.0,False,False
GLS-2026-0014315,LOT-2026-W08-C,CG-Model-B,RGB-8597,LINE-01,CNC-04,TOOL-06,FIX-B1,OP-007,Day,2026-03-28 08:41:54,AOI,30.1,23842,877.9,3.27,0.939,-81.2,0.2964,0.0,0.706,0.0051,788.2,46.4,None,None,Pass,OK,0.0,25.7,12.19,66.13,0.0,20.28,66.25,0.0,False,False
GLS-2026-0011057,LOT-2026-W08-C,CG-Model-A,RGB-9877,LINE-01,CNC-04,TOOL-13,FIX-B1,OP-018,Swing,2026-03-28 08:45:30,AOI,43.1,23287,855.4,3.25,0.964,-87.4,0.2883,0.0,0.6964,0.0233,794.4,44.3,None,None,Pass,OK,0.0,0.0,12.19,66.13,0.0,20.28,66.25,0.0,False,False
GLS-2026-0022972,LOT-2026-W08-C,CG-Model-A,RGB-8279,LINE-02,CNC-04,TOOL-09,FIX-A3,OP-004,Swing,2026-03-28 08:58:25,AOI,25.5,23700,898.2,2.98,0.983,-84.0,0.2825,0.0,0.7094,0.0007,784.9,44.9,None,None,Pass,OK,0.0,0.0,12.19,66.13,0.0,20.28,66.25,0.0,False,False
GLS-2026-0032597,LOT-2026-W08-C,CG-Model-A,RGB-9553,LINE-01,CNC-04,TOOL-14,FIX-A1,OP-030,Swing,2026-03-28 09:11:23,AOI,68.5,24495,872.8,3.19,0.922,-83.8,0.3164,0.0,0.7036,0.0248,795.2,48.9,None,None,Pass,OK,0.0,0.0,12.19,66.13,0.0,20.28,66.25,0.0,False,False
GLS-2026-0001784,LOT-2026-W08-C,CG-Model-B,RGB-8297,LINE-01,CNC-04,TOOL-24,FIX-A1,OP-002,Night,2026-03-28 09:13:06,AOI,81.6,23792,854.0,2.88,0.945,-86.2,0.3005,9.0,0.7069,0.0486,803.3,45.0,None,None,Pass,OK,9.0,9.0,12.19,66.13,0.0,20.28,66.25,0.0,False,False
GLS-2026-0048552,LOT-2026-W08-C,CG-Model-B,RGB-9010,LINE-02,CNC-04,TOOL-07,FIX-A1,OP-002,Swing,2026-03-28 09:36:03,AOI,84.9,24209,889.6,3.1,0.985,-80.2,0.3093,55.7,0.7065,0.0367,788.3,48.3,None,None,Pass,OK,55.7,46.7,12.19,66.13,0.0,20.28,66.25,0.0,False,False
GLS-2026-0048483,LOT-2026-W08-C,CG-Model-B,RGB-9185,LINE-01,CNC-04,TOOL-08,FIX-B2,OP-022,Swing,2026-03-28 10:14:25,AOI,39.2,24049,805.6,2.95,0.969,-88.4,0.3115,31.4,0.6961,0.0038,790.5,47.9,None,None,Pass,OK,31.4,24.300000000000004,12.19,66.13,0.0,20.28,66.25,0.0,False,False
GLS-2026-0017229,LOT-2026-W08-C,CG-Model-C,RGB-9850,LINE-02,CNC-04,TOOL-20,FIX-A2,OP-022,Day,2026-03-28 10:17:02,AOI,94.8,24085,817.3,3.19,1.0,-81.0,0.3253,54.9,0.7019,0.0216,796.6,49.9,None,None,Pass,OK,54.9,23.5,12.19,66.13,0.0,20.28,66.25,0.0,False,False
GLS-2026-0039341,LOT-2026-W08-C,CG-Model-B,RGB-9414,LINE-01,CNC-04,TOOL-03,FIX-C3,OP-018,Day,2026-03-28 10:25:19,AOI,16.5,23893,868.4,3.1,1.0,-83.2,0.2859,0.0,0.696,0.0445,763.1,46.2,None,None,Pass,OK,0.0,54.9,12.19,66.13,0.0,20.28,66.25,0.0,False,False
GLS-2026-0015256,LOT-2026-W08-C,CG-Model-B,RGB-8725,LINE-01,CNC-04,TOOL-02,FIX-B1,OP-004,Night,2026-03-28 10:38:16,AOI,32.2,24216,873.8,3.0,0.928,-78.2,0.2931,0.0,0.701,0.0322,790.0,39.9,None,None,Pass,OK,0.0,0.0,12.19,66.13,0.0,20.28,66.25,0.0,False,False
GLS-2026-0034822,LOT-2026-W08-C,CG-Model-A,RGB-9156,LINE-02,CNC-04,TOOL-05,FIX-C3,OP-006,Day,2026-03-28 10:39:48,AOI,49.4,24269,912.1,3.18,0.95,-79.2,0.2896,0.0,0.6989,0.0418,797.4,47.0,None,None,Pass,OK,0.0,0.0,12.19,66.13,0.0,20.28,66.25,0.0,False,False
GLS-2026-0045136,LOT-2026-W08-C,CG-Model-B,RGB-9522,LINE-01,CNC-04,TOOL-08,FIX-C3,OP-025,Day,2026-03-28 11:09:00,AOI,28.4,23860,840.4,3.24,0.976,-80.5,0.2947,0.0,0.7075,0.0262,791.4,45.7,None,None,Pass,OK,0.0,0.0,12.19,66.13,0.0,20.28,66.25,0.0,False,False
GLS-2026-0002543,LOT-2026-W08-C,CG-Model-B,RGB-8103,LINE-01,CNC-04,TOOL-06,FIX-B2,OP-023,Night,2026-03-28 11:26:36,AOI,67.5,24231,857.4,3.0,0.903,-81.4,0.3292,7.4,0.6942,0.0469,798.8,45.7,None,None,Pass,OK,7.4,7.4,12.19,66.13,0.0,20.28,66.25,0.0,False,False
GLS-2026-0038563,LOT-2026-W08-C,CG-Model-B,RGB-9963,LINE-01,CNC-04,TOOL-01,FIX-A1,OP-004,Day,2026-03-28 11:38:01,AOI,86.8,24081,919.8,3.24,1.0,-84.2,0.3079,8.2,0.6981,0.048,777.6,44.2,None,None,Pass,OK,8.2,0.7999999999999989,12.19,66.13,0.0,20.28,66.25,0.0,False,False
GLS-2026-0006595,LOT-2026-W08-C,CG-Model-C,RGB-8921,LINE-01,CNC-04,TOOL-06,FIX-C3,OP-023,Day,2026-03-28 11:43:55,AOI,84.1,24057,804.5,3.33,1.0,-90.6,0.3102,0.0,0.6932,0.0112,794.7,49.1,None,None,Pass,OK,0.0,8.2,12.19,66.13,0.0,20.28,66.25,0.0,False,False
GLS-2026-0034006,LOT-2026-W08-C,CG-Model-B,RGB-8262,LINE-01,CNC-04,TOOL-10,FIX-C1,OP-012,Swing,2026-03-28 11:44:07,AOI,62.7,23674,764.2,2.89,0.946,-76.7,0.2982,0.0,0.6983,0.0314,794.8,48.8,None,None,Pass,OK,0.0,0.0,12.19,66.13,0.0,20.28,66.25,0.0,False,False
GLS-2026-0004872,LOT-2026-W08-C,CG-Model-B,RGB-8768,LINE-01,CNC-04,TOOL-16,FIX-B1,OP-014,Day,2026-03-28 12:06:16,AOI,77.8,23869,867.4,2.89,0.88,-83.4,0.3081,46.3,0.6977,0.0376,784.4,47.1,None,None,Pass,OK,46.3,46.3,12.19,66.13,0.0,20.28,66.25,0.0,False,False
GLS-2026-0013771,LOT-2026-W08-C,CG-Model-C,RGB-8921,LINE-01,CNC-04,TOOL-23,FIX-A2,OP-010,Day,2026-03-28 12:12:01,AOI,59.6,24056,845.7,3.36,0.961,-78.2,0.3035,0.0,0.7022,0.0266,784.8,44.4,None,None,Pass,OK,0.0,46.3,12.19,66.13,0.0,20.28,66.25,0.0,False,False
GLS-2026-0046442,LOT-2026-W08-C,CG-Model-B,RGB-9768,LINE-01,CNC-04,TOOL-13,FIX-C3,OP-003,Day,2026-03-28 12:23:12,AOI,61.5,24043,827.3,3.16,0.92,-77.4,0.2972,0.0,0.7005,0.0152,780.7,44.8,None,None,Pass,OK,0.0,0.0,12.19,66.13,0.0,20.28,66.25,0.0,False,False
GLS-2026-0014755,LOT-2026-W08-C,CG-Model-C,RGB-9631,LINE-02,CNC-04,TOOL-13,FIX-B1,OP-022,Day,2026-03-28 12:26:56,AOI,52.9,24351,886.9,3.15,0.96,-78.7,0.2978,0.0,0.7023,0.0144,789.5,46.0,None,None,Pass,OK,0.0,0.0,12.19,66.13,0.0,20.28,66.25,0.0,False,False
GLS-2026-0005715,LOT-2026-W08-C,CG-Model-A,RGB-9780,LINE-01,CNC-04,TOOL-22,FIX-A2,OP-026,Swing,2026-03-28 12:28:52,AOI,73.5,24274,803.2,3.3,0.952,-89.1,0.3141,0.0,0.6978,0.0195,787.2,45.7,None,None,Pass,OK,0.0,0.0,12.19,66.13,0.0,20.28,66.25,0.0,False,False
GLS-2026-0020166,LOT-2026-W08-C,CG-Model-A,RGB-8943,LINE-02,CNC-04,TOOL-20,FIX-B2,OP-029,Swing,2026-03-28 12:29:56,AOI,56.7,23801,909.6,3.35,1.0,-78.5,0.3119,13.5,0.697,0.024,787.3,45.4,None,None,Pass,OK,13.5,13.5,12.19,66.13,0.0,20.28,66.25,0.0,False,False
GLS-2026-0036293,LOT-2026-W08-C,CG-Model-B,RGB-9244,LINE-01,CNC-04,TOOL-10,FIX-B2,OP-005,Night,2026-03-28 12:41:27,AOI,28.6,23813,837.2,2.95,0.902,-83.5,0.2976,0.0,0.6971,0.0329,789.4,46.1,None,None,Pass,OK,0.0,13.5,12.19,66.13,0.0,20.28,66.25,0.0,False,False
GLS-2026-0028262,LOT-2026-W08-C,CG-Model-A,RGB-9249,LINE-01,CNC-04,TOOL-05,FIX-C1,OP-024,Night,2026-03-28 12:55:00,AOI,81.5,23677,840.8,3.04,0.939,-79.0,0.321,63.9,0.6998,0.0253,779.6,47.2,None,None,Pass,OK,63.9,63.9,12.19,66.13,0.0,20.28,66.25,0.0,False,False
GLS-2026-0034725,LOT-2026-W08-C,CG-Model-A,RGB-8941,LINE-02,CNC-04,TOOL-23,FIX-A1,OP-008,Swing,2026-03-28 13:04:24,AOI,60.1,24190,835.9,3.22,1.0,-82.8,0.306,0.0,0.7049,0.0317,789.9,46.5,None,None,Pass,OK,0.0,63.9,12.19,66.13,0.0,20.28,66.25,0.0,False,False
GLS-2026-0031619,LOT-2026-W08-C,CG-Model-A,RGB-9991,LINE-01,CNC-04,TOOL-18,FIX-B3,OP-024,Swing,2026-03-28 13:05:36,AOI,60.0,24585,817.0,3.32,0.977,-75.9,0.3113,0.0,0.7018,0.0321,776.6,49.5,None,None,Pass,OK,0.0,0.0,12.19,66.13,0.0,20.28,66.25,0.0,False,False
GLS-2026-0045761,LOT-2026-W08-C,CG-Model-C,RGB-8012,LINE-01,CNC-04,TOOL-02,FIX-A3,OP-007,Day,2026-03-28 13:22:13,AOI,73.5,23546,882.1,3.25,1.0,-87.7,0.3068,0.0,0.7053,0.0399,793.4,47.5,None,None,Pass,OK,0.0,0.0,12.19,66.13,0.0,20.28,66.25,0.0,False,False
GLS-2026-0036142,LOT-2026-W08-C,CG-Model-C,RGB-8540,LINE-01,CNC-04,TOOL-09,FIX-C2,OP-014,Swing,2026-03-28 13:36:25,AOI,44.0,24127,873.2,3.03,0.961,-81.2,0.29,0.0,0.6937,0.0365,777.5,46.7,None,None,Pass,OK,0.0,0.0,12.19,66.13,0.0,20.28,66.25,0.0,False,False
GLS-2026-0027930,LOT-2026-W08-C,CG-Model-B,RGB-9642,LINE-01,CNC-04,TOOL-01,FIX-A1,OP-028,Swing,2026-03-28 13:56:51,AOI,22.1,23724,790.1,2.8,0.952,-84.4,0.2829,0.0,0.6982,0.0081,785.4,43.9,None,None,Pass,OK,0.0,0.0,12.19,66.13,0.0,20.28,66.25,0.0,False,False
GLS-2026-0018653,LOT-2026-W08-C,CG-Model-B,RGB-9481,LINE-01,CNC-04,TOOL-23,FIX-A3,OP-019,Day,2026-03-28 14:17:52,AOI,36.4,23831,844.9,3.17,1.0,-81.7,0.2929,0.0,0.7088,0.0068,781.1,47.7,None,None,Pass,OK,0.0,0.0,12.19,66.13,0.0,20.28,66.25,0.0,False,False
GLS-2026-0008761,LOT-2026-W08-C,CG-Model-C,RGB-9468,LINE-01,CNC-04,TOOL-11,FIX-C2,OP-001,Day,2026-03-28 14:46:31,AOI,87.5,24390,835.2,3.33,0.981,-79.5,0.3196,7.5,0.7022,0.0483,796.8,45.5,None,None,Pass,OK,7.5,7.5,12.19,66.13,0.0,20.28,66.25,0.0,False,False
GLS-2026-0045448,LOT-2026-W08-C,CG-Model-A,RGB-8713,LINE-01,CNC-04,TOOL-04,FIX-C2,OP-002,Swing,2026-03-28 15:00:54,AOI,35.4,24134,867.6,3.12,1.0,-85.7,0.304,0.0,0.6968,0.0134,784.3,45.0,None,None,Pass,OK,0.0,7.5,12.19,66.13,0.0,20.28,66.25,0.0,False,False
GLS-2026-0036168,LOT-2026-W08-C,CG-Model-C,RGB-8600,LINE-02,CNC-04,TOOL-05,FIX-A1,OP-015,Day,2026-03-28 15:04:30,AOI,56.9,23751,914.5,3.32,1.0,-80.0,0.2948,0.0,0.7025,0.0108,776.4,45.4,None,None,Pass,OK,0.0,0.0,12.19,66.13,0.0,20.28,66.25,0.0,False,False
GLS-2026-0027144,LOT-2026-W08-C,CG-Model-B,RGB-8760,LINE-02,CNC-04,TOOL-16,FIX-A3,OP-007,Swing,2026-03-28 15:06:39,AOI,78.4,23796,812.5,3.09,0.944,-81.6,0.3127,5.1,0.7028,0.0083,775.7,48.1,None,None,Pass,OK,5.1,5.1,12.19,66.13,0.0,20.28,66.25,0.0,False,False
GLS-2026-0012462,LOT-2026-W08-C,CG-Model-B,RGB-9495,LINE-02,CNC-04,TOOL-10,FIX-C3,OP-001,Day,2026-03-28 15:07:56,AOI,43.1,24095,928.2,3.23,1.0,-84.6,0.2984,5.2,0.7088,0.0224,788.5,46.3,None,None,Pass,OK,5.2,0.10000000000000053,12.19,66.13,0.0,20.28,66.25,0.0,False,False
GLS-2026-0032524,LOT-2026-W08-C,CG-Model-A,RGB-8489,LINE-01,CNC-04,TOOL-01,FIX-A1,OP-003,Day,2026-03-28 15:09:06,AOI,31.3,23567,797.8,3.21,0.982,-81.6,0.2839,0.0,0.6955,0.0212,802.1,45.9,None,None,Pass,OK,0.0,5.2,12.19,66.13,0.0,20.28,66.25,0.0,False,False
GLS-2026-0035276,LOT-2026-W08-C,CG-Model-A,RGB-8221,LINE-01,CNC-04,TOOL-22,FIX-C3,OP-010,Night,2026-03-28 15:30:17,AOI,70.4,23796,855.4,2.78,1.0,-79.9,0.3053,0.0,0.6967,0.0262,783.5,45.8,None,None,Pass,OK,0.0,0.0,12.19,66.13,0.0,20.28,66.25,0.0,False,False
GLS-2026-0046602,LOT-2026-W08-C,CG-Model-B,RGB-8436,LINE-02,CNC-04,TOOL-08,FIX-C2,OP-010,Night,2026-03-28 15:33:31,AOI,81.2,23942,795.7,3.18,0.899,-85.9,0.3016,64.9,0.7019,0.0448,798.0,48.0,None,None,Pass,OK,64.9,64.9,12.19,66.13,0.0,20.28,66.25,0.0,False,False
GLS-2026-0023512,LOT-2026-W08-C,CG-Model-C,RGB-8430,LINE-01,CNC-04,TOOL-12,FIX-B2,OP-002,Night,2026-03-28 15:34:43,AOI,24.0,24020,812.4,3.1,0.939,-82.0,0.3082,19.7,0.7047,0.0199,808.5,44.6,None,None,Pass,OK,19.7,45.2,12.19,66.13,0.0,20.28,66.25,0.0,False,False
GLS-2026-0009995,LOT-2026-W08-C,CG-Model-B,RGB-9770,LINE-01,CNC-04,TOOL-20,FIX-A3,OP-011,Day,2026-03-28 15:37:21,AOI,55.2,23861,858.3,3.21,0.972,-82.3,0.2915,0.0,0.7105,0.0498,799.6,41.4,None,None,Pass,OK,0.0,19.7,12.19,66.13,0.0,20.28,66.25,0.0,False,False
GLS-2026-0015400,LOT-2026-W08-C,CG-Model-A,RGB-8137,LINE-01,CNC-04,TOOL-05,FIX-A1,OP-010,Swing,2026-03-28 15:53:10,AOI,36.1,23880,908.1,3.22,1.0,-81.1,0.304,0.0,0.7006,0.01,779.1,47.3,None,None,Pass,OK,0.0,0.0,12.19,66.13,0.0,20.28,66.25,0.0,False,False
GLS-2026-0032318,LOT-2026-W08-C,CG-Model-C,RGB-9807,LINE-01,CNC-04,TOOL-22,FIX-A3,OP-002,Day,2026-03-28 16:02:28,AOI,19.6,24625,870.4,3.1,0.932,-80.4,0.2961,0.0,0.704,0.0228,799.0,47.5,None,None,Pass,OK,0.0,0.0,12.19,66.13,0.0,20.28,66.25,0.0,False,False
GLS-2026-0011767,LOT-2026-W08-C,CG-Model-C,RGB-9432,LINE-02,CNC-04,TOOL-04,FIX-B3,OP-005,Swing,2026-03-28 16:03:39,AOI,69.8,23902,819.2,2.94,0.955,-82.2,0.3019,0.0,0.7003,0.0139,790.7,48.0,None,None,Pass,OK,0.0,0.0,12.19,66.13,0.0,20.28,66.25,0.0,False,False
GLS-2026-0004095,LOT-2026-W08-C,CG-Model-A,RGB-8840,LINE-02,CNC-04,TOOL-05,FIX-B1,OP-024,Swing,2026-03-28 16:06:01,AOI,28.5,23637,828.2,3.13,0.969,-75.7,0.2918,0.0,0.6999,0.0151,783.8,47.6,None,None,Pass,OK,0.0,0.0,12.19,66.13,0.0,20.28,66.25,0.0,False,False
GLS-2026-0032616,LOT-2026-W08-C,CG-Model-A,RGB-9148,LINE-01,CNC-04,TOOL-04,FIX-C1,OP-013,Night,2026-03-28 16:10:57,AOI,83.7,23946,867.1,3.05,1.0,-80.8,0.3183,57.1,0.6971,0.0443,788.0,47.1,None,None,Pass,OK,57.1,57.1,12.19,66.13,0.0,20.28,66.25,0.0,False,False
GLS-2026-0047442,LOT-2026-W08-C,CG-Model-B,RGB-8811,LINE-01,CNC-04,TOOL-09,FIX-B2,OP-022,Night,2026-03-28 16:20:20,AOI,88.4,23998,875.5,2.99,0.903,-84.0,0.3349,138.6,0.6983,0.0153,771.8,46.1,Edge_Chipping,Edge,Fail,NG,138.6,81.5,12.19,66.13,0.0,20.28,66.25,0.0,True,True
GLS-2026-0017026,LOT-2026-W08-C,CG-Model-A,RGB-9003,LINE-01,CNC-04,TOOL-15,FIX-A3,OP-027,Swing,2026-03-28 16:21:08,AOI,56.1,23802,872.8,3.25,0.959,-78.9,0.3068,0.0,0.7135,0.0295,782.7,45.9,None,None,Pass,OK,0.0,138.6,12.19,66.13,0.0,20.28,66.25,0.0,False,True
GLS-2026-0022746,LOT-2026-W08-C,CG-Model-B,RGB-8726,LINE-01,CNC-04,TOOL-11,FIX-C3,OP-022,Night,2026-03-28 16:26:03,AOI,88.7,23847,790.8,3.2,0.978,-85.9,0.3064,58.7,0.6989,0.0166,758.5,43.6,None,None,Pass,OK,58.7,58.7,12.19,66.13,0.0,20.28,66.25,0.0,False,False
GLS-2026-0018575,LOT-2026-W08-C,CG-Model-A,RGB-8835,LINE-01,CNC-04,TOOL-19,FIX-C2,OP-006,Swing,2026-03-28 16:43:14,AOI,34.3,23901,820.9,3.37,0.939,-77.6,0.2997,0.0,0.6989,0.0323,803.2,48.1,None,None,Pass,OK,0.0,58.7,12.19,66.13,0.0,20.28,66.25,0.0,False,False
GLS-2026-0021583,LOT-2026-W08-C,CG-Model-A,RGB-9699,LINE-01,CNC-04,TOOL-14,FIX-A1,OP-027,Swing,2026-03-28 17:02:53,AOI,83.4,23986,831.3,2.98,0.9,-82.2,0.3091,94.8,0.6946,0.0443,783.1,45.4,Edge_Chipping,Corner,Fail,NG,94.8,94.8,12.19,66.13,0.0,20.28,66.25,0.0,True,True
GLS-2026-0010889,LOT-2026-W08-C,CG-Model-A,RGB-8989,LINE-01,CNC-04,TOOL-09,FIX-C3,OP-020,Night,2026-03-28 17:03:30,AOI,58.8,24271,902.2,2.89,0.833,-79.5,0.3033,0.0,0.7027,0.0371,798.3,48.6,None,None,Pass,OK,0.0,94.8,12.19,66.13,0.0,20.28,66.25,0.0,False,True
GLS-2026-0032110,LOT-2026-W08-C,CG-Model-C,RGB-9202,LINE-02,CNC-04,TOOL-01,FIX-C2,OP-003,Day,2026-03-28 17:05:18,AOI,89.9,23938,898.8,3.17,0.894,-78.9,0.3332,56.3,0.7033,0.0155,803.7,49.9,None,None,Pass,OK,56.3,56.3,12.19,66.13,0.0,20.28,66.25,0.0,False,False
GLS-2026-0003753,LOT-2026-W08-C,CG-Model-B,RGB-9177,LINE-01,CNC-04,TOOL-13,FIX-C2,OP-003,Night,2026-03-28 17:05:34,AOI,56.1,23728,783.1,2.95,0.867,-78.6,0.3101,0.0,0.6936,0.0575,771.1,43.7,None,None,Pass,OK,0.0,56.3,12.19,66.13,0.0,20.28,66.25,0.0,False,False
GLS-2026-0011798,LOT-2026-W08-C,CG-Model-A,RGB-8108,LINE-02,CNC-04,TOOL-19,FIX-C2,OP-024,Night,2026-03-28 17:10:57,AOI,62.9,23853,788.5,2.85,0.87,-85.6,0.3067,12.9,0.6942,0.0442,797.9,44.6,None,None,Pass,OK,12.9,12.9,12.19,66.13,0.0,20.28,66.25,0.0,False,False
GLS-2026-0048437,LOT-2026-W08-C,CG-Model-A,RGB-8265,LINE-01,CNC-04,TOOL-03,FIX-A3,OP-016,Swing,2026-03-28 17:23:49,AOI,92.8,23928,908.3,2.93,0.935,-83.4,0.3011,143.0,0.7035,0.0259,780.2,44.8,Edge_Chipping,Edge,Fail,NG,143.0,130.1,12.19,66.13,0.0,20.28,66.25,0.0,True,True
GLS-2026-0033746,LOT-2026-W08-C,CG-Model-C,RGB-8492,LINE-01,CNC-04,TOOL-22,FIX-A2,OP-027,Day,2026-03-28 17:32:46,AOI,11.2,23927,884.1,2.87,0.923,-84.1,0.2847,0.0,0.6971,0.0117,788.6,46.2,None,None,Pass,OK,0.0,143.0,12.19,66.13,0.0,20.28,66.25,0.0,False,True
GLS-2026-0026860,LOT-2026-W08-C,CG-Model-B,RGB-8379,LINE-01,CNC-04,TOOL-09,FIX-B2,OP-021,Swing,2026-03-28 17:32:52,AOI,48.0,23935,855.9,3.08,0.988,-80.2,0.3098,0.0,0.7072,0.0427,801.4,45.9,None,None,Pass,OK,0.0,0.0,12.19,66.13,0.0,20.28,66.25,0.0,False,False
GLS-2026-0018478,LOT-2026-W08-C,CG-Model-B,RGB-8249,LINE-02,CNC-04,TOOL-22,FIX-A3,OP-004,Night,2026-03-28 17:44:25,AOI,7.0,23657,872.1,3.1,0.926,-80.5,0.2935,0.0,0.7087,0.0174,803.9,44.1,None,None,Pass,OK,0.0,0.0,12.19,66.13,0.0,20.28,66.25,0.0,False,False
GLS-2026-0019989,LOT-2026-W08-C,CG-Model-C,RGB-8388,LINE-01,CNC-04,TOOL-03,FIX-B2,OP-027,Night,2026-03-28 17:48:06,AOI,61.7,24112,885.4,2.94,0.821,-78.6,0.3021,5.2,0.6998,0.0128,786.3,48.1,None,None,Pass,OK,5.2,5.2,12.19,66.13,0.0,20.28,66.25,0.0,False,False
GLS-2026-0045022,LOT-2026-W08-C,CG-Model-A,RGB-8449,LINE-02,CNC-04,TOOL-01,FIX-C2,OP-027,Swing,2026-03-28 17:57:41,AOI,67.6,24224,883.2,3.21,1.0,-80.5,0.3011,0.0,0.7041,0.0117,784.2,48.6,None,None,Pass,OK,0.0,5.2,12.19,66.13,0.0,20.28,66.25,0.0,False,False
GLS-2026-0019793,LOT-2026-W08-C,CG-Model-A,RGB-9973,LINE-02,CNC-04,TOOL-12,FIX-A2,OP-018,Day,2026-03-28 18:07:24,AOI,42.0,23600,885.8,3.17,0.957,-79.8,0.2951,10.0,0.6963,0.0483,790.3,51.0,None,None,Pass,OK,10.0,10.0,12.19,66.13,0.0,20.28,66.25,0.0,False,False
GLS-2026-0047769,LOT-2026-W08-C,CG-Model-A,RGB-8770,LINE-01,CNC-04,TOOL-06,FIX-A3,OP-002,Night,2026-03-28 18:19:38,AOI,78.1,23981,881.8,2.91,0.88,-83.9,0.322,40.4,0.7051,0.0237,782.7,47.1,None,None,Pass,OK,40.4,30.4,12.19,66.13,0.0,20.28,66.25,0.0,False,False
GLS-2026-0030294,LOT-2026-W08-C,CG-Model-C,RGB-9348,LINE-02,CNC-04,TOOL-10,FIX-B2,OP-022,Day,2026-03-28 18:21:06,AOI,57.4,24045,850.8,3.28,1.0,-75.2,0.3155,26.4,0.7007,0.0241,772.0,47.7,None,None,Pass,OK,26.4,14.0,12.19,66.13,0.0,20.28,66.25,0.0,False,False
GLS-2026-0026088,LOT-2026-W08-C,CG-Model-B,RGB-8015,LINE-01,CNC-04,TOOL-24,FIX-C1,OP-017,Day,2026-03-28 18:21:49,AOI,63.8,23868,852.3,3.41,0.968,-81.4,0.3058,5.2,0.6948,0.0197,768.5,49.5,None,None,Pass,OK,5.2,21.2,12.19,66.13,0.0,20.28,66.25,0.0,False,False
GLS-2026-0037348,LOT-2026-W08-C,CG-Model-B,RGB-9773,LINE-01,CNC-04,TOOL-14,FIX-C3,OP-018,Day,2026-03-28 18:34:47,AOI,62.7,24584,856.4,3.14,0.973,-83.7,0.2891,0.0,0.7062,0.0266,788.2,48.1,None,None,Pass,OK,0.0,5.2,12.19,66.13,0.0,20.28,66.25,0.0,False,False
GLS-2026-0035454,LOT-2026-W08-C,CG-Model-C,RGB-9101,LINE-01,CNC-04,TOOL-21,FIX-C2,OP-022,Day,2026-03-28 18:39:48,AOI,32.9,24583,812.4,3.18,0.92,-78.9,0.2981,0.0,0.7002,0.0082,780.3,48.3,None,None,Pass,OK,0.0,0.0,12.19,66.13,0.0,20.28,66.25,0.0,False,False
GLS-2026-0022658,LOT-2026-W08-C,CG-Model-B,RGB-9110,LINE-02,CNC-04,TOOL-01,FIX-A2,OP-027,Day,2026-03-28 18:51:38,AOI,32.3,24212,817.5,3.1,0.943,-83.0,0.2942,0.0,0.6969,0.0048,777.4,45.3,None,None,Pass,OK,0.0,0.0,12.19,66.13,0.0,20.28,66.25,0.0,False,False
GLS-2026-0007560,LOT-2026-W08-C,CG-Model-A,RGB-9644,LINE-01,CNC-04,TOOL-24,FIX-B3,OP-008,Day,2026-03-28 18:52:17,AOI,81.0,23562,883.2,3.17,0.928,-85.2,0.3218,9.5,0.7,0.0361,775.5,47.1,None,None,Pass,OK,9.5,9.5,12.19,66.13,0.0,20.28,66.25,0.0,False,False
GLS-2026-0020096,LOT-2026-W08-C,CG-Model-A,RGB-8712,LINE-02,CNC-04,TOOL-20,FIX-B1,OP-025,Day,2026-03-28 19:17:31,AOI,48.6,24113,812.0,3.2,0.938,-76.1,0.2945,0.0,0.6978,0.0186,786.1,43.3,None,None,Pass,OK,0.0,9.5,12.19,66.13,0.0,20.28,66.25,0.0,False,False
GLS-2026-0002677,LOT-2026-W08-C,CG-Model-C,RGB-9242,LINE-01,CNC-04,TOOL-09,FIX-A1,OP-023,Swing,2026-03-28 19:19:22,AOI,29.0,24044,794.7,3.08,1.0,-76.6,0.2902,9.6,0.6961,0.0233,775.1,44.2,None,None,Pass,OK,9.6,9.6,12.19,66.13,0.0,20.28,66.25,0.0,False,False
GLS-2026-0023637,LOT-2026-W08-C,CG-Model-B,RGB-9746,LINE-01,CNC-04,TOOL-12,FIX-C2,OP-030,Day,2026-03-28 19:22:34,AOI,75.8,24003,848.1,3.1,0.924,-82.3,0.3094,0.0,0.7033,0.0319,774.4,47.0,None,None,Pass,OK,0.0,9.6,12.19,66.13,0.0,20.28,66.25,0.0,False,False
GLS-2026-0023366,LOT-2026-W08-C,CG-Model-A,RGB-8507,LINE-01,CNC-04,TOOL-15,FIX-A2,OP-006,Swing,2026-03-28 19:34:17,AOI,79.4,24180,850.8,3.17,1.0,-83.7,0.3163,5.0,0.7036,0.0165,773.6,47.5,None,None,Pass,OK,5.0,5.0,12.19,66.13,0.0,20.28,66.25,0.0,False,False
GLS-2026-0043446,LOT-2026-W08-C,CG-Model-B,RGB-8539,LINE-01,CNC-04,TOOL-19,FIX-A2,OP-023,Day,2026-03-28 19:35:18,AOI,87.3,23566,865.6,3.03,1.0,-85.6,0.3203,0.0,0.6942,0.0028,783.9,44.3,None,None,Pass,OK,0.0,5.0,12.19,66.13,0.0,20.28,66.25,0.0,False,False
GLS-2026-0017626,LOT-2026-W08-C,CG-Model-B,RGB-9929,LINE-01,CNC-04,TOOL-20,FIX-A1,OP-011,Day,2026-03-28 19:55:19,AOI,70.3,23592,872.9,3.06,0.942,-83.0,0.3125,0.0,0.6963,0.0285,775.0,41.9,None,None,Pass,OK,0.0,0.0,12.19,66.13,0.0,20.28,66.25,0.0,False,False
GLS-2026-0000503,LOT-2026-W08-C,CG-Model-C,RGB-8777,LINE-01,CNC-04,TOOL-18,FIX-C1,OP-026,Night,2026-03-28 19:57:35,AOI,59.6,24288,925.3,3.15,0.94,-81.0,0.3162,16.4,0.7059,0.0271,799.6,45.9,None,None,Pass,OK,16.4,16.4,12.19,66.13,0.0,20.28,66.25,0.0,False,False
GLS-2026-0018349,LOT-2026-W08-C,CG-Model-A,RGB-9200,LINE-02,CNC-04,TOOL-24,FIX-C1,OP-013,Day,2026-03-28 20:08:21,AOI,61.2,23979,822.8,3.27,0.963,-80.2,0.2953,0.0,0.7018,0.0241,769.9,44.2,None,None,Pass,OK,0.0,16.4,12.19,66.13,0.0,20.28,66.25,0.0,False,False
GLS-2026-0036515,LOT-2026-W08-C,CG-Model-A,RGB-8756,LINE-01,CNC-04,TOOL-19,FIX-C3,OP-030,Day,2026-03-28 20:11:18,AOI,17.0,24321,898.6,3.07,0.964,-84.0,0.2829,0.0,0.705,0.0204,797.5,44.6,None,None,Pass,OK,0.0,0.0,12.19,66.13,0.0,20.28,66.25,0.0,False,False
GLS-2026-0045646,LOT-2026-W08-C,CG-Model-B,RGB-9278,LINE-01,CNC-04,TOOL-10,FIX-A2,OP-003,Day,2026-03-28 20:14:44,AOI,36.4,24400,843.6,3.09,1.0,-78.0,0.2837,0.0,0.6957,0.0299,774.0,42.8,None,None,Pass,OK,0.0,0.0,12.19,66.13,0.0,20.28,66.25,0.0,False,False
GLS-2026-0017177,LOT-2026-W08-C,CG-Model-A,RGB-8063,LINE-02,CNC-04,TOOL-05,FIX-B2,OP-001,Swing,2026-03-28 20:20:21,AOI,60.5,23632,836.8,3.25,1.0,-87.5,0.298,0.0,0.6998,0.0278,778.8,43.3,None,None,Pass,OK,0.0,0.0,12.19,66.13,0.0,20.28,66.25,0.0,False,False
GLS-2026-0018487,LOT-2026-W08-C,CG-Model-A,RGB-9293,LINE-02,CNC-04,TOOL-17,FIX-C3,OP-027,Swing,2026-03-28 20:40:16,AOI,26.8,23872,839.9,3.06,1.0,-80.0,0.2891,0.0,0.7031,0.0105,785.1,48.3,None,None,Pass,OK,0.0,0.0,12.19,66.13,0.0,20.28,66.25,0.0,False,False
GLS-2026-0001210,LOT-2026-W08-C,CG-Model-B,RGB-9171,LINE-02,CNC-04,TOOL-11,FIX-C1,OP-008,Day,2026-03-28 20:47:24,AOI,58.8,23702,831.5,3.18,1.0,-80.7,0.3096,43.8,0.698,0.0222,781.0,44.8,None,None,Pass,OK,43.8,43.8,12.19,66.13,0.0,20.28,66.25,0.0,False,False
GLS-2026-0041637,LOT-2026-W08-C,CG-Model-A,RGB-8996,LINE-02,CNC-04,TOOL-03,FIX-A1,OP-021,Night,2026-03-28 20:49:26,AOI,69.1,24236,828.5,3.14,0.91,-82.9,0.3163,0.0,0.7042,0.0101,770.4,45.0,None,None,Pass,OK,0.0,43.8,12.19,66.13,0.0,20.28,66.25,0.0,False,False
GLS-2026-0046378,LOT-2026-W08-C,CG-Model-B,RGB-8837,LINE-01,CNC-04,TOOL-11,FIX-C2,OP-023,Night,2026-03-28 21:06:21,AOI,28.8,23893,923.4,3.1,0.902,-83.8,0.3065,22.6,0.7021,0.0051,784.5,46.3,None,None,Pass,OK,22.6,22.6,12.19,66.13,0.0,20.28,66.25,0.0,False,False
GLS-2026-0028001,LOT-2026-W08-C,CG-Model-B,RGB-9495,LINE-02,CNC-04,TOOL-24,FIX-C3,OP-008,Night,2026-03-28 21:16:20,AOI,46.0,24038,808.4,3.12,0.915,-78.9,0.2927,0.0,0.705,0.0188,797.9,50.1,None,None,Pass,OK,0.0,22.6,12.19,66.13,0.0,20.28,66.25,0.0,False,False
GLS-2026-0026292,LOT-2026-W08-C,CG-Model-B,RGB-9660,LINE-02,CNC-04,TOOL-09,FIX-A2,OP-001,Swing,2026-03-28 21:46:20,AOI,64.1,23966,890.7,3.22,0.97,-83.4,0.3179,0.0,0.6923,0.0361,797.5,50.3,None,None,Pass,OK,0.0,0.0,12.19,66.13,0.0,20.28,66.25,0.0,False,False
GLS-2026-0006144,LOT-2026-W08-C,CG-Model-B,RGB-8219,LINE-01,CNC-04,TOOL-03,FIX-A1,OP-023,Swing,2026-03-28 21:54:25,AOI,66.4,23727,802.8,3.15,0.984,-81.7,0.3026,0.0,0.7032,0.0211,792.2,48.9,None,None,Pass,OK,0.0,0.0,12.19,66.13,0.0,20.28,66.25,0.0,False,False
GLS-2026-0028714,LOT-2026-W08-C,CG-Model-C,RGB-9273,LINE-01,CNC-04,TOOL-09,FIX-B2,OP-012,Day,2026-03-28 21:56:44,AOI,73.1,24169,799.6,3.22,0.915,-85.0,0.3147,7.4,0.6972,0.0097,778.2,44.6,None,None,Pass,OK,7.4,7.4,12.19,66.13,0.0,20.28,66.25,0.0,False,False
GLS-2026-0044551,LOT-2026-W08-C,CG-Model-B,RGB-9333,LINE-01,CNC-04,TOOL-17,FIX-C1,OP-013,Day,2026-03-28 21:59:14,AOI,31.8,24236,950.4,3.15,1.0,-81.0,0.2824,5.5,0.7082,0.0175,774.4,45.2,None,None,Pass,OK,5.5,1.9000000000000004,12.19,66.13,0.0,20.28,66.25,0.0,False,False
GLS-2026-0032626,LOT-2026-W08-C,CG-Model-C,RGB-9058,LINE-01,CNC-04,TOOL-01,FIX-C2,OP-014,Swing,2026-03-28 22:19:04,AOI,39.8,23911,911.1,3.28,0.999,-85.8,0.2951,0.0,0.7006,0.0313,773.2,48.1,None,None,Pass,OK,0.0,5.5,12.19,66.13,0.0,20.28,66.25,0.0,False,False
GLS-2026-0046072,LOT-2026-W08-C,CG-Model-B,RGB-8582,LINE-02,CNC-04,TOOL-11,FIX-A1,OP-006,Night,2026-03-28 22:21:30,AOI,58.0,23820,794.7,3.01,1.0,-80.5,0.2868,0.0,0.6945,0.0415,787.4,47.8,None,None,Pass,OK,0.0,0.0,12.19,66.13,0.0,20.28,66.25,0.0,False,False
GLS-2026-0048589,LOT-2026-W08-C,CG-Model-B,RGB-8278,LINE-01,CNC-04,TOOL-11,FIX-C3,OP-009,Swing,2026-03-28 22:25:52,AOI,16.1,23598,823.4,3.16,0.978,-77.1,0.2846,0.0,0.6919,0.0208,790.8,45.3,None,None,Pass,OK,0.0,0.0,12.19,66.13,0.0,20.28,66.25,0.0,False,False
GLS-2026-0025223,LOT-2026-W08-C,CG-Model-A,RGB-8176,LINE-02,CNC-04,TOOL-21,FIX-A3,OP-014,Night,2026-03-28 22:28:56,AOI,59.7,24191,898.7,3.02,0.951,-84.8,0.2936,39.1,0.7028,0.016,783.3,46.2,None,None,Pass,OK,39.1,39.1,12.19,66.13,0.0,20.28,66.25,0.0,False,False
GLS-2026-0004357,LOT-2026-W08-C,CG-Model-B,RGB-9075,LINE-01,CNC-04,TOOL-15,FIX-C2,OP-011,Day,2026-03-28 23:20:57,AOI,66.0,23896,839.3,3.15,0.936,-87.0,0.3128,0.0,0.6994,0.0337,808.2,45.7,None,None,Pass,OK,0.0,39.1,12.19,66.13,0.0,20.28,66.25,0.0,False,False
GLS-2026-0025839,LOT-2026-W08-C,CG-Model-B,RGB-8699,LINE-01,CNC-04,TOOL-09,FIX-B3,OP-017,Night,2026-03-28 23:31:57,AOI,73.6,23808,859.8,3.12,0.825,-85.0,0.3173,0.0,0.7028,0.0342,784.5,46.9,None,None,Pass,OK,0.0,0.0,12.19,66.13,0.0,20.28,66.25,0.0,False,False
GLS-2026-0027903,LOT-2026-W08-C,CG-Model-A,RGB-8175,LINE-02,CNC-04,TOOL-24,FIX-A3,OP-011,Day,2026-03-28 23:54:04,AOI,65.2,24388,810.9,3.21,0.928,-87.3,0.3115,0.0,0.7012,0.0212,797.1,42.8,None,None,Pass,OK,0.0,0.0,12.19,66.13,0.0,20.28,66.25,0.0,False,False
GLS-2026-0046619,LOT-2026-W08-C,CG-Model-A,RGB-9015,LINE-01,CNC-04,TOOL-13,FIX-C1,OP-027,Swing,2026-03-28 23:58:41,AOI,43.2,23787,752.1,3.42,0.926,-80.2,0.3121,55.5,0.7036,0.0113,777.4,45.1,None,None,Pass,OK,55.5,55.5,12.19,66.13,0.0,20.28,66.25,0.0,False,False
GLS-2026-0028414,LOT-2026-W08-C,CG-Model-C,RGB-8264,LINE-01,CNC-04,TOOL-19,FIX-C1,OP-010,Swing,2026-03-29 00:10:16,AOI,83.7,23785,850.7,3.14,1.0,-73.0,0.3194,21.9,0.7055,0.0279,780.1,43.2,None,None,Pass,OK,21.9,33.6,12.19,66.13,0.0,20.28,66.25,0.0,False,False
GLS-2026-0024830,LOT-2026-W08-C,CG-Model-B,RGB-8495,LINE-01,CNC-04,TOOL-24,FIX-C3,OP-009,Swing,2026-03-29 00:36:38,AOI,66.8,23998,796.7,3.15,0.987,-79.1,0.304,0.0,0.6979,0.0059,801.7,44.9,None,None,Pass,OK,0.0,21.9,12.19,66.13,0.0,20.28,66.25,0.0,False,False
GLS-2026-0042212,LOT-2026-W08-C,CG-Model-B,RGB-8923,LINE-02,CNC-04,TOOL-09,FIX-B2,OP-004,Swing,2026-03-29 00:52:03,AOI,72.9,24100,820.2,3.05,1.0,-82.7,0.3292,6.2,0.7014,0.0165,784.3,45.1,None,None,Pass,OK,6.2,6.2,12.19,66.13,0.0,20.28,66.25,0.0,False,False
GLS-2026-0048540,LOT-2026-W08-C,CG-Model-B,RGB-9370,LINE-02,CNC-04,TOOL-16,FIX-A3,OP-003,Night,2026-03-29 01:27:24,AOI,86.7,23546,921.6,3.08,1.0,-84.5,0.3107,42.3,0.7099,0.0177,787.2,42.2,None,None,Pass,OK,42.3,36.099999999999994,12.19,66.13,0.0,20.28,66.25,0.0,False,False
GLS-2026-0016846,LOT-2026-W08-C,CG-Model-B,RGB-9436,LINE-02,CNC-04,TOOL-22,FIX-B3,OP-004,Day,2026-03-29 01:38:18,AOI,42.1,24414,861.6,3.13,0.967,-82.5,0.297,8.6,0.7019,0.0188,791.2,46.7,None,None,Pass,OK,8.6,33.699999999999996,12.19,66.13,0.0,20.28,66.25,0.0,False,False
GLS-2026-0044989,LOT-2026-W08-C,CG-Model-A,RGB-8590,LINE-01,CNC-04,TOOL-16,FIX-C2,OP-024,Day,2026-03-29 01:41:55,AOI,65.9,24104,817.5,3.1,1.0,-86.1,0.2945,0.0,0.6971,0.0383,785.2,44.8,None,None,Pass,OK,0.0,8.6,12.19,66.13,0.0,20.28,66.25,0.0,False,False
GLS-2026-0012211,LOT-2026-W08-C,CG-Model-C,RGB-8495,LINE-02,CNC-04,TOOL-04,FIX-B3,OP-008,Day,2026-03-29 01:42:23,AOI,64.6,24032,764.0,3.3,1.0,-78.6,0.3073,0.0,0.6982,0.0208,764.2,44.5,None,None,Pass,OK,0.0,0.0,12.19,66.13,0.0,20.28,66.25,0.0,False,False
GLS-2026-0035866,LOT-2026-W08-C,CG-Model-C,RGB-9664,LINE-02,CNC-04,TOOL-19,FIX-B2,OP-026,Day,2026-03-29 01:42:26,AOI,48.3,24260,860.5,3.07,0.964,-81.8,0.3131,0.0,0.6986,0.0241,771.5,45.9,None,None,Pass,OK,0.0,0.0,12.19,66.13,0.0,20.28,66.25,0.0,False,False
GLS-2026-0045543,LOT-2026-W08-C,CG-Model-A,RGB-9069,LINE-01,CNC-04,TOOL-07,FIX-A2,OP-021,Night,2026-03-29 01:50:55,AOI,78.8,23653,843.1,3.11,0.915,-80.4,0.3137,55.0,0.6991,0.053,789.9,50.4,None,None,Pass,OK,55.0,55.0,12.19,66.13,0.0,20.28,66.25,0.0,False,False
GLS-2026-0029207,LOT-2026-W08-C,CG-Model-B,RGB-9427,LINE-02,CNC-04,TOOL-17,FIX-B1,OP-015,Day,2026-03-29 02:04:02,AOI,74.3,24034,887.2,3.12,0.94,-84.3,0.3152,0.0,0.6954,0.0212,793.4,45.8,None,None,Pass,OK,0.0,55.0,12.19,66.13,0.0,20.28,66.25,0.0,False,False
GLS-2026-0013903,LOT-2026-W08-C,CG-Model-B,RGB-8975,LINE-01,CNC-04,TOOL-16,FIX-A3,OP-009,Night,2026-03-29 02:09:52,AOI,33.0,23475,850.6,2.86,0.919,-79.5,0.298,0.0,0.7033,0.0357,775.2,45.6,None,None,Pass,OK,0.0,0.0,12.19,66.13,0.0,20.28,66.25,0.0,False,False
GLS-2026-0004761,LOT-2026-W08-C,CG-Model-A,RGB-9686,LINE-01,CNC-04,TOOL-02,FIX-A3,OP-028,Day,2026-03-29 02:14:21,AOI,88.3,23725,841.2,3.37,0.993,-81.7,0.3146,11.0,0.7041,0.0335,788.0,47.9,None,None,Pass,OK,11.0,11.0,12.19,66.13,0.0,20.28,66.25,0.0,False,False
GLS-2026-0027203,LOT-2026-W08-C,CG-Model-B,RGB-8856,LINE-02,CNC-04,TOOL-16,FIX-C1,OP-015,Day,2026-03-29 02:33:08,AOI,20.8,23900,808.2,3.28,1.0,-83.5,0.2749,44.7,0.7022,0.028,788.7,44.5,None,None,Pass,OK,44.7,33.7,12.19,66.13,0.0,20.28,66.25,0.0,False,False
GLS-2026-0007059,LOT-2026-W08-C,CG-Model-B,RGB-9934,LINE-02,CNC-04,TOOL-05,FIX-C3,OP-020,Swing,2026-03-29 02:38:50,AOI,75.9,23751,895.8,3.16,0.985,-82.1,0.3124,0.0,0.7014,0.028,783.6,43.2,None,None,Pass,OK,0.0,44.7,12.19,66.13,0.0,20.28,66.25,0.0,False,False
GLS-2026-0014031,LOT-2026-W08-C,CG-Model-A,RGB-9057,LINE-01,CNC-04,TOOL-16,FIX-B3,OP-011,Day,2026-03-29 02:49:56,AOI,48.4,23782,822.7,3.32,0.958,-86.2,0.305,0.0,0.6986,0.0326,794.5,45.5,None,None,Pass,OK,0.0,0.0,12.19,66.13,0.0,20.28,66.25,0.0,False,False
GLS-2026-0032717,LOT-2026-W08-C,CG-Model-A,RGB-9199,LINE-02,CNC-04,TOOL-22,FIX-B1,OP-004,Swing,2026-03-29 02:57:48,AOI,45.4,24346,867.5,3.21,0.969,-80.6,0.2968,10.3,0.7,0.0281,762.6,43.6,None,None,Pass,OK,10.3,10.3,12.19,66.13,0.0,20.28,66.25,0.0,False,False
GLS-2026-0016903,LOT-2026-W08-C,CG-Model-B,RGB-8304,LINE-02,CNC-04,TOOL-05,FIX-B1,OP-015,Day,2026-03-29 03:04:09,AOI,60.7,24108,877.5,3.13,0.965,-80.9,0.3096,0.0,0.7011,0.0264,773.1,50.7,None,None,Pass,OK,0.0,10.3,12.19,66.13,0.0,20.28,66.25,0.0,False,False
GLS-2026-0034638,LOT-2026-W08-C,CG-Model-A,RGB-9386,LINE-02,CNC-04,TOOL-12,FIX-A2,OP-007,Night,2026-03-29 03:12:45,AOI,5.2,24001,767.7,2.97,0.816,-83.1,0.281,0.0,0.709,0.0225,805.4,47.1,None,None,Pass,OK,0.0,0.0,12.19,66.13,0.0,20.28,66.25,0.0,False,False
GLS-2026-0044614,LOT-2026-W08-C,CG-Model-C,RGB-9291,LINE-02,CNC-04,TOOL-20,FIX-C1,OP-012,Night,2026-03-29 03:16:17,AOI,49.5,24158,890.8,3.13,1.0,-80.1,0.2954,26.5,0.6996,0.0417,785.5,47.1,None,None,Pass,OK,26.5,26.5,12.19,66.13,0.0,20.28,66.25,0.0,False,False
GLS-2026-0028403,LOT-2026-W08-C,CG-Model-C,RGB-8064,LINE-02,CNC-04,TOOL-06,FIX-C2,OP-015,Day,2026-03-29 03:18:21,AOI,91.7,24009,853.9,3.09,0.979,-78.1,0.3254,279.7,0.7035,0.0271,779.9,42.9,Edge_Chipping,Edge,Fail,NG,279.7,253.2,12.19,66.13,0.0,20.28,66.25,0.0,True,True
GLS-2026-0014653,LOT-2026-W08-C,CG-Model-A,RGB-8694,LINE-02,CNC-04,TOOL-12,FIX-A2,OP-022,Day,2026-03-29 03:31:14,AOI,27.5,23817,840.4,3.37,0.946,-82.8,0.2754,0.0,0.698,0.0318,783.6,47.7,None,None,Pass,OK,0.0,279.7,12.19,66.13,0.0,20.28,66.25,0.0,False,True
GLS-2026-0000861,LOT-2026-W08-C,CG-Model-B,RGB-8180,LINE-02,CNC-04,TOOL-17,FIX-C3,OP-005,Day,2026-03-29 03:43:44,AOI,95.8,23575,837.7,3.16,1.0,-79.1,0.319,100.2,0.7076,0.0414,773.3,45.6,Edge_Chipping,Edge,Fail,NG,100.2,100.2,12.19,66.13,0.0,20.28,66.25,0.0,True,True
GLS-2026-0027323,LOT-2026-W08-C,CG-Model-B,RGB-9008,LINE-01,CNC-04,TOOL-21,FIX-C1,OP-003,Day,2026-03-29 04:04:06,AOI,60.0,23893,916.2,3.43,0.988,-79.0,0.3006,51.1,0.6977,0.0431,783.4,46.2,None,None,Pass,OK,51.1,49.1,12.19,66.13,0.0,20.28,66.25,0.0,False,False
GLS-2026-0044947,LOT-2026-W08-C,CG-Model-B,RGB-9076,LINE-01,CNC-04,TOOL-23,FIX-C1,OP-009,Day,2026-03-29 04:04:33,AOI,24.2,24712,838.7,3.17,0.96,-79.8,0.287,8.8,0.7018,0.0199,785.6,47.8,None,None,Pass,OK,8.8,42.3,12.19,66.13,0.0,20.28,66.25,0.0,False,False
GLS-2026-0002599,LOT-2026-W08-C,CG-Model-C,RGB-8242,LINE-02,CNC-04,TOOL-11,FIX-A3,OP-018,Night,2026-03-29 04:07:28,AOI,66.8,24065,880.2,3.01,0.976,-82.0,0.3092,7.8,0.7093,0.0149,788.8,46.8,None,None,Pass,OK,7.8,1.0000000000000009,12.19,66.13,0.0,20.28,66.25,0.0,False,False
GLS-2026-0017542,LOT-2026-W08-C,CG-Model-B,RGB-9560,LINE-01,CNC-04,TOOL-05,FIX-C3,OP-022,Night,2026-03-29 04:09:10,AOI,55.0,24070,866.5,3.03,0.938,-78.7,0.3061,0.0,0.7029,0.0156,790.5,45.6,None,None,Pass,OK,0.0,7.8,12.19,66.13,0.0,20.28,66.25,0.0,False,False
GLS-2026-0018411,LOT-2026-W08-C,CG-Model-B,RGB-9361,LINE-02,CNC-04,TOOL-20,FIX-A3,OP-018,Night,2026-03-29 04:13:40,AOI,93.2,24041,864.5,3.16,0.872,-79.0,0.3159,176.3,0.7043,0.0171,790.4,46.4,Edge_Chipping,Corner,Fail,NG,176.3,176.3,12.19,66.13,0.0,20.28,66.25,0.0,True,True
GLS-2026-0019262,LOT-2026-W08-C,CG-Model-B,RGB-9826,LINE-01,CNC-04,TOOL-16,FIX-A2,OP-027,Day,2026-03-29 04:25:22,AOI,70.7,23638,809.4,3.35,0.961,-87.8,0.2963,0.0,0.7033,0.036,794.3,42.1,None,None,Pass,OK,0.0,176.3,12.19,66.13,0.0,20.28,66.25,0.0,False,True
GLS-2026-0033942,LOT-2026-W08-C,CG-Model-C,RGB-8276,LINE-02,CNC-04,TOOL-14,FIX-C3,OP-026,Night,2026-03-29 04:36:13,AOI,71.5,23506,864.5,3.25,0.966,-87.7,0.3133,0.0,0.702,0.0226,777.6,44.7,None,None,Pass,OK,0.0,0.0,12.19,66.13,0.0,20.28,66.25,0.0,False,False
GLS-2026-0013639,LOT-2026-W08-C,CG-Model-A,RGB-9235,LINE-02,CNC-04,TOOL-17,FIX-A2,OP-002,Day,2026-03-29 04:58:07,AOI,27.5,23940,784.8,3.28,0.975,-83.1,0.3104,0.0,0.6977,0.0347,811.4,45.3,None,None,Pass,OK,0.0,0.0,12.19,66.13,0.0,20.28,66.25,0.0,False,False
GLS-2026-0000208,LOT-2026-W08-C,CG-Model-C,RGB-9568,LINE-02,CNC-04,TOOL-16,FIX-A3,OP-013,Day,2026-03-29 05:05:36,AOI,62.3,23895,877.9,3.08,1.0,-78.2,0.3119,46.3,0.7097,0.0375,799.8,48.5,None,None,Pass,OK,46.3,46.3,12.19,66.13,0.0,20.28,66.25,0.0,False,False
GLS-2026-0030881,LOT-2026-W08-C,CG-Model-A,RGB-9237,LINE-01,CNC-04,TOOL-03,FIX-B1,OP-027,Night,2026-03-29 05:19:31,AOI,86.9,24394,825.4,3.15,1.0,-78.3,0.3086,16.3,0.6967,0.0245,786.9,44.5,None,None,Pass,OK,16.3,29.999999999999996,12.19,66.13,0.0,20.28,66.25,0.0,False,False
GLS-2026-0003944,LOT-2026-W08-C,CG-Model-B,RGB-9258,LINE-02,CNC-04,TOOL-04,FIX-A2,OP-030,Swing,2026-03-29 05:29:10,AOI,24.0,24109,836.7,3.15,0.915,-81.0,0.3008,0.0,0.6939,0.0249,778.6,42.1,None,None,Pass,OK,0.0,16.3,12.19,66.13,0.0,20.28,66.25,0.0,False,False
GLS-2026-0042278,LOT-2026-W08-C,CG-Model-C,RGB-8384,LINE-01,CNC-04,TOOL-24,FIX-A2,OP-023,Day,2026-03-29 05:38:37,AOI,56.8,24226,747.9,3.15,0.953,-81.6,0.3073,0.0,0.6996,0.0188,773.6,45.2,None,None,Pass,OK,0.0,0.0,12.19,66.13,0.0,20.28,66.25,0.0,False,False
GLS-2026-0043104,LOT-2026-W08-C,CG-Model-B,RGB-8353,LINE-02,CNC-04,TOOL-10,FIX-B2,OP-021,Day,2026-03-29 05:40:11,AOI,26.6,23941,776.2,3.03,0.886,-80.0,0.3081,25.3,0.7008,0.0388,783.8,47.6,None,None,Pass,OK,25.3,25.3,12.19,66.13,0.0,20.28,66.25,0.0,False,False
GLS-2026-0043988,LOT-2026-W08-C,CG-Model-B,RGB-8207,LINE-01,CNC-04,TOOL-01,FIX-B3,OP-006,Swing,2026-03-29 05:43:10,AOI,53.0,23942,906.4,3.31,1.0,-81.8,0.3169,7.2,0.7007,0.0081,797.3,43.0,None,None,Pass,OK,7.2,18.1,12.19,66.13,0.0,20.28,66.25,0.0,False,False
GLS-2026-0026726,LOT-2026-W08-C,CG-Model-A,RGB-8962,LINE-01,CNC-04,TOOL-14,FIX-A2,OP-027,Night,2026-03-29 06:14:13,AOI,84.1,24293,793.9,3.16,0.936,-81.9,0.3297,26.5,0.6992,0.0302,804.6,47.2,None,None,Pass,OK,26.5,19.3,12.19,66.13,0.0,20.28,66.25,0.0,False,False
GLS-2026-0043370,LOT-2026-W08-C,CG-Model-B,RGB-8882,LINE-02,CNC-04,TOOL-17,FIX-C1,OP-009,Swing,2026-03-29 06:20:50,AOI,51.7,23817,837.0,3.24,0.998,-85.5,0.3064,0.0,0.693,0.024,760.0,45.8,None,None,Pass,OK,0.0,26.5,12.19,66.13,0.0,20.28,66.25,0.0,False,False
GLS-2026-0008960,LOT-2026-W08-C,CG-Model-A,RGB-8448,LINE-02,CNC-04,TOOL-09,FIX-C3,OP-027,Swing,2026-03-29 06:25:48,AOI,86.3,23807,884.2,3.28,0.995,-82.9,0.3122,5.6,0.6979,0.0495,801.9,45.0,None,None,Pass,OK,5.6,5.6,12.19,66.13,0.0,20.28,66.25,0.0,False,False
GLS-2026-0037930,LOT-2026-W08-C,CG-Model-A,RGB-8448,LINE-01,CNC-04,TOOL-07,FIX-B1,OP-027,Day,2026-03-29 06:46:55,AOI,64.1,24261,930.0,3.1,0.954,-83.0,0.3116,0.0,0.6994,0.0191,809.7,46.5,None,None,Pass,OK,0.0,5.6,12.19,66.13,0.0,20.28,66.25,0.0,False,False
GLS-2026-0020194,LOT-2026-W08-C,CG-Model-A,RGB-9049,LINE-02,CNC-04,TOOL-15,FIX-A2,OP-023,Swing,2026-03-29 06:50:33,AOI,36.1,24204,880.9,3.12,1.0,-80.2,0.2908,0.0,0.6988,0.0343,756.1,49.1,None,None,Pass,OK,0.0,0.0,12.19,66.13,0.0,20.28,66.25,0.0,False,False
GLS-2026-0006425,LOT-2026-W08-C,CG-Model-A,RGB-8715,LINE-01,CNC-04,TOOL-18,FIX-C3,OP-014,Day,2026-03-29 07:00:45,AOI,19.4,24315,827.4,3.18,0.982,-81.2,0.2915,0.0,0.7007,0.0258,787.1,44.7,None,None,Pass,OK,0.0,0.0,12.19,66.13,0.0,20.28,66.25,0.0,False,False
GLS-2026-0018763,LOT-2026-W08-C,CG-Model-C,RGB-8280,LINE-02,CNC-04,TOOL-01,FIX-A1,OP-001,Day,2026-03-29 07:07:05,AOI,80.7,23993,828.3,3.2,1.0,-83.9,0.311,19.8,0.6995,0.0284,777.2,47.2,None,None,Pass,OK,19.8,19.8,12.19,66.13,0.0,20.28,66.25,0.0,False,False
GLS-2026-0012022,LOT-2026-W08-C,CG-Model-A,RGB-8438,LINE-02,CNC-04,TOOL-06,FIX-A1,OP-029,Night,2026-03-29 07:07:12,AOI,35.8,24211,864.4,3.04,0.907,-81.3,0.3041,6.1,0.6974,0.0124,791.9,43.4,None,None,Pass,OK,6.1,13.700000000000001,12.19,66.13,0.0,20.28,66.25,0.0,False,False
GLS-2026-0044959,LOT-2026-W08-C,CG-Model-B,RGB-9797,LINE-02,CNC-04,TOOL-03,FIX-B2,OP-025,Night,2026-03-29 07:13:47,AOI,57.8,24161,847.7,3.15,0.911,-86.8,0.3227,0.0,0.699,0.033,783.6,46.1,None,None,Pass,OK,0.0,6.1,12.19,66.13,0.0,20.28,66.25,0.0,False,False
GLS-2026-0014635,LOT-2026-W08-C,CG-Model-A,RGB-8246,LINE-02,CNC-04,TOOL-08,FIX-B2,OP-008,Night,2026-03-29 07:23:56,AOI,74.9,23629,827.5,3.11,0.925,-80.6,0.3238,18.3,0.7017,0.0291,773.7,48.0,None,None,Pass,OK,18.3,18.3,12.19,66.13,0.0,20.28,66.25,0.0,False,False
GLS-2026-0021807,LOT-2026-W08-C,CG-Model-B,RGB-8691,LINE-01,CNC-04,TOOL-10,FIX-B3,OP-007,Day,2026-03-29 07:24:51,AOI,30.5,23801,884.7,3.19,1.0,-80.7,0.2981,0.0,0.6953,0.0143,787.6,48.3,None,None,Pass,OK,0.0,18.3,12.19,66.13,0.0,20.28,66.25,0.0,False,False
GLS-2026-0013758,LOT-2026-W08-C,CG-Model-B,RGB-8847,LINE-01,CNC-04,TOOL-19,FIX-A3,OP-009,Day,2026-03-29 07:25:09,AOI,44.5,23535,854.1,3.18,1.0,-81.5,0.2936,0.0,0.7065,0.0414,805.3,44.0,None,None,Pass,OK,0.0,0.0,12.19,66.13,0.0,20.28,66.25,0.0,False,False
GLS-2026-0017085,LOT-2026-W08-C,CG-Model-C,RGB-8572,LINE-01,CNC-04,TOOL-21,FIX-C2,OP-019,Day,2026-03-29 07:26:58,AOI,68.1,23871,904.5,3.27,0.969,-81.5,0.3042,0.0,0.691,0.0217,789.3,46.2,None,None,Pass,OK,0.0,0.0,12.19,66.13,0.0,20.28,66.25,0.0,False,False
GLS-2026-0001955,LOT-2026-W08-C,CG-Model-B,RGB-8950,LINE-02,CNC-04,TOOL-12,FIX-C2,OP-022,Day,2026-03-29 07:33:24,AOI,52.3,23871,838.5,3.28,0.905,-83.1,0.3016,0.0,0.7016,0.0417,770.2,45.4,None,None,Pass,OK,0.0,0.0,12.19,66.13,0.0,20.28,66.25,0.0,False,False
GLS-2026-0041000,LOT-2026-W08-C,CG-Model-B,RGB-9435,LINE-01,CNC-04,TOOL-22,FIX-B3,OP-016,Swing,2026-03-29 07:47:45,AOI,10.1,23812,846.5,2.89,0.815,-77.9,0.2774,0.0,0.6994,0.0293,789.3,45.4,None,None,Pass,OK,0.0,0.0,12.19,66.13,0.0,20.28,66.25,0.0,False,False
GLS-2026-0044531,LOT-2026-W08-C,CG-Model-A,RGB-9020,LINE-02,CNC-04,TOOL-24,FIX-A2,OP-005,Swing,2026-03-29 08:27:13,AOI,52.3,23858,850.8,2.94,0.892,-81.1,0.2971,0.0,0.6949,0.0422,786.7,45.5,None,None,Pass,OK,0.0,0.0,12.19,66.13,0.0,20.28,66.25,0.0,False,False
GLS-2026-0038295,LOT-2026-W08-C,CG-Model-A,RGB-8815,LINE-01,CNC-04,TOOL-01,FIX-A1,OP-022,Swing,2026-03-29 08:39:54,AOI,31.0,23731,787.5,3.22,0.944,-83.6,0.3049,0.0,0.7044,0.0333,771.6,49.2,None,None,Pass,OK,0.0,0.0,12.19,66.13,0.0,20.28,66.25,0.0,False,False
GLS-2026-0037969,LOT-2026-W08-C,CG-Model-A,RGB-8300,LINE-02,CNC-04,TOOL-18,FIX-B2,OP-029,Swing,2026-03-29 08:44:38,AOI,69.3,24132,843.9,2.95,0.871,-77.8,0.3177,7.1,0.6991,0.032,763.8,47.6,None,None,Pass,OK,7.1,7.1,12.19,66.13,0.0,20.28,66.25,0.0,False,False
GLS-2026-0015617,LOT-2026-W08-C,CG-Model-A,RGB-8828,LINE-01,CNC-04,TOOL-15,FIX-B3,OP-027,Day,2026-03-29 08:48:00,AOI,63.5,23852,860.9,3.26,0.952,-87.4,0.3052,0.0,0.6994,0.025,768.9,45.8,None,None,Pass,OK,0.0,7.1,12.19,66.13,0.0,20.28,66.25,0.0,False,False
GLS-2026-0036316,LOT-2026-W08-C,CG-Model-B,RGB-9795,LINE-02,CNC-04,TOOL-04,FIX-A3,OP-014,Day,2026-03-29 08:55:08,AOI,40.2,24614,845.4,3.11,0.93,-80.6,0.2892,0.0,0.7053,0.0154,771.4,43.3,None,None,Pass,OK,0.0,0.0,12.19,66.13,0.0,20.28,66.25,0.0,False,False
GLS-2026-0046964,LOT-2026-W08-C,CG-Model-B,RGB-9288,LINE-01,CNC-04,TOOL-18,FIX-B2,OP-021,Swing,2026-03-29 08:55:36,AOI,19.3,23903,852.5,3.09,0.991,-80.7,0.2993,9.2,0.6933,0.0333,763.1,46.8,None,None,Pass,OK,9.2,9.2,12.19,66.13,0.0,20.28,66.25,0.0,False,False
GLS-2026-0045135,LOT-2026-W08-C,CG-Model-A,RGB-9421,LINE-01,CNC-04,TOOL-13,FIX-C2,OP-003,Swing,2026-03-29 09:14:00,AOI,18.7,23792,809.3,3.14,1.0,-84.1,0.2938,0.0,0.7013,0.013,790.0,47.9,None,None,Pass,OK,0.0,9.2,12.19,66.13,0.0,20.28,66.25,0.0,False,False
GLS-2026-0011102,LOT-2026-W08-C,CG-Model-A,RGB-8666,LINE-02,CNC-04,TOOL-24,FIX-A2,OP-030,Day,2026-03-29 09:18:51,AOI,81.1,23977,788.2,3.03,0.881,-82.8,0.3121,45.1,0.7053,0.0243,778.5,42.0,None,None,Pass,OK,45.1,45.1,12.19,66.13,0.0,20.28,66.25,0.0,False,False
GLS-2026-0032745,LOT-2026-W08-C,CG-Model-B,RGB-9200,LINE-01,CNC-04,TOOL-16,FIX-B3,OP-027,Day,2026-03-29 09:23:55,AOI,56.4,23990,828.9,3.01,0.957,-81.5,0.296,0.0,0.7007,0.0157,769.4,44.5,None,None,Pass,OK,0.0,45.1,12.19,66.13,0.0,20.28,66.25,0.0,False,False
GLS-2026-0036619,LOT-2026-W08-C,CG-Model-B,RGB-9347,LINE-01,CNC-04,TOOL-16,FIX-A2,OP-020,Day,2026-03-29 09:31:01,AOI,46.2,23769,818.5,3.3,0.958,-79.5,0.2904,0.0,0.7052,0.0187,782.2,48.0,None,None,Pass,OK,0.0,0.0,12.19,66.13,0.0,20.28,66.25,0.0,False,False
GLS-2026-0015636,LOT-2026-W08-C,CG-Model-B,RGB-9472,LINE-01,CNC-04,TOOL-15,FIX-A1,OP-016,Night,2026-03-29 10:08:55,AOI,42.9,23721,829.5,3.26,0.96,-79.5,0.2985,0.0,0.7016,0.0019,770.9,48.3,None,None,Pass,OK,0.0,0.0,12.19,66.13,0.0,20.28,66.25,0.0,False,False
GLS-2026-0032395,LOT-2026-W08-C,CG-Model-C,RGB-9659,LINE-02,CNC-04,TOOL-12,FIX-B2,OP-025,Swing,2026-03-29 10:22:33,AOI,21.0,23516,929.6,3.24,0.932,-78.6,0.3121,13.9,0.7027,0.0288,786.3,47.5,None,None,Pass,OK,13.9,13.9,12.19,66.13,0.0,20.28,66.25,0.0,False,False
GLS-2026-0031626,LOT-2026-W08-C,CG-Model-A,RGB-9704,LINE-02,CNC-04,TOOL-19,FIX-C1,OP-027,Day,2026-03-29 10:24:51,AOI,75.7,23947,835.8,3.33,0.945,-82.7,0.3023,13.0,0.6995,0.0519,779.5,46.9,None,None,Pass,OK,13.0,0.9000000000000004,12.19,66.13,0.0,20.28,66.25,0.0,False,False
GLS-2026-0034024,LOT-2026-W08-C,CG-Model-A,RGB-9604,LINE-02,CNC-04,TOOL-12,FIX-C2,OP-009,Night,2026-03-29 10:28:02,AOI,68.3,23761,859.1,3.03,0.914,-81.1,0.3124,6.6,0.7036,0.0366,784.6,45.8,None,None,Pass,OK,6.6,6.4,12.19,66.13,0.0,20.28,66.25,0.0,False,False
GLS-2026-0025446,LOT-2026-W08-C,CG-Model-B,RGB-9447,LINE-02,CNC-04,TOOL-03,FIX-B3,OP-019,Day,2026-03-29 10:35:45,AOI,46.1,24110,849.4,3.06,0.977,-84.2,0.2975,14.3,0.7023,0.0409,775.7,46.3,None,None,Pass,OK,14.3,7.700000000000001,12.19,66.13,0.0,20.28,66.25,0.0,False,False
GLS-2026-0017065,LOT-2026-W08-C,CG-Model-C,RGB-9421,LINE-01,CNC-04,TOOL-15,FIX-C2,OP-005,Day,2026-03-29 11:02:57,AOI,61.9,23949,836.9,3.15,0.995,-85.1,0.3032,0.0,0.6997,0.0264,772.3,48.1,None,None,Pass,OK,0.0,14.3,12.19,66.13,0.0,20.28,66.25,0.0,False,False
GLS-2026-0016310,LOT-2026-W08-C,CG-Model-B,RGB-9011,LINE-01,CNC-04,TOOL-04,FIX-B1,OP-010,Day,2026-03-29 11:17:53,AOI,82.9,23762,807.7,3.25,1.0,-81.8,0.2973,32.4,0.6935,0.0048,784.8,49.2,None,None,Pass,OK,32.4,32.4,12.19,66.13,0.0,20.28,66.25,0.0,False,False
GLS-2026-0040351,LOT-2026-W08-C,CG-Model-A,RGB-8201,LINE-02,CNC-04,TOOL-11,FIX-B3,OP-014,Swing,2026-03-29 11:38:36,AOI,44.5,23931,838.2,3.33,1.0,-79.2,0.2902,0.0,0.6987,0.0273,795.7,45.9,None,None,Pass,OK,0.0,32.4,12.19,66.13,0.0,20.28,66.25,0.0,False,False
GLS-2026-0016906,LOT-2026-W08-C,CG-Model-C,RGB-8791,LINE-02,CNC-04,TOOL-08,FIX-B3,OP-003,Day,2026-03-29 11:56:36,AOI,40.4,23802,876.5,3.01,1.0,-83.4,0.3042,0.0,0.6937,0.0237,784.9,46.4,None,None,Pass,OK,0.0,0.0,12.19,66.13,0.0,20.28,66.25,0.0,False,False
GLS-2026-0045422,LOT-2026-W08-C,CG-Model-B,RGB-9960,LINE-02,CNC-04,TOOL-04,FIX-C1,OP-012,Swing,2026-03-29 11:57:07,AOI,13.6,23956,804.6,3.08,1.0,-84.9,0.2801,7.1,0.6916,0.0161,778.9,46.0,None,None,Pass,OK,7.1,7.1,12.19,66.13,0.0,20.28,66.25,0.0,False,False
GLS-2026-0006786,LOT-2026-W08-C,CG-Model-B,RGB-8136,LINE-02,CNC-04,TOOL-07,FIX-C3,OP-012,Day,2026-03-29 11:57:38,AOI,45.9,24029,839.7,3.23,0.961,-80.1,0.2906,0.0,0.6956,0.033,773.2,47.4,None,None,Pass,OK,0.0,7.1,12.19,66.13,0.0,20.28,66.25,0.0,False,False
GLS-2026-0005649,LOT-2026-W08-C,CG-Model-A,RGB-8141,LINE-01,CNC-04,TOOL-24,FIX-C1,OP-007,Night,2026-03-29 12:00:21,AOI,77.6,24288,847.7,3.22,0.946,-81.3,0.3072,72.6,0.6931,0.0197,785.4,45.3,None,None,Pass,OK,72.6,72.6,12.19,66.13,0.0,20.28,66.25,0.0,True,True
GLS-2026-0024866,LOT-2026-W08-C,CG-Model-B,RGB-9158,LINE-01,CNC-04,TOOL-17,FIX-B1,OP-003,Swing,2026-03-29 12:08:26,AOI,48.8,24136,785.4,3.24,0.92,-81.0,0.3027,0.0,0.7016,0.0389,800.9,46.2,None,None,Pass,OK,0.0,72.6,12.19,66.13,0.0,20.28,66.25,0.0,False,True
GLS-2026-0042671,LOT-2026-W08-C,CG-Model-B,RGB-9678,LINE-02,CNC-04,TOOL-10,FIX-A2,OP-028,Night,2026-03-29 12:10:08,AOI,73.6,23609,971.1,3.14,0.928,-79.1,0.302,0.0,0.6979,0.0274,783.6,41.4,None,None,Pass,OK,0.0,0.0,12.19,66.13,0.0,20.28,66.25,0.0,False,False
GLS-2026-0014250,LOT-2026-W08-C,CG-Model-B,RGB-8850,LINE-02,CNC-04,TOOL-20,FIX-C2,OP-016,Swing,2026-03-29 13:06:15,AOI,75.2,24236,840.0,3.18,0.926,-78.6,0.3119,0.0,0.7049,0.0156,786.6,51.8,None,None,Pass,OK,0.0,0.0,12.19,66.13,0.0,20.28,66.25,0.0,False,False
GLS-2026-0020200,LOT-2026-W08-C,CG-Model-B,RGB-8350,LINE-02,CNC-04,TOOL-20,FIX-C3,OP-016,Night,2026-03-29 13:09:16,AOI,43.7,24176,873.3,3.04,0.968,-86.5,0.3098,5.8,0.7028,0.0385,774.9,46.7,None,None,Pass,OK,5.8,5.8,12.19,66.13,0.0,20.28,66.25,0.0,False,False
GLS-2026-0048528,LOT-2026-W08-C,CG-Model-B,RGB-8756,LINE-02,CNC-04,TOOL-22,FIX-A2,OP-018,Day,2026-03-29 13:29:09,AOI,74.1,24126,871.5,2.98,0.92,-81.2,0.3132,0.0,0.7068,0.0406,787.2,49.0,None,None,Pass,OK,0.0,5.8,12.19,66.13,0.0,20.28,66.25,0.0,False,False
GLS-2026-0018969,LOT-2026-W08-C,CG-Model-B,RGB-9983,LINE-02,CNC-04,TOOL-19,FIX-A1,OP-003,Day,2026-03-29 13:47:30,AOI,59.9,23854,870.2,3.26,0.92,-77.5,0.3152,11.1,0.706,0.0375,779.7,45.3,None,None,Pass,OK,11.1,11.1,12.19,66.13,0.0,20.28,66.25,0.0,False,False
GLS-2026-0038253,LOT-2026-W08-C,CG-Model-B,RGB-8706,LINE-02,CNC-04,TOOL-04,FIX-B1,OP-023,Day,2026-03-29 14:15:05,AOI,62.3,24152,840.9,3.03,0.902,-83.6,0.3081,0.0,0.6938,0.0003,805.0,46.3,None,None,Pass,OK,0.0,11.1,12.19,66.13,0.0,20.28,66.25,0.0,False,False
GLS-2026-0017969,LOT-2026-W08-C,CG-Model-A,RGB-9421,LINE-02,CNC-04,TOOL-23,FIX-C2,OP-006,Swing,2026-03-29 14:32:26,AOI,78.7,24228,857.3,3.19,0.947,-79.6,0.3255,6.4,0.7033,0.0287,765.0,47.2,None,None,Pass,OK,6.4,6.4,12.19,66.13,0.0,20.28,66.25,0.0,False,False
GLS-2026-0030122,LOT-2026-W08-C,CG-Model-C,RGB-8522,LINE-01,CNC-04,TOOL-03,FIX-C1,OP-007,Day,2026-03-29 14:45:00,AOI,65.7,23871,852.0,3.06,0.952,-84.5,0.2986,0.0,0.6982,0.0268,780.5,44.9,None,None,Pass,OK,0.0,6.4,12.19,66.13,0.0,20.28,66.25,0.0,False,False
GLS-2026-0013896,LOT-2026-W08-C,CG-Model-B,RGB-8823,LINE-01,CNC-04,TOOL-13,FIX-B2,OP-017,Night,2026-03-29 14:48:33,AOI,72.9,24068,894.9,3.03,0.977,-82.6,0.3133,0.0,0.705,0.0187,766.9,45.1,None,None,Pass,OK,0.0,0.0,12.19,66.13,0.0,20.28,66.25,0.0,False,False
GLS-2026-0029926,LOT-2026-W08-C,CG-Model-B,RGB-9330,LINE-02,CNC-04,TOOL-10,FIX-C1,OP-009,Night,2026-03-29 15:33:20,AOI,73.8,23808,799.0,3.13,0.824,-76.9,0.2947,0.0,0.6951,0.012,768.8,46.6,None,None,Pass,OK,0.0,0.0,12.19,66.13,0.0,20.28,66.25,0.0,False,False
GLS-2026-0035687,LOT-2026-W08-C,CG-Model-A,RGB-9924,LINE-01,CNC-04,TOOL-11,FIX-A3,OP-001,Night,2026-03-29 15:35:47,AOI,76.8,23671,845.1,2.95,0.822,-76.7,0.3082,53.0,0.7028,0.0353,795.5,44.3,None,None,Pass,OK,53.0,53.0,12.19,66.13,0.0,20.28,66.25,0.0,False,False
GLS-2026-0048763,LOT-2026-W08-C,CG-Model-B,RGB-9089,LINE-02,CNC-04,TOOL-03,FIX-B2,OP-009,Night,2026-03-29 15:51:06,AOI,55.2,24230,912.2,3.16,0.953,-79.8,0.3189,63.5,0.7051,0.0305,787.5,43.7,None,None,Pass,OK,63.5,10.5,12.19,66.13,0.0,20.28,66.25,0.0,False,False
GLS-2026-0013471,LOT-2026-W08-C,CG-Model-B,RGB-9879,LINE-02,CNC-04,TOOL-18,FIX-B2,OP-011,Swing,2026-03-29 15:59:34,AOI,82.8,24170,801.6,3.23,0.969,-81.0,0.3116,55.9,0.699,0.0328,810.5,46.7,None,None,Pass,OK,55.9,7.600000000000001,12.19,66.13,0.0,20.28,66.25,0.0,False,False
GLS-2026-0021286,LOT-2026-W08-C,CG-Model-A,RGB-9405,LINE-01,CNC-04,TOOL-20,FIX-A2,OP-002,Day,2026-03-29 16:02:59,AOI,75.5,24344,942.3,3.12,1.0,-81.9,0.3047,0.0,0.7034,0.03,796.4,44.3,None,None,Pass,OK,0.0,55.9,12.19,66.13,0.0,20.28,66.25,0.0,False,False
GLS-2026-0029082,LOT-2026-W08-C,CG-Model-A,RGB-8515,LINE-01,CNC-04,TOOL-12,FIX-A2,OP-021,Swing,2026-03-29 16:21:36,AOI,65.2,23966,899.9,3.15,0.981,-84.5,0.2943,0.0,0.7021,0.0196,791.1,41.6,None,None,Pass,OK,0.0,0.0,12.19,66.13,0.0,20.28,66.25,0.0,False,False
GLS-2026-0042492,LOT-2026-W08-C,CG-Model-C,RGB-8531,LINE-01,CNC-04,TOOL-18,FIX-C2,OP-028,Swing,2026-03-29 17:00:06,AOI,43.5,23362,840.0,3.2,1.0,-82.4,0.2948,0.0,0.7014,0.0312,792.4,46.8,None,None,Pass,OK,0.0,0.0,12.19,66.13,0.0,20.28,66.25,0.0,False,False
GLS-2026-0030368,LOT-2026-W08-C,CG-Model-C,RGB-9067,LINE-02,CNC-04,TOOL-23,FIX-C3,OP-009,Swing,2026-03-29 17:11:51,AOI,23.9,24385,886.4,2.89,0.907,-81.0,0.2832,8.4,0.7011,0.0216,805.4,47.8,None,None,Pass,OK,8.4,8.4,12.19,66.13,0.0,20.28,66.25,0.0,False,False
GLS-2026-0022798,LOT-2026-W08-C,CG-Model-A,RGB-8978,LINE-02,CNC-04,TOOL-23,FIX-A1,OP-029,Day,2026-03-29 17:16:29,AOI,45.9,23816,814.6,3.17,1.0,-73.9,0.3064,0.0,0.7005,0.0245,775.5,46.1,None,None,Pass,OK,0.0,8.4,12.19,66.13,0.0,20.28,66.25,0.0,False,False
GLS-2026-0015296,LOT-2026-W08-C,CG-Model-B,RGB-8569,LINE-01,CNC-04,TOOL-13,FIX-B2,OP-022,Day,2026-03-29 17:30:41,AOI,69.9,24350,860.0,3.12,1.0,-78.2,0.3181,5.2,0.7068,0.0124,801.8,43.9,None,None,Pass,OK,5.2,5.2,12.19,66.13,0.0,20.28,66.25,0.0,False,False
GLS-2026-0010786,LOT-2026-W08-C,CG-Model-B,RGB-9853,LINE-01,CNC-04,TOOL-15,FIX-C1,OP-020,Day,2026-03-29 17:53:28,AOI,92.4,24226,868.3,3.4,0.986,-79.8,0.3055,168.9,0.6986,0.0272,797.8,43.5,Edge_Chipping,Camera_Hole,Fail,NG,168.9,163.70000000000002,12.19,66.13,0.0,20.28,66.25,0.0,True,True
GLS-2026-0042013,LOT-2026-W08-C,CG-Model-B,RGB-8955,LINE-02,CNC-04,TOOL-21,FIX-A2,OP-003,Day,2026-03-29 18:04:59,AOI,75.5,24061,855.8,3.14,1.0,-81.2,0.3126,0.0,0.6949,0.0263,781.1,46.3,None,None,Pass,OK,0.0,168.9,12.19,66.13,0.0,20.28,66.25,0.0,False,True
GLS-2026-0041006,LOT-2026-W08-C,CG-Model-A,RGB-8234,LINE-02,CNC-04,TOOL-19,FIX-B3,OP-003,Day,2026-03-29 18:10:08,AOI,61.5,24467,786.8,2.99,0.929,-80.0,0.3026,0.0,0.6992,0.0287,774.7,47.6,None,None,Pass,OK,0.0,0.0,12.19,66.13,0.0,20.28,66.25,0.0,False,False
GLS-2026-0002536,LOT-2026-W08-C,CG-Model-A,RGB-8495,LINE-02,CNC-04,TOOL-11,FIX-B1,OP-001,Swing,2026-03-29 18:15:31,AOI,51.5,24121,817.6,3.18,1.0,-83.0,0.29,0.0,0.7001,0.0171,783.0,47.6,None,None,Pass,OK,0.0,0.0,12.19,66.13,0.0,20.28,66.25,0.0,False,False
GLS-2026-0030703,LOT-2026-W08-C,CG-Model-B,RGB-9118,LINE-02,CNC-04,TOOL-05,FIX-C3,OP-026,Swing,2026-03-29 18:16:52,AOI,66.7,23985,829.0,3.21,1.0,-80.5,0.3061,0.0,0.6987,0.0182,792.8,46.2,None,None,Pass,OK,0.0,0.0,12.19,66.13,0.0,20.28,66.25,0.0,False,False
GLS-2026-0011988,LOT-2026-W08-C,CG-Model-C,RGB-9612,LINE-01,CNC-04,TOOL-13,FIX-C1,OP-019,Night,2026-03-29 18:22:22,AOI,73.0,23628,811.5,3.09,0.926,-78.3,0.313,0.0,0.6946,0.0364,761.9,43.1,None,None,Pass,OK,0.0,0.0,12.19,66.13,0.0,20.28,66.25,0.0,False,False
GLS-2026-0043678,LOT-2026-W08-C,CG-Model-C,RGB-8639,LINE-01,CNC-04,TOOL-10,FIX-A3,OP-012,Swing,2026-03-29 18:23:12,AOI,67.0,24216,815.8,3.23,0.961,-81.2,0.3183,0.0,0.7039,0.0307,771.3,45.1,None,None,Pass,OK,0.0,0.0,12.19,66.13,0.0,20.28,66.25,0.0,False,False
GLS-2026-0041576,LOT-2026-W08-C,CG-Model-A,RGB-8938,LINE-02,CNC-04,TOOL-02,FIX-A2,OP-024,Day,2026-03-29 18:28:11,AOI,44.4,23606,873.0,3.17,0.96,-82.8,0.2893,0.0,0.7018,0.0141,783.8,43.8,None,None,Pass,OK,0.0,0.0,12.19,66.13,0.0,20.28,66.25,0.0,False,False
GLS-2026-0029585,LOT-2026-W08-C,CG-Model-C,RGB-9314,LINE-01,CNC-04,TOOL-18,FIX-B1,OP-019,Swing,2026-03-29 18:28:17,AOI,55.9,24081,845.5,3.06,0.938,-84.0,0.2916,0.0,0.7035,0.0299,782.5,43.1,None,None,Pass,OK,0.0,0.0,12.19,66.13,0.0,20.28,66.25,0.0,False,False
GLS-2026-0020491,LOT-2026-W08-C,CG-Model-C,RGB-8920,LINE-01,CNC-04,TOOL-06,FIX-C1,OP-001,Night,2026-03-29 18:33:13,AOI,65.9,23688,843.1,3.31,0.942,-79.6,0.2916,12.6,0.704,0.0261,777.7,43.3,None,None,Pass,OK,12.6,12.6,12.19,66.13,0.0,20.28,66.25,0.0,False,False
GLS-2026-0007063,LOT-2026-W08-C,CG-Model-A,RGB-9143,LINE-01,CNC-04,TOOL-03,FIX-C2,OP-016,Swing,2026-03-29 18:35:29,AOI,48.9,24404,843.1,3.01,0.944,-82.3,0.295,0.0,0.7053,0.0181,767.7,47.3,None,None,Pass,OK,0.0,12.6,12.19,66.13,0.0,20.28,66.25,0.0,False,False
GLS-2026-0022413,LOT-2026-W08-C,CG-Model-B,RGB-9064,LINE-01,CNC-04,TOOL-18,FIX-C2,OP-012,Night,2026-03-29 18:50:57,AOI,78.2,24168,938.7,3.21,0.929,-80.5,0.2903,90.2,0.7041,0.0209,789.0,45.4,Edge_Chipping,Edge,Fail,NG,90.2,90.2,12.19,66.13,0.0,20.28,66.25,0.0,True,True
GLS-2026-0047453,LOT-2026-W08-C,CG-Model-B,RGB-9959,LINE-02,CNC-04,TOOL-13,FIX-B2,OP-027,Swing,2026-03-29 18:51:05,AOI,60.5,23544,750.6,3.22,0.968,-81.1,0.3061,58.8,0.7051,0.018,785.8,46.2,None,None,Pass,OK,58.8,31.400000000000006,12.19,66.13,0.0,20.28,66.25,0.0,False,False
GLS-2026-0020014,LOT-2026-W08-C,CG-Model-B,RGB-9642,LINE-01,CNC-04,TOOL-10,FIX-B1,OP-030,Day,2026-03-29 19:14:59,AOI,27.8,24117,871.5,3.15,0.996,-82.6,0.2874,0.0,0.7026,0.0247,823.0,47.6,None,None,Pass,OK,0.0,58.8,12.19,66.13,0.0,20.28,66.25,0.0,False,False
GLS-2026-0010117,LOT-2026-W08-C,CG-Model-A,RGB-9920,LINE-01,CNC-04,TOOL-06,FIX-A1,OP-016,Day,2026-03-29 19:15:35,AOI,76.9,24480,833.2,2.94,0.866,-89.0,0.3094,10.1,0.7044,0.0432,779.9,47.6,None,None,Pass,OK,10.1,10.1,12.19,66.13,0.0,20.28,66.25,0.0,False,False
GLS-2026-0031371,LOT-2026-W08-C,CG-Model-B,RGB-8482,LINE-01,CNC-04,TOOL-14,FIX-C3,OP-027,Day,2026-03-29 19:17:51,AOI,61.0,24116,822.3,3.08,0.957,-82.6,0.3039,0.0,0.7035,0.0363,798.4,43.8,None,None,Pass,OK,0.0,10.1,12.19,66.13,0.0,20.28,66.25,0.0,False,False
GLS-2026-0007982,LOT-2026-W08-C,CG-Model-B,RGB-9077,LINE-01,CNC-04,TOOL-10,FIX-C2,OP-017,Day,2026-03-29 19:38:00,AOI,12.4,23635,916.0,3.24,0.937,-83.3,0.2831,0.0,0.6993,0.0162,791.4,44.4,None,None,Pass,OK,0.0,0.0,12.19,66.13,0.0,20.28,66.25,0.0,False,False
GLS-2026-0024981,LOT-2026-W08-C,CG-Model-A,RGB-9982,LINE-01,CNC-04,TOOL-14,FIX-A3,OP-023,Day,2026-03-29 19:39:03,AOI,24.4,23682,840.5,3.06,0.981,-81.4,0.2779,0.0,0.7047,0.0206,783.7,44.7,None,None,Pass,OK,0.0,0.0,12.19,66.13,0.0,20.28,66.25,0.0,False,False
GLS-2026-0018449,LOT-2026-W08-C,CG-Model-A,RGB-8976,LINE-02,CNC-04,TOOL-21,FIX-B3,OP-008,Swing,2026-03-29 19:46:14,AOI,21.0,23825,878.5,3.11,1.0,-78.6,0.2866,0.0,0.7043,0.0235,763.5,44.6,None,None,Pass,OK,0.0,0.0,12.19,66.13,0.0,20.28,66.25,0.0,False,False
GLS-2026-0011238,LOT-2026-W08-C,CG-Model-A,RGB-8661,LINE-02,CNC-04,TOOL-05,FIX-A3,OP-010,Night,2026-03-29 19:57:02,AOI,72.1,23879,893.1,2.95,0.846,-85.8,0.3073,24.7,0.704,0.0331,776.5,43.4,None,None,Pass,OK,24.7,24.7,12.19,66.13,0.0,20.28,66.25,0.0,False,False
GLS-2026-0027259,LOT-2026-W08-C,CG-Model-A,RGB-9592,LINE-01,CNC-04,TOOL-16,FIX-B1,OP-006,Night,2026-03-29 20:08:53,AOI,44.4,24332,885.1,3.14,0.974,-79.6,0.2915,0.0,0.6931,0.0532,763.6,44.8,None,None,Pass,OK,0.0,24.7,12.19,66.13,0.0,20.28,66.25,0.0,False,False
GLS-2026-0028437,LOT-2026-W08-C,CG-Model-A,RGB-9072,LINE-02,CNC-04,TOOL-08,FIX-C2,OP-005,Night,2026-03-29 20:21:30,AOI,17.2,24029,910.5,3.07,0.914,-76.0,0.2863,7.2,0.7,0.0271,787.1,43.5,None,None,Pass,OK,7.2,7.2,12.19,66.13,0.0,20.28,66.25,0.0,False,False
GLS-2026-0004253,LOT-2026-W08-C,CG-Model-C,RGB-9299,LINE-01,CNC-04,TOOL-06,FIX-A2,OP-016,Night,2026-03-29 20:27:45,AOI,42.3,24038,831.2,3.15,0.927,-79.6,0.3029,0.0,0.7062,0.0547,797.1,48.1,None,None,Pass,OK,0.0,7.2,12.19,66.13,0.0,20.28,66.25,0.0,False,False
GLS-2026-0015830,LOT-2026-W08-C,CG-Model-C,RGB-9609,LINE-01,CNC-04,TOOL-20,FIX-B2,OP-014,Night,2026-03-29 20:41:30,AOI,25.1,24073,852.5,3.05,1.0,-74.6,0.2949,11.4,0.6943,0.0366,771.5,44.9,None,None,Pass,OK,11.4,11.4,12.19,66.13,0.0,20.28,66.25,0.0,False,False
GLS-2026-0031627,LOT-2026-W08-C,CG-Model-A,RGB-9307,LINE-02,CNC-04,TOOL-02,FIX-B3,OP-008,Night,2026-03-29 21:05:43,AOI,72.4,24107,895.1,2.94,0.852,-84.1,0.3064,0.0,0.6958,0.0394,799.5,44.4,None,None,Pass,OK,0.0,11.4,12.19,66.13,0.0,20.28,66.25,0.0,False,False
GLS-2026-0021412,LOT-2026-W08-C,CG-Model-C,RGB-9393,LINE-02,CNC-04,TOOL-15,FIX-B1,OP-023,Day,2026-03-29 21:06:14,AOI,69.5,23675,855.6,3.09,0.919,-79.9,0.3165,0.0,0.6976,0.021,760.0,47.4,None,None,Pass,OK,0.0,0.0,12.19,66.13,0.0,20.28,66.25,0.0,False,False
GLS-2026-0012341,LOT-2026-W08-C,CG-Model-C,RGB-8949,LINE-01,CNC-04,TOOL-16,FIX-B3,OP-001,Day,2026-03-29 21:31:31,AOI,63.0,23993,856.2,3.21,1.0,-81.1,0.2999,0.0,0.6992,0.0269,784.5,45.8,None,None,Pass,OK,0.0,0.0,12.19,66.13,0.0,20.28,66.25,0.0,False,False
GLS-2026-0045583,LOT-2026-W08-C,CG-Model-A,RGB-9048,LINE-02,CNC-04,TOOL-15,FIX-B2,OP-025,Day,2026-03-29 21:43:59,AOI,64.5,23966,891.8,3.29,0.995,-81.4,0.324,0.0,0.6973,0.0265,797.1,44.6,None,None,Pass,OK,0.0,0.0,12.19,66.13,0.0,20.28,66.25,0.0,False,False
GLS-2026-0029355,LOT-2026-W08-C,CG-Model-A,RGB-8567,LINE-01,CNC-04,TOOL-06,FIX-C1,OP-017,Swing,2026-03-29 21:49:45,AOI,82.7,23460,796.1,3.21,1.0,-79.2,0.33,6.1,0.6983,0.0548,782.5,48.1,None,None,Pass,OK,6.1,6.1,12.19,66.13,0.0,20.28,66.25,0.0,False,False
GLS-2026-0005784,LOT-2026-W08-C,CG-Model-A,RGB-9094,LINE-02,CNC-04,TOOL-02,FIX-C2,OP-015,Day,2026-03-29 21:56:12,AOI,28.0,24221,809.3,3.31,1.0,-86.1,0.2886,0.0,0.7087,0.0145,774.1,43.7,None,None,Pass,OK,0.0,6.1,12.19,66.13,0.0,20.28,66.25,0.0,False,False
GLS-2026-0026357,LOT-2026-W08-C,CG-Model-B,RGB-8641,LINE-02,CNC-04,TOOL-01,FIX-A1,OP-009,Day,2026-03-29 22:02:20,AOI,20.6,24339,935.0,3.29,0.995,-81.3,0.288,8.5,0.7004,0.0394,768.1,48.6,None,None,Pass,OK,8.5,8.5,12.19,66.13,0.0,20.28,66.25,0.0,False,False
GLS-2026-0002974,LOT-2026-W08-C,CG-Model-B,RGB-9284,LINE-02,CNC-04,TOOL-07,FIX-A1,OP-021,Day,2026-03-29 22:05:27,AOI,40.0,24106,870.0,3.05,0.965,-80.9,0.2908,0.0,0.7047,0.0347,800.3,44.0,None,None,Pass,OK,0.0,8.5,12.19,66.13,0.0,20.28,66.25,0.0,False,False
GLS-2026-0039813,LOT-2026-W08-C,CG-Model-C,RGB-8991,LINE-01,CNC-04,TOOL-19,FIX-A1,OP-001,Day,2026-03-29 22:13:29,AOI,80.7,24064,762.5,3.08,0.96,-81.1,0.3099,24.9,0.7046,0.0304,779.4,47.1,None,None,Pass,OK,24.9,24.9,12.19,66.13,0.0,20.28,66.25,0.0,False,False
GLS-2026-0016579,LOT-2026-W08-C,CG-Model-A,RGB-9034,LINE-01,CNC-04,TOOL-16,FIX-C2,OP-010,Day,2026-03-29 22:20:41,AOI,66.8,24435,843.0,2.96,0.925,-82.9,0.3028,0.0,0.6991,0.0206,783.6,45.3,None,None,Pass,OK,0.0,24.9,12.19,66.13,0.0,20.28,66.25,0.0,False,False
GLS-2026-0041775,LOT-2026-W08-C,CG-Model-C,RGB-9801,LINE-01,CNC-04,TOOL-14,FIX-A1,OP-028,Day,2026-03-29 22:25:05,AOI,69.5,23770,868.4,3.28,1.0,-86.9,0.3107,0.0,0.7081,0.0286,787.6,47.4,None,None,Pass,OK,0.0,0.0,12.19,66.13,0.0,20.28,66.25,0.0,False,False
GLS-2026-0048282,LOT-2026-W08-C,CG-Model-A,RGB-8043,LINE-01,CNC-04,TOOL-17,FIX-B1,OP-027,Swing,2026-03-29 22:37:28,AOI,85.8,24149,887.8,3.09,0.957,-85.0,0.3153,97.4,0.6989,0.0365,795.3,43.8,Edge_Chipping,Edge,Fail,NG,97.4,97.4,12.19,66.13,0.0,20.28,66.25,0.0,True,True
GLS-2026-0001198,LOT-2026-W08-C,CG-Model-C,RGB-8206,LINE-01,CNC-04,TOOL-17,FIX-A3,OP-007,Day,2026-03-29 22:40:25,AOI,39.2,23778,834.4,3.17,0.96,-83.8,0.298,0.0,0.7138,0.0387,761.1,48.1,None,None,Pass,OK,0.0,97.4,12.19,66.13,0.0,20.28,66.25,0.0,False,True
GLS-2026-0014090,LOT-2026-W08-C,CG-Model-B,RGB-8045,LINE-02,CNC-04,TOOL-10,FIX-C2,OP-025,Swing,2026-03-29 22:42:29,AOI,35.9,23864,786.6,3.13,1.0,-81.7,0.2902,0.0,0.6939,0.032,766.2,44.7,None,None,Pass,OK,0.0,0.0,12.19,66.13,0.0,20.28,66.25,0.0,False,False
GLS-2026-0008483,LOT-2026-W08-C,CG-Model-C,RGB-9703,LINE-01,CNC-04,TOOL-06,FIX-C2,OP-030,Night,2026-03-29 22:54:50,AOI,61.8,24109,812.1,3.23,0.945,-78.9,0.3003,0.0,0.7019,0.0185,793.4,46.9,None,None,Pass,OK,0.0,0.0,12.19,66.13,0.0,20.28,66.25,0.0,False,False
GLS-2026-0029182,LOT-2026-W08-C,CG-Model-A,RGB-9631,LINE-02,CNC-04,TOOL-02,FIX-B1,OP-016,Day,2026-03-29 23:04:26,AOI,43.3,23930,843.7,3.01,0.926,-82.6,0.3074,0.0,0.7038,0.0318,774.2,44.1,None,None,Pass,OK,0.0,0.0,12.19,66.13,0.0,20.28,66.25,0.0,False,False
GLS-2026-0009133,LOT-2026-W08-C,CG-Model-B,RGB-8191,LINE-02,CNC-04,TOOL-16,FIX-A1,OP-009,Night,2026-03-29 23:24:36,AOI,47.1,24245,903.7,3.13,1.0,-88.0,0.3095,0.0,0.7043,0.0532,780.3,49.4,None,None,Pass,OK,0.0,0.0,12.19,66.13,0.0,20.28,66.25,0.0,False,False
GLS-2026-0039455,LOT-2026-W08-C,CG-Model-A,RGB-8716,LINE-02,CNC-04,TOOL-17,FIX-B3,OP-001,Night,2026-03-29 23:26:25,AOI,80.2,24071,792.6,3.07,0.99,-85.6,0.318,0.0,0.7001,0.0122,754.6,44.5,Scratch,Edge,Fail,NG,0.0,0.0,12.19,66.13,0.0,20.28,66.25,0.0,False,False
GLS-2026-0049983,LOT-2026-W08-C,CG-Model-A,RGB-9231,LINE-01,CNC-04,TOOL-09,FIX-C1,OP-007,Swing,2026-03-29 23:35:00,AOI,71.6,24167,853.5,3.13,0.955,-76.3,0.3158,0.0,0.6996,0.0322,780.7,44.8,None,None,Pass,OK,0.0,0.0,12.19,66.13,0.0,20.28,66.25,0.0,False,False
GLS-2026-0046859,LOT-2026-W08-C,CG-Model-B,RGB-9600,LINE-02,CNC-04,TOOL-24,FIX-A1,OP-011,Swing,2026-03-29 23:50:38,AOI,51.9,24052,884.2,3.25,0.925,-78.4,0.3064,0.0,0.6954,0.0257,791.7,45.7,None,None,Pass,OK,0.0,0.0,12.19,66.13,0.0,20.28,66.25,0.0,False,False
GLS-2026-0046922,LOT-2026-W08-C,CG-Model-B,RGB-8170,LINE-01,CNC-04,TOOL-08,FIX-C2,OP-012,Day,2026-03-29 23:51:59,AOI,67.6,24158,871.9,3.07,1.0,-83.6,0.3093,0.0,0.7049,0.0206,775.5,43.5,None,None,Pass,OK,0.0,0.0,12.19,66.13,0.0,20.28,66.25,0.0,False,False
GLS-2026-0041502,LOT-2026-W08-C,CG-Model-A,RGB-8267,LINE-02,CNC-04,TOOL-05,FIX-C3,OP-010,Swing,2026-03-29 23:52:31,AOI,67.0,24122,862.1,3.09,0.964,-82.1,0.3082,0.0,0.6967,0.0472,792.2,46.8,None,None,Pass,OK,0.0,0.0,12.19,66.13,0.0,20.28,66.25,0.0,False,False
GLS-2026-0018712,LOT-2026-W09-D,CG-Model-B,RGB-9396,LINE-01,CNC-04,TOOL-09,FIX-A3,OP-007,Swing,2026-03-30 00:23:24,AOI,48.5,23889,854.2,3.15,0.961,-78.8,0.3149,0.0,0.7053,0.0171,796.0,43.8,None,None,Pass,OK,0.0,0.0,12.19,66.13,0.0,20.28,66.25,0.0,False,False
GLS-2026-0032291,LOT-2026-W09-D,CG-Model-B,RGB-9171,LINE-01,CNC-04,TOOL-19,FIX-C1,OP-025,Day,2026-03-30 01:21:48,AOI,59.8,23760,825.2,3.32,0.959,-82.4,0.3109,8.8,0.7028,0.0093,754.8,45.5,None,None,Pass,OK,8.8,8.8,12.19,66.13,0.0,20.28,66.25,0.0,False,False
GLS-2026-0018366,LOT-2026-W09-D,CG-Model-B,RGB-8625,LINE-01,CNC-04,TOOL-01,FIX-C3,OP-001,Day,2026-03-30 01:28:48,AOI,54.7,24548,865.3,3.03,0.905,-81.1,0.3011,0.0,0.6971,0.0438,794.3,47.3,None,None,Pass,OK,0.0,8.8,12.19,66.13,0.0,20.28,66.25,0.0,False,False
GLS-2026-0032468,LOT-2026-W09-D,CG-Model-C,RGB-9369,LINE-01,CNC-04,TOOL-05,FIX-B3,OP-029,Day,2026-03-30 01:37:08,AOI,61.4,23725,814.1,3.18,0.962,-81.6,0.303,0.0,0.7028,0.0252,801.4,45.8,None,None,Pass,OK,0.0,0.0,12.19,66.13,0.0,20.28,66.25,0.0,False,False
GLS-2026-0035515,LOT-2026-W09-D,CG-Model-B,RGB-9600,LINE-01,CNC-04,TOOL-17,FIX-C3,OP-014,Swing,2026-03-30 01:39:39,AOI,70.4,24262,841.3,3.24,0.991,-84.3,0.3029,0.0,0.6999,0.0298,787.8,46.3,None,None,Pass,OK,0.0,0.0,12.19,66.13,0.0,20.28,66.25,0.0,False,False
GLS-2026-0032452,LOT-2026-W09-D,CG-Model-B,RGB-8664,LINE-01,CNC-04,TOOL-01,FIX-C2,OP-002,Night,2026-03-30 02:17:27,AOI,22.2,24048,805.9,2.8,0.882,-81.0,0.2893,8.6,0.7012,0.0411,786.3,46.1,None,None,Pass,OK,8.6,8.6,12.19,66.13,0.0,20.28,66.25,0.0,False,False
GLS-2026-0024039,LOT-2026-W09-D,CG-Model-A,RGB-8642,LINE-02,CNC-04,TOOL-15,FIX-C3,OP-013,Day,2026-03-30 02:17:33,AOI,53.3,24291,867.4,3.17,0.951,-79.0,0.2957,0.0,0.6929,0.0337,780.0,48.9,None,None,Pass,OK,0.0,8.6,12.19,66.13,0.0,20.28,66.25,0.0,False,False
GLS-2026-0026655,LOT-2026-W09-D,CG-Model-C,RGB-9448,LINE-01,CNC-04,TOOL-02,FIX-C1,OP-011,Swing,2026-03-30 02:25:52,AOI,63.9,24029,869.6,3.12,0.963,-81.1,0.3042,0.0,0.6986,0.0038,796.4,45.4,None,None,Pass,OK,0.0,0.0,12.19,66.13,0.0,20.28,66.25,0.0,False,False
GLS-2026-0015203,LOT-2026-W09-D,CG-Model-B,RGB-8469,LINE-01,CNC-04,TOOL-19,FIX-C1,OP-017,Swing,2026-03-30 02:27:30,AOI,28.2,24086,878.8,3.19,0.991,-81.5,0.2772,12.5,0.6971,0.0169,784.4,46.6,None,None,Pass,OK,12.5,12.5,12.19,66.13,0.0,20.28,66.25,0.0,False,False
GLS-2026-0001828,LOT-2026-W09-D,CG-Model-A,RGB-9739,LINE-01,CNC-04,TOOL-02,FIX-A1,OP-014,Day,2026-03-30 02:31:10,AOI,88.4,23596,896.4,3.23,0.982,-79.2,0.3195,0.0,0.7043,0.0339,772.9,43.0,None,None,Pass,OK,0.0,12.5,12.19,66.13,0.0,20.28,66.25,0.0,False,False
GLS-2026-0021466,LOT-2026-W09-D,CG-Model-B,RGB-9027,LINE-01,CNC-04,TOOL-12,FIX-A3,OP-005,Night,2026-03-30 02:34:00,AOI,85.4,24162,763.3,3.38,0.967,-81.1,0.3219,19.9,0.7084,0.0239,776.5,46.9,None,None,Pass,OK,19.9,19.9,12.19,66.13,0.0,20.28,66.25,0.0,False,False
GLS-2026-0006866,LOT-2026-W09-D,CG-Model-A,RGB-9778,LINE-01,CNC-04,TOOL-13,FIX-C3,OP-007,Day,2026-03-30 02:34:24,AOI,79.7,23479,853.2,3.15,0.964,-82.2,0.3242,9.8,0.706,0.0201,799.5,47.4,None,None,Pass,OK,9.8,10.099999999999998,12.19,66.13,0.0,20.28,66.25,0.0,False,False
GLS-2026-0023175,LOT-2026-W09-D,CG-Model-A,RGB-9695,LINE-02,CNC-04,TOOL-15,FIX-B2,OP-012,Day,2026-03-30 02:46:01,AOI,64.3,24315,795.4,3.13,0.937,-80.0,0.3272,22.4,0.7,0.0524,793.8,50.3,None,None,Pass,OK,22.4,12.599999999999998,12.19,66.13,0.0,20.28,66.25,0.0,False,False
GLS-2026-0047885,LOT-2026-W09-D,CG-Model-B,RGB-8535,LINE-01,CNC-04,TOOL-03,FIX-B3,OP-022,Night,2026-03-30 02:46:53,AOI,68.4,24230,926.3,3.11,0.914,-82.8,0.3088,17.1,0.696,0.0042,803.4,47.6,None,None,Pass,OK,17.1,5.299999999999997,12.19,66.13,0.0,20.28,66.25,0.0,False,False
GLS-2026-0038307,LOT-2026-W09-D,CG-Model-A,RGB-9302,LINE-01,CNC-04,TOOL-04,FIX-B1,OP-019,Night,2026-03-30 02:47:12,AOI,84.5,24667,866.8,3.18,0.922,-78.9,0.3314,25.7,0.693,0.0582,783.5,44.9,None,None,Pass,OK,25.7,8.599999999999998,12.19,66.13,0.0,20.28,66.25,0.0,False,False
GLS-2026-0012640,LOT-2026-W09-D,CG-Model-C,RGB-8713,LINE-02,CNC-04,TOOL-23,FIX-A1,OP-016,Day,2026-03-30 03:01:02,AOI,33.6,23516,904.9,3.03,0.95,-76.7,0.2975,0.0,0.6988,0.0328,801.2,47.3,None,None,Pass,OK,0.0,25.7,12.19,66.13,0.0,20.28,66.25,0.0,False,False
GLS-2026-0042176,LOT-2026-W09-D,CG-Model-C,RGB-9948,LINE-01,CNC-04,TOOL-09,FIX-C2,OP-005,Swing,2026-03-30 03:05:35,AOI,62.5,23897,814.7,3.13,1.0,-78.3,0.3103,0.0,0.6925,0.0185,805.3,43.8,None,None,Pass,OK,0.0,0.0,12.19,66.13,0.0,20.28,66.25,0.0,False,False
GLS-2026-0027154,LOT-2026-W09-D,CG-Model-C,RGB-9570,LINE-02,CNC-04,TOOL-21,FIX-B2,OP-018,Swing,2026-03-30 03:16:52,AOI,91.4,23996,828.2,3.15,0.959,-78.5,0.3122,81.8,0.7013,0.0237,788.9,46.2,Edge_Chipping,Corner,Fail,NG,81.8,81.8,12.19,66.13,0.0,20.28,66.25,0.0,True,True
GLS-2026-0046463,LOT-2026-W09-D,CG-Model-B,RGB-9002,LINE-02,CNC-04,TOOL-18,FIX-C1,OP-030,Swing,2026-03-30 03:45:47,AOI,62.2,23884,830.6,3.13,0.938,-82.9,0.3134,10.1,0.6996,0.0089,783.4,44.9,None,None,Pass,OK,10.1,71.7,12.19,66.13,0.0,20.28,66.25,0.0,False,True
GLS-2026-0044919,LOT-2026-W09-D,CG-Model-C,RGB-8123,LINE-02,CNC-04,TOOL-14,FIX-C1,OP-015,Day,2026-03-30 03:46:14,AOI,92.8,23869,878.5,2.97,0.884,-80.9,0.3038,103.6,0.7051,0.0135,795.6,48.1,Edge_Chipping,Edge,Fail,NG,103.6,93.5,12.19,66.13,0.0,20.28,66.25,0.0,True,True
GLS-2026-0024436,LOT-2026-W09-D,CG-Model-B,RGB-8900,LINE-02,CNC-04,TOOL-19,FIX-B1,OP-027,Day,2026-03-30 03:52:14,AOI,68.2,23726,793.2,3.08,0.973,-82.1,0.3255,0.0,0.7017,0.0442,781.7,44.6,None,None,Pass,OK,0.0,103.6,12.19,66.13,0.0,20.28,66.25,0.0,False,True
GLS-2026-0028503,LOT-2026-W09-D,CG-Model-B,RGB-8454,LINE-02,CNC-04,TOOL-02,FIX-C1,OP-014,Night,2026-03-30 04:04:04,AOI,19.0,24325,894.4,3.1,0.94,-78.1,0.2979,24.0,0.6876,0.0363,790.9,48.3,None,None,Pass,OK,24.0,24.0,12.19,66.13,0.0,20.28,66.25,0.0,False,False
GLS-2026-0009206,LOT-2026-W09-D,CG-Model-A,RGB-8004,LINE-01,CNC-04,TOOL-15,FIX-B3,OP-002,Day,2026-03-30 05:20:00,AOI,64.4,24234,825.1,2.97,0.908,-81.8,0.3009,0.0,0.7033,0.0153,791.5,45.6,None,None,Pass,OK,0.0,24.0,12.19,66.13,0.0,20.28,66.25,0.0,False,False
GLS-2026-0005882,LOT-2026-W09-D,CG-Model-A,RGB-8710,LINE-01,CNC-04,TOOL-10,FIX-A3,OP-020,Swing,2026-03-30 05:22:59,AOI,43.8,23529,901.5,3.27,0.935,-82.2,0.2997,15.0,0.7064,0.0195,782.0,48.3,None,None,Pass,OK,15.0,15.0,12.19,66.13,0.0,20.28,66.25,0.0,False,False
GLS-2026-0005790,LOT-2026-W09-D,CG-Model-C,RGB-8072,LINE-01,CNC-04,TOOL-05,FIX-C2,OP-021,Night,2026-03-30 05:29:02,AOI,26.9,23743,799.8,3.13,0.968,-85.8,0.2878,41.1,0.6978,0.0457,790.7,47.5,None,None,Pass,OK,41.1,26.1,12.19,66.13,0.0,20.28,66.25,0.0,False,False
GLS-2026-0014041,LOT-2026-W09-D,CG-Model-A,RGB-8704,LINE-02,CNC-04,TOOL-16,FIX-C1,OP-025,Day,2026-03-30 05:30:11,AOI,71.1,24390,827.3,3.17,0.96,-79.9,0.3088,13.0,0.6952,0.0285,786.6,42.8,None,None,Pass,OK,13.0,28.1,12.19,66.13,0.0,20.28,66.25,0.0,False,False
GLS-2026-0046055,LOT-2026-W09-D,CG-Model-B,RGB-8952,LINE-02,CNC-04,TOOL-10,FIX-C3,OP-007,Day,2026-03-30 05:42:43,AOI,60.0,24139,872.1,3.19,1.0,-81.5,0.2988,0.0,0.6966,0.0173,770.6,45.8,None,None,Pass,OK,0.0,13.0,12.19,66.13,0.0,20.28,66.25,0.0,False,False
GLS-2026-0021641,LOT-2026-W09-D,CG-Model-B,RGB-8215,LINE-01,CNC-04,TOOL-09,FIX-A1,OP-028,Swing,2026-03-30 05:46:31,AOI,19.8,23812,865.1,3.15,0.987,-81.5,0.2907,0.0,0.7004,0.0219,781.2,47.8,None,None,Pass,OK,0.0,0.0,12.19,66.13,0.0,20.28,66.25,0.0,False,False
GLS-2026-0043351,LOT-2026-W09-D,CG-Model-C,RGB-9223,LINE-02,CNC-04,TOOL-19,FIX-C3,OP-020,Day,2026-03-30 05:46:53,AOI,83.4,23717,891.1,3.16,0.984,-82.9,0.323,5.7,0.7078,0.0205,773.0,45.0,None,None,Pass,OK,5.7,5.7,12.19,66.13,0.0,20.28,66.25,0.0,False,False
GLS-2026-0045042,LOT-2026-W09-D,CG-Model-B,RGB-8924,LINE-02,CNC-04,TOOL-10,FIX-B2,OP-001,Night,2026-03-30 05:58:01,AOI,89.7,23938,840.0,3.2,0.941,-79.7,0.3269,35.7,0.6962,0.0189,772.9,46.7,None,None,Pass,OK,35.7,30.000000000000004,12.19,66.13,0.0,20.28,66.25,0.0,False,False
GLS-2026-0034059,LOT-2026-W09-D,CG-Model-A,RGB-9838,LINE-01,CNC-04,TOOL-12,FIX-B3,OP-012,Day,2026-03-30 06:01:48,AOI,66.0,24274,855.1,3.02,0.942,-81.0,0.2988,0.0,0.7015,0.0332,768.3,43.5,None,None,Pass,OK,0.0,35.7,12.19,66.13,0.0,20.28,66.25,0.0,False,False
GLS-2026-0003978,LOT-2026-W09-D,CG-Model-A,RGB-8350,LINE-02,CNC-04,TOOL-24,FIX-A3,OP-013,Night,2026-03-30 06:20:21,AOI,23.4,23835,810.9,2.99,0.926,-87.7,0.3044,0.0,0.7091,0.0273,780.0,45.4,None,None,Pass,OK,0.0,0.0,12.19,66.13,0.0,20.28,66.25,0.0,False,False
GLS-2026-0016627,LOT-2026-W09-D,CG-Model-B,RGB-9102,LINE-02,CNC-04,TOOL-14,FIX-C2,OP-025,Day,2026-03-30 06:25:19,AOI,87.5,24597,848.2,3.22,1.0,-80.1,0.3355,17.2,0.6984,0.0154,779.9,48.4,None,None,Pass,OK,17.2,17.2,12.19,66.13,0.0,20.28,66.25,0.0,False,False
GLS-2026-0027093,LOT-2026-W09-D,CG-Model-A,RGB-8276,LINE-02,CNC-04,TOOL-09,FIX-B1,OP-016,Night,2026-03-30 06:29:09,AOI,37.7,24227,845.8,3.01,0.952,-82.2,0.3055,0.0,0.7009,0.02,769.4,44.8,None,None,Pass,OK,0.0,17.2,12.19,66.13,0.0,20.28,66.25,0.0,False,False
GLS-2026-0026537,LOT-2026-W09-D,CG-Model-B,RGB-8309,LINE-02,CNC-04,TOOL-02,FIX-B1,OP-003,Swing,2026-03-30 06:35:41,AOI,26.3,23724,930.8,3.25,0.964,-83.0,0.2977,0.0,0.6951,0.0391,781.8,45.8,None,None,Pass,OK,0.0,0.0,12.19,66.13,0.0,20.28,66.25,0.0,False,False
GLS-2026-0022602,LOT-2026-W09-D,CG-Model-B,RGB-9338,LINE-01,CNC-04,TOOL-15,FIX-C2,OP-025,Day,2026-03-30 06:40:27,AOI,52.2,23885,894.7,3.13,0.97,-80.7,0.2797,0.0,0.6975,0.009,783.9,44.9,None,None,Pass,OK,0.0,0.0,12.19,66.13,0.0,20.28,66.25,0.0,False,False
GLS-2026-0011354,LOT-2026-W09-D,CG-Model-A,RGB-9062,LINE-01,CNC-04,TOOL-22,FIX-B1,OP-008,Day,2026-03-30 06:48:07,AOI,39.3,23924,772.7,3.0,0.877,-84.8,0.2967,0.0,0.7029,0.0246,791.6,45.7,None,None,Pass,OK,0.0,0.0,12.19,66.13,0.0,20.28,66.25,0.0,False,False
GLS-2026-0001747,LOT-2026-W09-D,CG-Model-B,RGB-9653,LINE-02,CNC-04,TOOL-01,FIX-A3,OP-001,Night,2026-03-30 07:19:37,AOI,20.4,24268,815.0,3.04,0.927,-80.9,0.2849,0.0,0.7018,0.037,783.4,45.1,None,None,Pass,OK,0.0,0.0,12.19,66.13,0.0,20.28,66.25,0.0,False,False
GLS-2026-0042149,LOT-2026-W09-D,CG-Model-C,RGB-9937,LINE-01,CNC-04,TOOL-04,FIX-B2,OP-013,Swing,2026-03-30 07:24:53,AOI,48.6,24022,844.4,2.98,0.943,-76.0,0.3215,0.0,0.6948,0.0317,789.8,45.9,None,None,Pass,OK,0.0,0.0,12.19,66.13,0.0,20.28,66.25,0.0,False,False
GLS-2026-0043682,LOT-2026-W09-D,CG-Model-C,RGB-9253,LINE-02,CNC-04,TOOL-15,FIX-C2,OP-025,Day,2026-03-30 08:00:57,AOI,62.3,23865,760.0,3.26,0.955,-81.2,0.3042,5.1,0.7023,0.0292,786.1,43.4,None,None,Pass,OK,5.1,5.1,12.19,66.13,0.0,20.28,66.25,0.0,False,False
GLS-2026-0001962,LOT-2026-W09-D,CG-Model-A,RGB-8195,LINE-01,CNC-04,TOOL-05,FIX-C3,OP-017,Swing,2026-03-30 08:08:11,AOI,40.2,24199,830.0,3.03,0.939,-84.5,0.2761,0.0,0.6949,0.0355,788.8,49.1,None,None,Pass,OK,0.0,5.1,12.19,66.13,0.0,20.28,66.25,0.0,False,False
GLS-2026-0010591,LOT-2026-W09-D,CG-Model-A,RGB-8116,LINE-01,CNC-04,TOOL-05,FIX-A2,OP-028,Day,2026-03-30 08:18:09,AOI,43.0,24145,866.8,3.2,1.0,-82.6,0.3119,0.0,0.696,0.0364,810.6,45.8,None,None,Pass,OK,0.0,0.0,12.19,66.13,0.0,20.28,66.25,0.0,False,False
GLS-2026-0036324,LOT-2026-W09-D,CG-Model-B,RGB-9606,LINE-01,CNC-04,TOOL-06,FIX-A2,OP-020,Day,2026-03-30 08:20:21,AOI,51.3,23820,787.8,2.99,0.855,-82.0,0.3121,0.0,0.6998,0.0261,793.7,47.2,None,None,Pass,OK,0.0,0.0,12.19,66.13,0.0,20.28,66.25,0.0,False,False
GLS-2026-0034653,LOT-2026-W09-D,CG-Model-A,RGB-8251,LINE-02,CNC-04,TOOL-12,FIX-B2,OP-030,Swing,2026-03-30 08:28:54,AOI,53.9,24157,892.1,3.05,1.0,-77.0,0.3159,0.0,0.6952,0.0342,782.0,48.3,None,None,Pass,OK,0.0,0.0,12.19,66.13,0.0,20.28,66.25,0.0,False,False
GLS-2026-0041120,LOT-2026-W09-D,CG-Model-B,RGB-8002,LINE-01,CNC-04,TOOL-03,FIX-B2,OP-015,Swing,2026-03-30 08:40:23,AOI,76.4,24156,931.3,3.11,0.952,-83.6,0.3278,27.9,0.7031,0.0459,777.8,45.6,None,None,Pass,OK,27.9,27.9,12.19,66.13,0.0,20.28,66.25,0.0,False,False
GLS-2026-0002803,LOT-2026-W09-D,CG-Model-B,RGB-9149,LINE-02,CNC-04,TOOL-24,FIX-C1,OP-016,Day,2026-03-30 08:55:56,AOI,49.9,23441,771.2,3.21,0.967,-82.7,0.2928,0.0,0.7015,0.0685,785.8,42.3,None,None,Pass,OK,0.0,27.9,12.19,66.13,0.0,20.28,66.25,0.0,False,False
GLS-2026-0013303,LOT-2026-W09-D,CG-Model-A,RGB-8785,LINE-01,CNC-04,TOOL-18,FIX-C1,OP-025,Day,2026-03-30 09:00:55,AOI,21.0,23848,830.9,3.07,1.0,-89.7,0.2823,13.5,0.6933,0.0257,770.5,44.3,None,None,Pass,OK,13.5,13.5,12.19,66.13,0.0,20.28,66.25,0.0,False,False
GLS-2026-0020884,LOT-2026-W09-D,CG-Model-C,RGB-8270,LINE-01,CNC-04,TOOL-20,FIX-B1,OP-002,Day,2026-03-30 09:09:36,AOI,40.2,24091,804.4,3.09,1.0,-79.9,0.287,0.0,0.7003,0.0319,774.8,45.4,None,None,Pass,OK,0.0,13.5,12.19,66.13,0.0,20.28,66.25,0.0,False,False
GLS-2026-0024728,LOT-2026-W09-D,CG-Model-C,RGB-9394,LINE-02,CNC-04,TOOL-17,FIX-C1,OP-018,Night,2026-03-30 09:26:36,AOI,28.2,24531,819.1,3.21,0.923,-77.0,0.3002,0.0,0.6996,0.0105,790.4,46.6,None,None,Pass,OK,0.0,0.0,12.19,66.13,0.0,20.28,66.25,0.0,False,False
GLS-2026-0042738,LOT-2026-W09-D,CG-Model-C,RGB-9216,LINE-02,CNC-04,TOOL-15,FIX-C3,OP-007,Day,2026-03-30 09:37:44,AOI,31.4,24267,904.1,3.0,1.0,-83.1,0.2947,0.0,0.7064,0.0167,798.8,46.5,None,None,Pass,OK,0.0,0.0,12.19,66.13,0.0,20.28,66.25,0.0,False,False
GLS-2026-0025136,LOT-2026-W09-D,CG-Model-B,RGB-8628,LINE-01,CNC-04,TOOL-13,FIX-A1,OP-003,Swing,2026-03-30 10:06:52,AOI,38.4,24008,885.4,3.11,1.0,-83.7,0.3005,0.0,0.693,0.0267,779.2,49.7,None,None,Pass,OK,0.0,0.0,12.19,66.13,0.0,20.28,66.25,0.0,False,False
GLS-2026-0040613,LOT-2026-W09-D,CG-Model-C,RGB-9693,LINE-02,CNC-04,TOOL-11,FIX-C3,OP-029,Day,2026-03-30 10:08:11,AOI,91.2,23613,795.3,3.1,1.0,-82.6,0.3276,71.0,0.7062,0.0013,789.1,46.1,None,None,Pass,OK,71.0,71.0,12.19,66.13,0.0,20.28,66.25,0.0,True,True
GLS-2026-0041482,LOT-2026-W09-D,CG-Model-A,RGB-9747,LINE-02,CNC-04,TOOL-20,FIX-A1,OP-016,Swing,2026-03-30 10:17:28,AOI,74.6,23838,851.3,3.19,0.972,-82.7,0.3019,0.0,0.7001,0.0306,788.2,44.0,None,None,Pass,OK,0.0,71.0,12.19,66.13,0.0,20.28,66.25,0.0,False,True
GLS-2026-0029419,LOT-2026-W09-D,CG-Model-B,RGB-9632,LINE-02,CNC-04,TOOL-16,FIX-A1,OP-017,Day,2026-03-30 10:18:27,AOI,74.8,24213,884.9,3.12,0.983,-85.1,0.3142,0.0,0.696,0.029,792.6,46.2,None,None,Pass,OK,0.0,0.0,12.19,66.13,0.0,20.28,66.25,0.0,False,False
GLS-2026-0005887,LOT-2026-W09-D,CG-Model-A,RGB-9172,LINE-01,CNC-04,TOOL-02,FIX-B1,OP-011,Day,2026-03-30 10:18:53,AOI,51.3,24022,868.6,3.05,0.949,-85.0,0.3268,7.0,0.7015,0.0179,767.2,46.9,None,None,Pass,OK,7.0,7.0,12.19,66.13,0.0,20.28,66.25,0.0,False,False
GLS-2026-0041099,LOT-2026-W09-D,CG-Model-A,RGB-9328,LINE-02,CNC-04,TOOL-16,FIX-B1,OP-009,Swing,2026-03-30 10:21:57,AOI,46.9,24128,821.7,3.11,0.968,-78.9,0.3045,6.3,0.6946,0.0292,802.3,45.6,None,None,Pass,OK,6.3,0.7000000000000002,12.19,66.13,0.0,20.28,66.25,0.0,False,False
GLS-2026-0004521,LOT-2026-W09-D,CG-Model-B,RGB-8242,LINE-02,CNC-04,TOOL-06,FIX-C1,OP-026,Swing,2026-03-30 10:36:08,AOI,76.5,23573,867.4,3.14,1.0,-76.5,0.3141,0.0,0.703,0.0347,774.5,47.2,None,None,Pass,OK,0.0,6.3,12.19,66.13,0.0,20.28,66.25,0.0,False,False
GLS-2026-0035903,LOT-2026-W09-D,CG-Model-C,RGB-8202,LINE-02,CNC-04,TOOL-02,FIX-A2,OP-015,Night,2026-03-30 10:55:17,AOI,52.4,23766,810.1,3.29,0.966,-79.6,0.2969,0.0,0.7012,0.0513,804.4,41.4,None,None,Pass,OK,0.0,0.0,12.19,66.13,0.0,20.28,66.25,0.0,False,False
GLS-2026-0002755,LOT-2026-W09-D,CG-Model-A,RGB-9584,LINE-02,CNC-04,TOOL-23,FIX-B3,OP-001,Night,2026-03-30 11:06:42,AOI,75.2,23846,836.9,3.04,0.948,-82.4,0.3088,18.4,0.6949,0.0286,776.3,45.0,None,None,Pass,OK,18.4,18.4,12.19,66.13,0.0,20.28,66.25,0.0,False,False
GLS-2026-0007633,LOT-2026-W09-D,CG-Model-B,RGB-9026,LINE-01,CNC-04,TOOL-10,FIX-B1,OP-023,Day,2026-03-30 11:29:25,AOI,71.1,24008,912.0,2.91,0.943,-83.8,0.3071,0.0,0.7058,0.0292,780.1,47.9,None,None,Pass,OK,0.0,18.4,12.19,66.13,0.0,20.28,66.25,0.0,False,False
GLS-2026-0045041,LOT-2026-W09-D,CG-Model-A,RGB-9848,LINE-01,CNC-04,TOOL-09,FIX-A2,OP-001,Swing,2026-03-30 11:36:34,AOI,46.0,24247,795.0,3.16,1.0,-84.9,0.2934,0.0,0.6994,0.033,785.7,46.5,None,None,Pass,OK,0.0,0.0,12.19,66.13,0.0,20.28,66.25,0.0,False,False
GLS-2026-0046757,LOT-2026-W09-D,CG-Model-C,RGB-8044,LINE-01,CNC-04,TOOL-09,FIX-C3,OP-015,Day,2026-03-30 11:44:21,AOI,26.4,23930,877.0,3.08,0.957,-79.7,0.3018,0.0,0.6999,0.0274,793.5,49.4,None,None,Pass,OK,0.0,0.0,12.19,66.13,0.0,20.28,66.25,0.0,False,False
GLS-2026-0047718,LOT-2026-W09-D,CG-Model-C,RGB-8862,LINE-02,CNC-04,TOOL-13,FIX-C2,OP-013,Day,2026-03-30 11:52:15,AOI,66.1,24104,820.1,3.32,0.862,-81.1,0.3091,0.0,0.7035,0.0033,796.5,49.6,None,None,Pass,OK,0.0,0.0,12.19,66.13,0.0,20.28,66.25,0.0,False,False
GLS-2026-0011728,LOT-2026-W09-D,CG-Model-A,RGB-9672,LINE-02,CNC-04,TOOL-07,FIX-C3,OP-030,Swing,2026-03-30 11:59:10,AOI,38.9,24419,878.9,3.26,0.976,-86.1,0.2989,5.3,0.7021,0.025,783.6,46.7,None,None,Pass,OK,5.3,5.3,12.19,66.13,0.0,20.28,66.25,0.0,False,False
GLS-2026-0036299,LOT-2026-W09-D,CG-Model-A,RGB-9263,LINE-02,CNC-04,TOOL-17,FIX-C3,OP-009,Day,2026-03-30 12:01:08,AOI,67.3,23863,838.6,3.05,0.895,-81.9,0.3043,0.0,0.7014,0.0398,801.2,47.1,None,None,Pass,OK,0.0,5.3,12.19,66.13,0.0,20.28,66.25,0.0,False,False
GLS-2026-0043311,LOT-2026-W09-D,CG-Model-B,RGB-9430,LINE-01,CNC-04,TOOL-13,FIX-B1,OP-004,Night,2026-03-30 12:08:51,AOI,89.1,23819,881.0,3.04,0.955,-77.7,0.337,6.7,0.7025,0.0531,796.0,46.7,None,None,Pass,OK,6.7,6.7,12.19,66.13,0.0,20.28,66.25,0.0,False,False
GLS-2026-0015323,LOT-2026-W09-D,CG-Model-A,RGB-9539,LINE-01,CNC-04,TOOL-09,FIX-C2,OP-012,Night,2026-03-30 12:08:56,AOI,58.3,23435,892.4,3.36,0.964,-86.2,0.3071,0.0,0.6962,0.0153,780.6,42.5,None,None,Pass,OK,0.0,6.7,12.19,66.13,0.0,20.28,66.25,0.0,False,False
GLS-2026-0045291,LOT-2026-W09-D,CG-Model-A,RGB-8792,LINE-01,CNC-04,TOOL-15,FIX-C1,OP-017,Swing,2026-03-30 12:12:11,AOI,68.0,23904,867.1,3.17,0.969,-80.5,0.3126,0.0,0.7049,0.0579,780.6,45.9,None,None,Pass,OK,0.0,0.0,12.19,66.13,0.0,20.28,66.25,0.0,False,False
GLS-2026-0023491,LOT-2026-W09-D,CG-Model-B,RGB-9934,LINE-01,CNC-04,TOOL-19,FIX-A3,OP-011,Night,2026-03-30 12:29:58,AOI,66.8,24160,853.2,2.82,0.815,-82.4,0.3129,0.0,0.707,0.0272,753.5,47.6,None,None,Pass,OK,0.0,0.0,12.19,66.13,0.0,20.28,66.25,0.0,False,False
GLS-2026-0012945,LOT-2026-W09-D,CG-Model-B,RGB-9912,LINE-02,CNC-04,TOOL-22,FIX-C3,OP-020,Day,2026-03-30 12:32:38,AOI,69.4,24012,837.8,3.24,0.986,-82.9,0.3115,0.0,0.6928,0.0058,806.9,47.8,None,None,Pass,OK,0.0,0.0,12.19,66.13,0.0,20.28,66.25,0.0,False,False
GLS-2026-0026484,LOT-2026-W09-D,CG-Model-B,RGB-8346,LINE-01,CNC-04,TOOL-18,FIX-A3,OP-029,Day,2026-03-30 12:34:03,AOI,18.0,24482,919.3,2.98,0.953,-82.2,0.2828,0.0,0.714,0.0433,775.5,46.2,None,None,Pass,OK,0.0,0.0,12.19,66.13,0.0,20.28,66.25,0.0,False,False
GLS-2026-0002046,LOT-2026-W09-D,CG-Model-B,RGB-8129,LINE-01,CNC-04,TOOL-05,FIX-B3,OP-013,Night,2026-03-30 12:35:46,AOI,36.2,24476,885.1,3.37,0.969,-83.4,0.2969,8.4,0.706,0.0058,803.7,43.5,None,None,Pass,OK,8.4,8.4,12.19,66.13,0.0,20.28,66.25,0.0,False,False
GLS-2026-0043540,LOT-2026-W09-D,CG-Model-B,RGB-9186,LINE-02,CNC-04,TOOL-09,FIX-B2,OP-018,Night,2026-03-30 12:44:41,AOI,63.1,24214,822.4,3.08,0.872,-81.0,0.3156,0.0,0.6968,0.0406,770.7,45.6,None,None,Pass,OK,0.0,8.4,12.19,66.13,0.0,20.28,66.25,0.0,False,False
GLS-2026-0033530,LOT-2026-W09-D,CG-Model-C,RGB-9137,LINE-02,CNC-04,TOOL-21,FIX-C1,OP-021,Night,2026-03-30 12:52:51,AOI,39.6,24435,839.7,3.03,0.954,-77.6,0.2998,0.0,0.7057,0.0156,778.5,45.7,None,None,Pass,OK,0.0,0.0,12.19,66.13,0.0,20.28,66.25,0.0,False,False
GLS-2026-0002260,LOT-2026-W09-D,CG-Model-B,RGB-8906,LINE-01,CNC-04,TOOL-22,FIX-B1,OP-029,Night,2026-03-30 12:55:20,AOI,57.1,23874,798.2,3.15,0.962,-81.2,0.3011,0.0,0.703,0.0328,788.1,46.5,None,None,Pass,OK,0.0,0.0,12.19,66.13,0.0,20.28,66.25,0.0,False,False
GLS-2026-0028923,LOT-2026-W09-D,CG-Model-A,RGB-9407,LINE-01,CNC-04,TOOL-15,FIX-C1,OP-025,Day,2026-03-30 13:08:52,AOI,76.4,24271,768.2,3.09,0.999,-77.1,0.3117,22.8,0.702,0.0178,782.5,45.4,None,None,Pass,OK,22.8,22.8,12.19,66.13,0.0,20.28,66.25,0.0,False,False
GLS-2026-0041436,LOT-2026-W09-D,CG-Model-B,RGB-9930,LINE-01,CNC-04,TOOL-21,FIX-C3,OP-028,Night,2026-03-30 13:11:32,AOI,46.3,24055,794.6,3.14,0.878,-76.8,0.2721,0.0,0.7036,0.0569,786.4,44.1,None,None,Pass,OK,0.0,22.8,12.19,66.13,0.0,20.28,66.25,0.0,False,False
GLS-2026-0045756,LOT-2026-W09-D,CG-Model-B,RGB-8231,LINE-01,CNC-04,TOOL-03,FIX-B3,OP-009,Day,2026-03-30 13:23:27,AOI,44.2,24194,868.4,3.08,0.997,-80.4,0.2891,0.0,0.6982,0.0186,783.4,45.0,None,None,Pass,OK,0.0,0.0,12.19,66.13,0.0,20.28,66.25,0.0,False,False
GLS-2026-0031665,LOT-2026-W09-D,CG-Model-B,RGB-9144,LINE-01,CNC-04,TOOL-13,FIX-B3,OP-026,Swing,2026-03-30 13:25:43,AOI,33.6,24125,763.5,3.07,0.976,-87.1,0.2974,0.0,0.6998,0.0155,798.5,46.7,None,None,Pass,OK,0.0,0.0,12.19,66.13,0.0,20.28,66.25,0.0,False,False
GLS-2026-0031696,LOT-2026-W09-D,CG-Model-C,RGB-9041,LINE-01,CNC-04,TOOL-22,FIX-A1,OP-007,Day,2026-03-30 13:25:56,AOI,58.2,24364,927.1,3.33,0.971,-85.2,0.3048,0.0,0.6946,0.0281,786.5,48.2,None,None,Pass,OK,0.0,0.0,12.19,66.13,0.0,20.28,66.25,0.0,False,False
GLS-2026-0027246,LOT-2026-W09-D,CG-Model-B,RGB-8941,LINE-02,CNC-04,TOOL-01,FIX-A2,OP-004,Day,2026-03-30 13:31:20,AOI,73.6,24059,845.9,3.14,0.973,-78.0,0.3067,0.0,0.702,0.0019,775.4,47.5,None,None,Pass,OK,0.0,0.0,12.19,66.13,0.0,20.28,66.25,0.0,False,False
GLS-2026-0023849,LOT-2026-W09-D,CG-Model-A,RGB-9547,LINE-01,CNC-04,TOOL-21,FIX-A3,OP-020,Day,2026-03-30 13:38:02,AOI,58.0,24177,863.6,3.1,1.0,-80.0,0.312,0.0,0.7045,0.0159,811.7,44.4,None,None,Pass,OK,0.0,0.0,12.19,66.13,0.0,20.28,66.25,0.0,False,False
GLS-2026-0039906,LOT-2026-W09-D,CG-Model-A,RGB-9376,LINE-02,CNC-04,TOOL-06,FIX-C1,OP-008,Night,2026-03-30 14:02:59,AOI,52.6,24075,867.9,2.92,0.842,-83.0,0.3043,13.1,0.7038,0.0196,798.0,44.2,None,None,Pass,OK,13.1,13.1,12.19,66.13,0.0,20.28,66.25,0.0,False,False
GLS-2026-0046199,LOT-2026-W09-D,CG-Model-C,RGB-8855,LINE-01,CNC-04,TOOL-11,FIX-B1,OP-007,Day,2026-03-30 14:17:06,AOI,56.2,23751,830.5,3.27,0.973,-81.0,0.3076,31.2,0.7025,0.0184,792.4,46.4,None,None,Pass,OK,31.2,18.1,12.19,66.13,0.0,20.28,66.25,0.0,False,False
GLS-2026-0023484,LOT-2026-W09-D,CG-Model-C,RGB-8033,LINE-01,CNC-04,TOOL-09,FIX-C2,OP-007,Day,2026-03-30 14:24:41,AOI,11.3,23930,817.6,3.2,0.965,-87.1,0.2784,0.0,0.6914,0.0407,766.3,46.1,None,None,Pass,OK,0.0,31.2,12.19,66.13,0.0,20.28,66.25,0.0,False,False
GLS-2026-0046509,LOT-2026-W09-D,CG-Model-A,RGB-9069,LINE-01,CNC-04,TOOL-13,FIX-A2,OP-007,Night,2026-03-30 14:40:05,AOI,39.5,23849,858.7,3.07,0.9,-78.3,0.2873,0.0,0.7049,0.0413,794.9,41.0,None,None,Pass,OK,0.0,0.0,12.19,66.13,0.0,20.28,66.25,0.0,False,False
GLS-2026-0001998,LOT-2026-W09-D,CG-Model-A,RGB-8424,LINE-02,CNC-04,TOOL-03,FIX-A3,OP-019,Night,2026-03-30 14:46:08,AOI,73.7,24261,826.9,2.97,0.936,-83.6,0.3145,0.0,0.7056,0.024,796.3,48.7,None,None,Pass,OK,0.0,0.0,12.19,66.13,0.0,20.28,66.25,0.0,False,False
GLS-2026-0003724,LOT-2026-W09-D,CG-Model-A,RGB-8754,LINE-01,CNC-04,TOOL-18,FIX-A3,OP-015,Day,2026-03-30 14:59:00,AOI,49.6,23784,863.0,3.1,0.98,-84.1,0.3143,0.0,0.702,0.0256,783.2,45.9,None,None,Pass,OK,0.0,0.0,12.19,66.13,0.0,20.28,66.25,0.0,False,False
GLS-2026-0025649,LOT-2026-W09-D,CG-Model-B,RGB-9522,LINE-02,CNC-04,TOOL-02,FIX-C2,OP-005,Day,2026-03-30 15:20:46,AOI,54.7,24396,840.0,3.29,0.988,-85.5,0.2982,0.0,0.6968,0.0348,790.7,45.1,None,None,Pass,OK,0.0,0.0,12.19,66.13,0.0,20.28,66.25,0.0,False,False
GLS-2026-0041344,LOT-2026-W09-D,CG-Model-A,RGB-8830,LINE-01,CNC-04,TOOL-12,FIX-B3,OP-026,Night,2026-03-30 15:29:35,AOI,69.3,24202,801.5,3.16,0.874,-82.7,0.2944,0.0,0.6968,0.0282,769.5,43.5,None,None,Pass,OK,0.0,0.0,12.19,66.13,0.0,20.28,66.25,0.0,False,False
GLS-2026-0022462,LOT-2026-W09-D,CG-Model-A,RGB-9679,LINE-02,CNC-04,TOOL-07,FIX-A2,OP-021,Day,2026-03-30 15:31:42,AOI,75.4,23301,863.2,3.09,0.977,-78.6,0.3076,0.0,0.7031,0.0343,767.0,46.0,None,None,Pass,OK,0.0,0.0,12.19,66.13,0.0,20.28,66.25,0.0,False,False
GLS-2026-0015314,LOT-2026-W09-D,CG-Model-C,RGB-8400,LINE-02,CNC-04,TOOL-01,FIX-C2,OP-011,Day,2026-03-30 15:32:23,AOI,78.7,23516,920.1,3.21,1.0,-80.2,0.3067,0.0,0.7069,0.0144,782.6,46.6,None,None,Pass,OK,0.0,0.0,12.19,66.13,0.0,20.28,66.25,0.0,False,False
GLS-2026-0027155,LOT-2026-W09-D,CG-Model-A,RGB-8067,LINE-02,CNC-04,TOOL-13,FIX-C3,OP-025,Day,2026-03-30 15:38:10,AOI,45.3,24602,798.6,2.98,0.899,-86.3,0.3078,0.0,0.6939,0.04,772.5,48.2,None,None,Pass,OK,0.0,0.0,12.19,66.13,0.0,20.28,66.25,0.0,False,False
GLS-2026-0003238,LOT-2026-W09-D,CG-Model-C,RGB-9382,LINE-01,CNC-04,TOOL-21,FIX-B2,OP-003,Night,2026-03-30 15:45:22,AOI,73.3,23217,820.6,2.99,0.905,-79.6,0.331,63.2,0.7065,0.0274,784.4,48.0,None,None,Pass,OK,63.2,63.2,12.19,66.13,0.0,20.28,66.25,0.0,False,False
GLS-2026-0034584,LOT-2026-W09-D,CG-Model-C,RGB-8632,LINE-01,CNC-04,TOOL-18,FIX-A2,OP-007,Day,2026-03-30 16:00:18,AOI,65.4,23863,858.7,3.25,1.0,-81.7,0.2978,0.0,0.7039,0.0063,778.9,46.2,None,None,Pass,OK,0.0,63.2,12.19,66.13,0.0,20.28,66.25,0.0,False,False
GLS-2026-0033850,LOT-2026-W09-D,CG-Model-B,RGB-8732,LINE-01,CNC-04,TOOL-02,FIX-C2,OP-027,Night,2026-03-30 16:05:39,AOI,74.3,24183,766.1,3.19,0.903,-82.6,0.3187,0.0,0.7051,0.0137,773.8,43.1,None,None,Pass,OK,0.0,0.0,12.19,66.13,0.0,20.28,66.25,0.0,False,False
GLS-2026-0039799,LOT-2026-W09-D,CG-Model-A,RGB-8139,LINE-02,CNC-04,TOOL-09,FIX-C2,OP-022,Day,2026-03-30 16:19:33,AOI,14.4,23878,851.6,3.43,0.994,-84.4,0.2838,0.0,0.7042,0.0484,782.3,46.3,None,None,Pass,OK,0.0,0.0,12.19,66.13,0.0,20.28,66.25,0.0,False,False
GLS-2026-0003175,LOT-2026-W09-D,CG-Model-A,RGB-8394,LINE-01,CNC-04,TOOL-17,FIX-C1,OP-015,Night,2026-03-30 16:25:11,AOI,81.3,24385,837.0,2.98,0.88,-76.6,0.3107,79.9,0.7004,0.0396,780.9,46.5,None,None,Pass,OK,79.9,79.9,12.19,66.13,0.0,20.28,66.25,0.0,True,True
GLS-2026-0008385,LOT-2026-W09-D,CG-Model-B,RGB-8533,LINE-02,CNC-04,TOOL-02,FIX-B3,OP-014,Swing,2026-03-30 16:25:43,AOI,34.3,24050,908.6,3.16,1.0,-79.9,0.2924,0.0,0.6907,0.0195,799.7,43.2,None,None,Pass,OK,0.0,79.9,12.19,66.13,0.0,20.28,66.25,0.0,False,True
GLS-2026-0026778,LOT-2026-W09-D,CG-Model-B,RGB-8184,LINE-02,CNC-04,TOOL-19,FIX-A1,OP-011,Night,2026-03-30 16:33:48,AOI,74.4,24470,804.9,2.99,0.894,-78.7,0.2941,29.1,0.6979,0.0464,773.4,47.4,None,None,Pass,OK,29.1,29.1,12.19,66.13,0.0,20.28,66.25,0.0,False,False
GLS-2026-0019129,LOT-2026-W09-D,CG-Model-C,RGB-9981,LINE-02,CNC-04,TOOL-17,FIX-C2,OP-022,Swing,2026-03-30 16:34:35,AOI,40.5,24621,827.1,2.98,0.907,-82.5,0.2878,0.0,0.7001,0.0268,778.5,46.0,None,None,Pass,OK,0.0,29.1,12.19,66.13,0.0,20.28,66.25,0.0,False,False
GLS-2026-0035613,LOT-2026-W09-D,CG-Model-B,RGB-9817,LINE-01,CNC-04,TOOL-23,FIX-C2,OP-023,Night,2026-03-30 17:10:57,AOI,43.9,24160,841.8,2.8,0.95,-84.3,0.298,0.0,0.6974,0.039,775.6,46.3,None,None,Pass,OK,0.0,0.0,12.19,66.13,0.0,20.28,66.25,0.0,False,False
GLS-2026-0001559,LOT-2026-W09-D,CG-Model-B,RGB-8454,LINE-01,CNC-04,TOOL-04,FIX-C1,OP-019,Day,2026-03-30 17:17:43,AOI,62.8,23694,808.8,3.15,0.989,-83.6,0.3042,14.6,0.7071,0.0216,805.7,43.4,None,None,Pass,OK,14.6,14.6,12.19,66.13,0.0,20.28,66.25,0.0,False,False
GLS-2026-0049549,LOT-2026-W09-D,CG-Model-A,RGB-9719,LINE-02,CNC-04,TOOL-01,FIX-C3,OP-001,Day,2026-03-30 17:26:39,AOI,28.2,23596,789.7,3.49,0.998,-80.3,0.2919,0.0,0.7018,0.0194,778.1,48.9,None,None,Pass,OK,0.0,14.6,12.19,66.13,0.0,20.28,66.25,0.0,False,False
GLS-2026-0037725,LOT-2026-W09-D,CG-Model-B,RGB-8088,LINE-02,CNC-04,TOOL-15,FIX-A3,OP-027,Day,2026-03-30 17:32:59,AOI,63.2,24111,788.2,2.95,0.894,-82.1,0.3124,0.0,0.7115,0.0154,782.1,45.5,None,None,Pass,OK,0.0,0.0,12.19,66.13,0.0,20.28,66.25,0.0,False,False
GLS-2026-0001056,LOT-2026-W09-D,CG-Model-B,RGB-9203,LINE-02,CNC-04,TOOL-09,FIX-C3,OP-017,Swing,2026-03-30 17:41:11,AOI,32.5,24036,869.1,3.18,1.0,-81.2,0.3031,0.0,0.6976,0.019,787.8,44.9,None,None,Pass,OK,0.0,0.0,12.19,66.13,0.0,20.28,66.25,0.0,False,False
GLS-2026-0011561,LOT-2026-W09-D,CG-Model-A,RGB-8654,LINE-02,CNC-04,TOOL-02,FIX-B3,OP-024,Swing,2026-03-30 17:46:20,AOI,14.3,24601,913.8,3.01,1.0,-78.9,0.2846,0.0,0.7024,0.0095,788.8,48.7,None,None,Pass,OK,0.0,0.0,12.19,66.13,0.0,20.28,66.25,0.0,False,False
GLS-2026-0018235,LOT-2026-W09-D,CG-Model-A,RGB-8204,LINE-01,CNC-04,TOOL-14,FIX-B2,OP-015,Swing,2026-03-30 17:49:06,AOI,58.5,23698,806.2,3.2,0.99,-79.0,0.3124,0.0,0.7,0.0115,796.8,44.9,None,None,Pass,OK,0.0,0.0,12.19,66.13,0.0,20.28,66.25,0.0,False,False
GLS-2026-0035929,LOT-2026-W09-D,CG-Model-C,RGB-9513,LINE-02,CNC-04,TOOL-15,FIX-A1,OP-018,Night,2026-03-30 18:01:38,AOI,81.6,24347,856.6,3.1,0.917,-85.0,0.3139,122.4,0.6935,0.0275,782.5,44.0,Edge_Chipping,Edge,Fail,NG,122.4,122.4,12.19,66.13,0.0,20.28,66.25,0.0,True,True
GLS-2026-0019334,LOT-2026-W09-D,CG-Model-A,RGB-9819,LINE-01,CNC-04,TOOL-04,FIX-B1,OP-027,Day,2026-03-30 18:06:36,AOI,32.9,24233,767.2,3.2,1.0,-83.3,0.2911,0.0,0.7016,0.0207,761.6,48.4,None,None,Pass,OK,0.0,122.4,12.19,66.13,0.0,20.28,66.25,0.0,False,True
GLS-2026-0034308,LOT-2026-W09-D,CG-Model-A,RGB-9508,LINE-01,CNC-04,TOOL-14,FIX-C2,OP-018,Day,2026-03-30 18:07:24,AOI,35.0,24603,800.1,3.2,1.0,-83.7,0.2923,0.0,0.7029,0.0264,766.1,43.5,None,None,Pass,OK,0.0,0.0,12.19,66.13,0.0,20.28,66.25,0.0,False,False
GLS-2026-0021945,LOT-2026-W09-D,CG-Model-B,RGB-8135,LINE-02,CNC-04,TOOL-06,FIX-A2,OP-026,Night,2026-03-30 18:10:32,AOI,67.8,24189,921.8,3.05,0.93,-82.6,0.3252,0.0,0.6992,0.0433,772.8,47.4,None,None,Pass,OK,0.0,0.0,12.19,66.13,0.0,20.28,66.25,0.0,False,False
GLS-2026-0033459,LOT-2026-W09-D,CG-Model-B,RGB-8716,LINE-01,CNC-04,TOOL-03,FIX-C2,OP-008,Swing,2026-03-30 18:12:38,AOI,89.9,23813,876.4,3.1,0.992,-81.9,0.3072,47.3,0.6981,0.0084,792.6,42.1,None,None,Pass,OK,47.3,47.3,12.19,66.13,0.0,20.28,66.25,0.0,False,False
GLS-2026-0027846,LOT-2026-W09-D,CG-Model-B,RGB-8336,LINE-01,CNC-04,TOOL-09,FIX-C3,OP-021,Day,2026-03-30 18:14:58,AOI,35.1,24402,812.8,3.25,0.98,-84.6,0.3018,0.0,0.6964,0.0303,784.8,43.7,None,None,Pass,OK,0.0,47.3,12.19,66.13,0.0,20.28,66.25,0.0,False,False
GLS-2026-0039204,LOT-2026-W09-D,CG-Model-C,RGB-8231,LINE-01,CNC-04,TOOL-11,FIX-C3,OP-003,Swing,2026-03-30 18:21:45,AOI,55.8,23859,840.6,2.94,0.881,-85.5,0.2992,0.0,0.6994,0.0446,778.5,48.8,None,None,Pass,OK,0.0,0.0,12.19,66.13,0.0,20.28,66.25,0.0,False,False
GLS-2026-0013968,LOT-2026-W09-D,CG-Model-A,RGB-9132,LINE-01,CNC-04,TOOL-06,FIX-C3,OP-005,Night,2026-03-30 18:29:55,AOI,18.6,24174,845.8,3.1,0.89,-76.3,0.2903,0.0,0.7056,0.0358,765.7,46.5,None,None,Pass,OK,0.0,0.0,12.19,66.13,0.0,20.28,66.25,0.0,False,False
GLS-2026-0008986,LOT-2026-W09-D,CG-Model-B,RGB-8512,LINE-02,CNC-04,TOOL-08,FIX-C2,OP-024,Swing,2026-03-30 18:36:32,AOI,87.7,23891,858.1,3.1,0.95,-79.8,0.3059,243.7,0.7012,0.0152,763.8,44.3,Edge_Chipping,Corner,Fail,NG,243.7,243.7,12.19,66.13,0.0,20.28,66.25,0.0,True,True
GLS-2026-0047455,LOT-2026-W09-D,CG-Model-B,RGB-9213,LINE-02,CNC-04,TOOL-13,FIX-A3,OP-029,Night,2026-03-30 18:39:05,AOI,42.9,24525,837.5,2.88,0.895,-79.1,0.2978,0.0,0.71,0.0159,771.9,44.3,None,None,Pass,OK,0.0,243.7,12.19,66.13,0.0,20.28,66.25,0.0,False,True
GLS-2026-0027640,LOT-2026-W09-D,CG-Model-A,RGB-8502,LINE-01,CNC-04,TOOL-09,FIX-A1,OP-018,Day,2026-03-30 19:11:29,AOI,69.4,23561,886.6,3.27,1.0,-89.1,0.2983,0.0,0.702,0.0348,777.1,49.0,None,None,Pass,OK,0.0,0.0,12.19,66.13,0.0,20.28,66.25,0.0,False,False
GLS-2026-0002520,LOT-2026-W09-D,CG-Model-B,RGB-9441,LINE-01,CNC-04,TOOL-05,FIX-C1,OP-002,Night,2026-03-30 19:22:28,AOI,73.3,24056,886.2,2.84,0.822,-81.2,0.3054,11.2,0.6975,0.0287,767.1,43.8,None,None,Pass,OK,11.2,11.2,12.19,66.13,0.0,20.28,66.25,0.0,False,False
GLS-2026-0011435,LOT-2026-W09-D,CG-Model-A,RGB-8741,LINE-01,CNC-04,TOOL-19,FIX-C3,OP-017,Swing,2026-03-30 19:29:07,AOI,57.1,23507,873.5,2.99,0.808,-78.3,0.3069,0.0,0.704,0.0214,775.6,46.8,None,None,Pass,OK,0.0,11.2,12.19,66.13,0.0,20.28,66.25,0.0,False,False
GLS-2026-0032234,LOT-2026-W09-D,CG-Model-B,RGB-9099,LINE-01,CNC-04,TOOL-02,FIX-B1,OP-021,Swing,2026-03-30 19:30:07,AOI,79.6,23913,856.6,3.01,1.0,-81.5,0.3048,0.0,0.7014,0.0341,786.6,46.3,None,None,Pass,OK,0.0,0.0,12.19,66.13,0.0,20.28,66.25,0.0,False,False
GLS-2026-0011448,LOT-2026-W09-D,CG-Model-B,RGB-8931,LINE-01,CNC-04,TOOL-14,FIX-C3,OP-013,Day,2026-03-30 19:56:31,AOI,66.6,23596,894.5,3.17,0.94,-81.8,0.2961,0.0,0.7001,0.0223,791.1,46.8,None,None,Pass,OK,0.0,0.0,12.19,66.13,0.0,20.28,66.25,0.0,False,False
GLS-2026-0044811,LOT-2026-W09-D,CG-Model-B,RGB-9941,LINE-01,CNC-04,TOOL-07,FIX-B3,OP-014,Swing,2026-03-30 20:05:30,AOI,51.4,23549,916.4,3.02,0.939,-83.4,0.3063,0.0,0.7013,0.0017,792.1,49.6,None,None,Pass,OK,0.0,0.0,12.19,66.13,0.0,20.28,66.25,0.0,False,False
GLS-2026-0026564,LOT-2026-W09-D,CG-Model-A,RGB-8557,LINE-02,CNC-04,TOOL-14,FIX-C3,OP-028,Day,2026-03-30 20:15:10,AOI,45.0,24260,804.4,3.22,0.959,-80.6,0.3006,0.0,0.7004,0.0333,774.4,45.2,None,None,Pass,OK,0.0,0.0,12.19,66.13,0.0,20.28,66.25,0.0,False,False
GLS-2026-0004882,LOT-2026-W09-D,CG-Model-A,RGB-8115,LINE-02,CNC-04,TOOL-03,FIX-B2,OP-009,Swing,2026-03-30 20:45:10,AOI,36.6,22885,845.8,3.11,0.97,-79.4,0.3064,21.2,0.7052,0.034,772.4,45.1,None,None,Pass,OK,21.2,21.2,12.19,66.13,0.0,20.28,66.25,0.0,False,False
GLS-2026-0023949,LOT-2026-W09-D,CG-Model-A,RGB-9344,LINE-01,CNC-04,TOOL-05,FIX-A1,OP-001,Day,2026-03-30 20:56:21,AOI,77.5,23728,819.8,3.03,0.99,-81.4,0.3143,12.9,0.7044,0.0304,788.8,44.4,None,None,Pass,OK,12.9,8.299999999999999,12.19,66.13,0.0,20.28,66.25,0.0,False,False
GLS-2026-0033642,LOT-2026-W09-D,CG-Model-B,RGB-9344,LINE-01,CNC-04,TOOL-20,FIX-B2,OP-004,Night,2026-03-30 20:57:23,AOI,54.7,24335,834.2,3.21,0.974,-83.7,0.3314,19.0,0.7022,0.0447,778.3,46.4,None,None,Pass,OK,19.0,6.1,12.19,66.13,0.0,20.28,66.25,0.0,False,False
GLS-2026-0029725,LOT-2026-W09-D,CG-Model-C,RGB-9309,LINE-01,CNC-04,TOOL-13,FIX-B2,OP-004,Night,2026-03-30 21:20:57,AOI,68.9,24387,848.1,3.22,0.974,-82.2,0.3151,0.0,0.6969,0.0171,757.5,43.3,None,None,Pass,OK,0.0,19.0,12.19,66.13,0.0,20.28,66.25,0.0,False,False
GLS-2026-0033540,LOT-2026-W09-D,CG-Model-A,RGB-8684,LINE-01,CNC-04,TOOL-02,FIX-B1,OP-026,Day,2026-03-30 21:21:25,AOI,86.2,24338,846.2,3.09,1.0,-84.0,0.3199,6.4,0.7073,0.0158,787.7,46.9,None,None,Pass,OK,6.4,6.4,12.19,66.13,0.0,20.28,66.25,0.0,False,False
GLS-2026-0023399,LOT-2026-W09-D,CG-Model-C,RGB-8800,LINE-01,CNC-04,TOOL-20,FIX-A2,OP-015,Day,2026-03-30 21:29:26,AOI,91.9,23790,854.4,3.21,0.985,-78.5,0.3304,18.5,0.7042,0.0235,795.5,48.4,None,None,Pass,OK,18.5,12.1,12.19,66.13,0.0,20.28,66.25,0.0,False,False
GLS-2026-0001169,LOT-2026-W09-D,CG-Model-B,RGB-9430,LINE-02,CNC-04,TOOL-05,FIX-A1,OP-002,Swing,2026-03-30 21:30:10,AOI,54.0,23362,809.6,3.08,0.915,-84.2,0.3008,0.0,0.6995,0.0149,771.7,44.6,None,None,Pass,OK,0.0,18.5,12.19,66.13,0.0,20.28,66.25,0.0,False,False
GLS-2026-0039132,LOT-2026-W09-D,CG-Model-A,RGB-9326,LINE-01,CNC-04,TOOL-08,FIX-C1,OP-027,Day,2026-03-30 21:41:23,AOI,74.1,24330,775.2,3.1,1.0,-75.2,0.3234,0.0,0.6918,0.0266,789.6,45.2,None,None,Pass,OK,0.0,0.0,12.19,66.13,0.0,20.28,66.25,0.0,False,False
GLS-2026-0013204,LOT-2026-W09-D,CG-Model-B,RGB-8751,LINE-02,CNC-04,TOOL-08,FIX-B2,OP-022,Swing,2026-03-30 21:46:25,AOI,54.2,23884,868.4,3.05,1.0,-78.3,0.3267,20.0,0.6989,0.0233,788.1,44.8,None,None,Pass,OK,20.0,20.0,12.19,66.13,0.0,20.28,66.25,0.0,False,False
GLS-2026-0036225,LOT-2026-W09-D,CG-Model-C,RGB-9803,LINE-01,CNC-04,TOOL-08,FIX-B3,OP-016,Day,2026-03-30 21:50:46,AOI,14.4,23397,871.2,3.3,0.975,-80.1,0.2917,0.0,0.7084,0.0209,793.2,47.3,None,None,Pass,OK,0.0,20.0,12.19,66.13,0.0,20.28,66.25,0.0,False,False
GLS-2026-0045037,LOT-2026-W09-D,CG-Model-A,RGB-8296,LINE-01,CNC-04,TOOL-19,FIX-B1,OP-017,Night,2026-03-30 21:50:55,AOI,53.4,24025,916.5,2.94,0.895,-79.7,0.3091,0.0,0.7028,0.0195,794.8,47.5,None,None,Pass,OK,0.0,0.0,12.19,66.13,0.0,20.28,66.25,0.0,False,False
GLS-2026-0021503,LOT-2026-W09-D,CG-Model-A,RGB-9846,LINE-01,CNC-04,TOOL-20,FIX-C1,OP-017,Night,2026-03-30 21:52:29,AOI,63.6,23650,922.2,3.02,0.974,-81.3,0.3205,25.0,0.7027,0.0129,762.7,44.7,None,None,Pass,OK,25.0,25.0,12.19,66.13,0.0,20.28,66.25,0.0,False,False
GLS-2026-0002218,LOT-2026-W09-D,CG-Model-B,RGB-8003,LINE-01,CNC-04,TOOL-06,FIX-A1,OP-008,Day,2026-03-30 22:03:52,AOI,45.7,24149,910.8,3.12,0.992,-83.9,0.3071,6.7,0.6968,0.0314,803.0,46.8,None,None,Pass,OK,6.7,18.3,12.19,66.13,0.0,20.28,66.25,0.0,False,False
GLS-2026-0010614,LOT-2026-W09-D,CG-Model-C,RGB-8503,LINE-01,CNC-04,TOOL-02,FIX-C2,OP-002,Night,2026-03-30 22:11:02,AOI,59.6,24533,820.7,3.03,0.975,-85.4,0.3081,0.0,0.6989,0.0298,774.1,45.1,None,None,Pass,OK,0.0,6.7,12.19,66.13,0.0,20.28,66.25,0.0,False,False
GLS-2026-0003122,LOT-2026-W09-D,CG-Model-A,RGB-9122,LINE-02,CNC-04,TOOL-12,FIX-C3,OP-011,Swing,2026-03-30 22:22:15,AOI,40.9,23551,825.8,3.39,0.99,-79.6,0.2943,0.0,0.698,0.0194,797.4,45.4,None,None,Pass,OK,0.0,0.0,12.19,66.13,0.0,20.28,66.25,0.0,False,False
GLS-2026-0010959,LOT-2026-W09-D,CG-Model-B,RGB-9487,LINE-01,CNC-04,TOOL-01,FIX-C2,OP-007,Day,2026-03-30 22:25:03,AOI,35.9,24184,847.7,3.05,0.875,-81.0,0.2919,0.0,0.6955,0.0144,801.7,48.4,None,None,Pass,OK,0.0,0.0,12.19,66.13,0.0,20.28,66.25,0.0,False,False
GLS-2026-0034710,LOT-2026-W09-D,CG-Model-B,RGB-9125,LINE-01,CNC-04,TOOL-17,FIX-B3,OP-028,Night,2026-03-30 22:30:09,AOI,22.7,24186,818.3,2.95,0.904,-80.5,0.2859,0.0,0.7013,0.0302,792.2,47.3,None,None,Pass,OK,0.0,0.0,12.19,66.13,0.0,20.28,66.25,0.0,False,False
GLS-2026-0044650,LOT-2026-W09-D,CG-Model-B,RGB-9382,LINE-02,CNC-04,TOOL-02,FIX-B2,OP-018,Swing,2026-03-30 22:30:56,AOI,75.2,24119,818.8,3.14,0.998,-78.6,0.3357,0.0,0.6925,0.0423,788.9,45.3,None,None,Pass,OK,0.0,0.0,12.19,66.13,0.0,20.28,66.25,0.0,False,False
GLS-2026-0018964,LOT-2026-W09-D,CG-Model-C,RGB-9246,LINE-02,CNC-04,TOOL-12,FIX-A1,OP-003,Day,2026-03-30 22:41:26,AOI,51.6,24094,799.1,2.95,0.96,-81.2,0.2977,0.0,0.6976,0.0128,784.6,49.4,None,None,Pass,OK,0.0,0.0,12.19,66.13,0.0,20.28,66.25,0.0,False,False
GLS-2026-0015743,LOT-2026-W09-D,CG-Model-A,RGB-9555,LINE-02,CNC-04,TOOL-02,FIX-C2,OP-029,Swing,2026-03-30 22:41:46,AOI,61.0,23746,878.9,3.09,1.0,-86.3,0.3235,0.0,0.6965,0.0117,779.3,48.0,None,None,Pass,OK,0.0,0.0,12.19,66.13,0.0,20.28,66.25,0.0,False,False
GLS-2026-0014305,LOT-2026-W09-D,CG-Model-B,RGB-8625,LINE-02,CNC-04,TOOL-05,FIX-B1,OP-025,Swing,2026-03-30 22:58:11,AOI,37.0,23975,812.4,3.13,1.0,-78.7,0.3031,0.0,0.7051,0.0397,778.1,46.5,None,None,Pass,OK,0.0,0.0,12.19,66.13,0.0,20.28,66.25,0.0,False,False
GLS-2026-0005842,LOT-2026-W09-D,CG-Model-B,RGB-8339,LINE-01,CNC-04,TOOL-13,FIX-A2,OP-011,Night,2026-03-30 23:09:03,AOI,88.1,23913,902.4,2.94,0.944,-84.5,0.312,0.0,0.6969,0.0168,788.5,47.2,None,None,Pass,OK,0.0,0.0,12.19,66.13,0.0,20.28,66.25,0.0,False,False
GLS-2026-0006608,LOT-2026-W09-D,CG-Model-B,RGB-9708,LINE-01,CNC-04,TOOL-09,FIX-A1,OP-008,Night,2026-03-30 23:10:38,AOI,52.3,24098,834.1,2.87,0.945,-81.8,0.3076,0.0,0.6999,0.021,818.2,43.7,None,None,Pass,OK,0.0,0.0,12.19,66.13,0.0,20.28,66.25,0.0,False,False
GLS-2026-0010842,LOT-2026-W09-D,CG-Model-C,RGB-8712,LINE-01,CNC-04,TOOL-14,FIX-B2,OP-013,Day,2026-03-30 23:14:54,AOI,48.5,23901,889.0,3.09,0.933,-77.5,0.3061,0.0,0.7024,0.0248,808.6,44.7,None,None,Pass,OK,0.0,0.0,12.19,66.13,0.0,20.28,66.25,0.0,False,False
GLS-2026-0035268,LOT-2026-W09-D,CG-Model-C,RGB-8431,LINE-01,CNC-04,TOOL-14,FIX-B2,OP-009,Swing,2026-03-30 23:23:09,AOI,61.0,24133,848.3,2.93,0.907,-80.1,0.3173,15.6,0.6999,0.0391,800.0,45.2,None,None,Pass,OK,15.6,15.6,12.19,66.13,0.0,20.28,66.25,0.0,False,False
GLS-2026-0048622,LOT-2026-W09-D,CG-Model-B,RGB-8688,LINE-02,CNC-04,TOOL-10,FIX-C1,OP-021,Swing,2026-03-30 23:26:42,AOI,42.0,24186,893.5,3.02,0.97,-82.5,0.3042,0.0,0.6971,0.0335,774.0,44.3,None,None,Pass,OK,0.0,15.6,12.19,66.13,0.0,20.28,66.25,0.0,False,False
GLS-2026-0042042,LOT-2026-W09-D,CG-Model-C,RGB-9569,LINE-02,CNC-04,TOOL-05,FIX-A2,OP-018,Day,2026-03-30 23:32:58,AOI,61.7,23951,817.3,3.15,1.0,-86.9,0.3143,0.0,0.6959,0.0148,797.1,45.1,None,None,Pass,OK,0.0,0.0,12.19,66.13,0.0,20.28,66.25,0.0,False,False
