Subgroup_ID,Process_Time_Start,Process_Time_End,Defect_Count,Subgroup_Size,P_Edge_Chipping,P_CL,P_UCL,P_LCL,P_OOC
1,2026-02-01 00:09:05,2026-02-01 00:53:38,0,5,0.0,0.0447,0.3219,0.0,False
2,2026-02-01 01:00:27,2026-02-01 01:22:41,0,5,0.0,0.0447,0.3219,0.0,False
3,2026-02-01 01:26:42,2026-02-01 01:50:05,0,5,0.0,0.0447,0.3219,0.0,False
4,2026-02-01 01:52:45,2026-02-01 02:18:42,0,5,0.0,0.0447,0.3219,0.0,False
5,2026-02-01 02:37:48,2026-02-01 03:17:25,0,5,0.0,0.0447,0.3219,0.0,False
6,2026-02-01 03:21:32,2026-02-01 03:58:47,0,5,0.0,0.0447,0.3219,0.0,False
7,2026-02-01 04:10:16,2026-02-01 04:40:49,1,5,0.2,0.0447,0.3219,0.0,False
8,2026-02-01 04:44:35,2026-02-01 05:10:38,0,5,0.0,0.0447,0.3219,0.0,False
9,2026-02-01 05:12:34,2026-02-01 05:34:42,0,5,0.0,0.0447,0.3219,0.0,False
10,2026-02-01 05:35:28,2026-02-01 06:15:51,0,5,0.0,0.0447,0.3219,0.0,False
11,2026-02-01 06:28:02,2026-02-01 06:53:39,1,5,0.2,0.0447,0.3219,0.0,False
12,2026-02-01 06:56:20,2026-02-01 07:15:22,0,5,0.0,0.0447,0.3219,0.0,False
13,2026-02-01 07:15:40,2026-02-01 07:57:13,0,5,0.0,0.0447,0.3219,0.0,False
14,2026-02-01 07:58:44,2026-02-01 08:42:50,0,5,0.0,0.0447,0.3219,0.0,False
15,2026-02-01 08:53:35,2026-02-01 09:51:46,0,5,0.0,0.0447,0.3219,0.0,False
16,2026-02-01 10:13:42,2026-02-01 12:16:30,0,5,0.0,0.0447,0.3219,0.0,False
17,2026-02-01 12:21:40,2026-02-01 12:42:35,0,5,0.0,0.0447,0.3219,0.0,False
18,2026-02-01 12:53:22,2026-02-01 14:03:23,0,5,0.0,0.0447,0.3219,0.0,False
19,2026-02-01 14:04:06,2026-02-01 14:54:59,0,5,0.0,0.0447,0.3219,0.0,False
20,2026-02-01 14:55:03,2026-02-01 15:53:31,0,5,0.0,0.0447,0.3219,0.0,False
21,2026-02-01 16:06:13,2026-02-01 16:55:22,1,5,0.2,0.0447,0.3219,0.0,False
22,2026-02-01 17:22:38,2026-02-01 17:50:13,0,5,0.0,0.0447,0.3219,0.0,False
23,2026-02-01 17:59:34,2026-02-01 19:14:49,0,5,0.0,0.0447,0.3219,0.0,False
24,2026-02-01 19:21:32,2026-02-01 19:59:46,1,5,0.2,0.0447,0.3219,0.0,False
25,2026-02-01 20:15:00,2026-02-01 20:47:32,0,5,0.0,0.0447,0.3219,0.0,False
26,2026-02-01 20:52:18,2026-02-01 21:24:27,0,5,0.0,0.0447,0.3219,0.0,False
27,2026-02-01 21:31:51,2026-02-01 22:07:05,1,5,0.2,0.0447,0.3219,0.0,False
28,2026-02-01 22:31:52,2026-02-01 23:11:52,0,5,0.0,0.0447,0.3219,0.0,False
29,2026-02-01 23:25:19,2026-02-02 00:05:51,0,5,0.0,0.0447,0.3219,0.0,False
30,2026-02-02 00:19:55,2026-02-02 01:07:07,0,5,0.0,0.0447,0.3219,0.0,False
31,2026-02-02 01:18:51,2026-02-02 02:01:37,0,5,0.0,0.0447,0.3219,0.0,False
32,2026-02-02 02:40:00,2026-02-02 03:12:48,2,5,0.4,0.0447,0.3219,0.0,True
33,2026-02-02 03:40:18,2026-02-02 04:55:07,0,5,0.0,0.0447,0.3219,0.0,False
34,2026-02-02 04:57:05,2026-02-02 05:42:22,0,5,0.0,0.0447,0.3219,0.0,False
35,2026-02-02 05:44:06,2026-02-02 06:42:07,0,5,0.0,0.0447,0.3219,0.0,False
36,2026-02-02 06:48:52,2026-02-02 07:32:03,0,5,0.0,0.0447,0.3219,0.0,False
37,2026-02-02 07:45:13,2026-02-02 08:33:01,0,5,0.0,0.0447,0.3219,0.0,False
38,2026-02-02 08:33:37,2026-02-02 09:43:38,0,5,0.0,0.0447,0.3219,0.0,False
39,2026-02-02 10:04:51,2026-02-02 10:59:30,0,5,0.0,0.0447,0.3219,0.0,False
40,2026-02-02 11:01:42,2026-02-02 11:37:20,0,5,0.0,0.0447,0.3219,0.0,False
41,2026-02-02 11:43:28,2026-02-02 12:18:42,0,5,0.0,0.0447,0.3219,0.0,False
42,2026-02-02 12:29:00,2026-02-02 13:07:38,0,5,0.0,0.0447,0.3219,0.0,False
43,2026-02-02 13:15:40,2026-02-02 13:54:31,1,5,0.2,0.0447,0.3219,0.0,False
44,2026-02-02 14:05:12,2026-02-02 15:12:23,0,5,0.0,0.0447,0.3219,0.0,False
45,2026-02-02 15:20:30,2026-02-02 16:56:07,0,5,0.0,0.0447,0.3219,0.0,False
46,2026-02-02 17:10:36,2026-02-02 17:44:53,1,5,0.2,0.0447,0.3219,0.0,False
47,2026-02-02 17:49:58,2026-02-02 18:40:12,0,5,0.0,0.0447,0.3219,0.0,False
48,2026-02-02 19:01:26,2026-02-02 19:30:07,1,5,0.2,0.0447,0.3219,0.0,False
49,2026-02-02 19:36:17,2026-02-02 20:12:12,0,5,0.0,0.0447,0.3219,0.0,False
50,2026-02-02 20:13:22,2026-02-02 20:45:41,1,5,0.2,0.0447,0.3219,0.0,False
51,2026-02-02 20:55:02,2026-02-02 22:01:06,0,5,0.0,0.0447,0.3219,0.0,False
52,2026-02-02 22:07:53,2026-02-02 22:45:58,1,5,0.2,0.0447,0.3219,0.0,False
53,2026-02-02 22:47:06,2026-02-02 23:25:51,0,5,0.0,0.0447,0.3219,0.0,False
54,2026-02-02 23:45:04,2026-02-03 00:25:32,0,5,0.0,0.0447,0.3219,0.0,False
55,2026-02-03 00:28:26,2026-02-03 01:48:59,0,5,0.0,0.0447,0.3219,0.0,False
56,2026-02-03 01:49:55,2026-02-03 02:25:24,0,5,0.0,0.0447,0.3219,0.0,False
57,2026-02-03 02:42:47,2026-02-03 03:49:46,0,5,0.0,0.0447,0.3219,0.0,False
58,2026-02-03 03:51:14,2026-02-03 05:01:14,0,5,0.0,0.0447,0.3219,0.0,False
59,2026-02-03 05:05:00,2026-02-03 05:44:00,1,5,0.2,0.0447,0.3219,0.0,False
60,2026-02-03 05:47:46,2026-02-03 07:41:15,1,5,0.2,0.0447,0.3219,0.0,False
61,2026-02-03 07:43:24,2026-02-03 07:55:57,0,5,0.0,0.0447,0.3219,0.0,False
62,2026-02-03 08:03:34,2026-02-03 08:32:55,1,5,0.2,0.0447,0.3219,0.0,False
63,2026-02-03 08:52:27,2026-02-03 09:34:13,0,5,0.0,0.0447,0.3219,0.0,False
64,2026-02-03 10:10:11,2026-02-03 11:01:56,1,5,0.2,0.0447,0.3219,0.0,False
65,2026-02-03 11:03:36,2026-02-03 12:19:04,0,5,0.0,0.0447,0.3219,0.0,False
66,2026-02-03 12:30:27,2026-02-03 12:54:55,1,5,0.2,0.0447,0.3219,0.0,False
67,2026-02-03 13:03:02,2026-02-03 13:20:39,0,5,0.0,0.0447,0.3219,0.0,False
68,2026-02-03 13:21:56,2026-02-03 14:19:21,1,5,0.2,0.0447,0.3219,0.0,False
69,2026-02-03 14:20:05,2026-02-03 14:38:50,0,5,0.0,0.0447,0.3219,0.0,False
70,2026-02-03 14:44:21,2026-02-03 15:39:55,1,5,0.2,0.0447,0.3219,0.0,False
71,2026-02-03 15:48:55,2026-02-03 16:37:20,0,5,0.0,0.0447,0.3219,0.0,False
72,2026-02-03 16:50:04,2026-02-03 17:35:52,0,5,0.0,0.0447,0.3219,0.0,False
73,2026-02-03 17:56:09,2026-02-03 18:05:26,0,5,0.0,0.0447,0.3219,0.0,False
74,2026-02-03 18:08:20,2026-02-03 19:17:44,0,5,0.0,0.0447,0.3219,0.0,False
75,2026-02-03 19:24:40,2026-02-03 20:05:26,0,5,0.0,0.0447,0.3219,0.0,False
76,2026-02-03 20:06:56,2026-02-03 20:32:49,0,5,0.0,0.0447,0.3219,0.0,False
77,2026-02-03 20:53:57,2026-02-03 21:49:45,0,5,0.0,0.0447,0.3219,0.0,False
78,2026-02-03 22:07:42,2026-02-03 22:47:49,0,5,0.0,0.0447,0.3219,0.0,False
79,2026-02-03 23:00:19,2026-02-03 23:50:16,0,5,0.0,0.0447,0.3219,0.0,False
80,2026-02-04 00:01:04,2026-02-04 01:00:41,0,5,0.0,0.0447,0.3219,0.0,False
81,2026-02-04 01:27:40,2026-02-04 02:15:52,0,5,0.0,0.0447,0.3219,0.0,False
82,2026-02-04 02:20:35,2026-02-04 02:57:14,0,5,0.0,0.0447,0.3219,0.0,False
83,2026-02-04 03:12:43,2026-02-04 03:36:29,0,5,0.0,0.0447,0.3219,0.0,False
84,2026-02-04 03:45:44,2026-02-04 04:08:25,0,5,0.0,0.0447,0.3219,0.0,False
85,2026-02-04 04:14:44,2026-02-04 05:14:11,0,5,0.0,0.0447,0.3219,0.0,False
86,2026-02-04 05:20:30,2026-02-04 05:52:50,0,5,0.0,0.0447,0.3219,0.0,False
87,2026-02-04 06:02:55,2026-02-04 06:27:39,0,5,0.0,0.0447,0.3219,0.0,False
88,2026-02-04 06:45:45,2026-02-04 07:46:58,1,5,0.2,0.0447,0.3219,0.0,False
89,2026-02-04 08:04:31,2026-02-04 08:39:08,0,5,0.0,0.0447,0.3219,0.0,False
90,2026-02-04 08:46:27,2026-02-04 09:55:01,0,5,0.0,0.0447,0.3219,0.0,False
91,2026-02-04 10:00:36,2026-02-04 10:45:05,0,5,0.0,0.0447,0.3219,0.0,False
92,2026-02-04 10:47:49,2026-02-04 11:19:52,0,5,0.0,0.0447,0.3219,0.0,False
93,2026-02-04 11:26:00,2026-02-04 12:43:14,0,5,0.0,0.0447,0.3219,0.0,False
94,2026-02-04 12:43:18,2026-02-04 13:37:37,1,5,0.2,0.0447,0.3219,0.0,False
95,2026-02-04 13:42:59,2026-02-04 14:18:41,0,5,0.0,0.0447,0.3219,0.0,False
96,2026-02-04 14:51:47,2026-02-04 15:26:26,0,5,0.0,0.0447,0.3219,0.0,False
97,2026-02-04 15:44:45,2026-02-04 16:20:35,0,5,0.0,0.0447,0.3219,0.0,False
98,2026-02-04 16:23:35,2026-02-04 16:39:27,0,5,0.0,0.0447,0.3219,0.0,False
99,2026-02-04 16:43:54,2026-02-04 17:02:59,1,5,0.2,0.0447,0.3219,0.0,False
100,2026-02-04 17:21:16,2026-02-04 17:38:18,1,5,0.2,0.0447,0.3219,0.0,False
101,2026-02-04 18:06:44,2026-02-04 18:35:17,0,5,0.0,0.0447,0.3219,0.0,False
102,2026-02-04 19:00:49,2026-02-04 19:53:25,0,5,0.0,0.0447,0.3219,0.0,False
103,2026-02-04 19:53:46,2026-02-04 20:19:04,0,5,0.0,0.0447,0.3219,0.0,False
104,2026-02-04 20:26:08,2026-02-04 21:51:24,0,5,0.0,0.0447,0.3219,0.0,False
105,2026-02-04 22:04:43,2026-02-04 22:27:59,1,5,0.2,0.0447,0.3219,0.0,False
106,2026-02-04 22:28:53,2026-02-04 23:10:53,0,5,0.0,0.0447,0.3219,0.0,False
107,2026-02-04 23:23:25,2026-02-05 00:12:27,0,5,0.0,0.0447,0.3219,0.0,False
108,2026-02-05 00:23:50,2026-02-05 01:16:24,0,5,0.0,0.0447,0.3219,0.0,False
109,2026-02-05 01:26:41,2026-02-05 02:24:26,0,5,0.0,0.0447,0.3219,0.0,False
110,2026-02-05 02:24:32,2026-02-05 02:33:05,0,5,0.0,0.0447,0.3219,0.0,False
111,2026-02-05 02:33:15,2026-02-05 03:03:29,0,5,0.0,0.0447,0.3219,0.0,False
112,2026-02-05 03:12:25,2026-02-05 03:54:49,0,5,0.0,0.0447,0.3219,0.0,False
113,2026-02-05 03:58:51,2026-02-05 04:42:07,0,5,0.0,0.0447,0.3219,0.0,False
114,2026-02-05 04:56:45,2026-02-05 05:42:34,0,5,0.0,0.0447,0.3219,0.0,False
115,2026-02-05 05:56:00,2026-02-05 06:16:25,0,5,0.0,0.0447,0.3219,0.0,False
116,2026-02-05 06:23:24,2026-02-05 07:48:21,0,5,0.0,0.0447,0.3219,0.0,False
117,2026-02-05 07:50:57,2026-02-05 08:17:25,1,5,0.2,0.0447,0.3219,0.0,False
118,2026-02-05 08:29:04,2026-02-05 09:20:26,0,5,0.0,0.0447,0.3219,0.0,False
119,2026-02-05 09:20:28,2026-02-05 09:57:32,0,5,0.0,0.0447,0.3219,0.0,False
120,2026-02-05 10:03:57,2026-02-05 10:39:46,0,5,0.0,0.0447,0.3219,0.0,False
121,2026-02-05 11:00:32,2026-02-05 11:35:12,0,5,0.0,0.0447,0.3219,0.0,False
122,2026-02-05 11:41:48,2026-02-05 12:13:14,0,5,0.0,0.0447,0.3219,0.0,False
123,2026-02-05 12:29:56,2026-02-05 12:49:15,0,5,0.0,0.0447,0.3219,0.0,False
124,2026-02-05 12:58:46,2026-02-05 13:49:29,0,5,0.0,0.0447,0.3219,0.0,False
125,2026-02-05 13:50:54,2026-02-05 14:14:36,0,5,0.0,0.0447,0.3219,0.0,False
126,2026-02-05 14:14:40,2026-02-05 15:10:09,0,5,0.0,0.0447,0.3219,0.0,False
127,2026-02-05 15:15:30,2026-02-05 15:50:58,0,5,0.0,0.0447,0.3219,0.0,False
128,2026-02-05 16:04:40,2026-02-05 17:00:57,0,5,0.0,0.0447,0.3219,0.0,False
129,2026-02-05 17:08:21,2026-02-05 17:32:39,0,5,0.0,0.0447,0.3219,0.0,False
130,2026-02-05 17:34:22,2026-02-05 17:53:47,0,5,0.0,0.0447,0.3219,0.0,False
131,2026-02-05 17:57:43,2026-02-05 18:34:40,0,5,0.0,0.0447,0.3219,0.0,False
132,2026-02-05 18:43:41,2026-02-05 19:09:36,1,5,0.2,0.0447,0.3219,0.0,False
133,2026-02-05 19:22:43,2026-02-05 19:56:18,0,5,0.0,0.0447,0.3219,0.0,False
134,2026-02-05 20:14:03,2026-02-05 21:05:21,0,5,0.0,0.0447,0.3219,0.0,False
135,2026-02-05 21:18:51,2026-02-05 22:12:16,0,5,0.0,0.0447,0.3219,0.0,False
136,2026-02-05 22:30:34,2026-02-05 22:38:39,0,5,0.0,0.0447,0.3219,0.0,False
137,2026-02-05 23:08:00,2026-02-06 01:10:55,0,5,0.0,0.0447,0.3219,0.0,False
138,2026-02-06 01:34:37,2026-02-06 02:06:07,0,5,0.0,0.0447,0.3219,0.0,False
139,2026-02-06 02:08:39,2026-02-06 02:32:01,0,5,0.0,0.0447,0.3219,0.0,False
140,2026-02-06 02:48:54,2026-02-06 03:17:22,0,5,0.0,0.0447,0.3219,0.0,False
141,2026-02-06 04:10:06,2026-02-06 04:54:21,0,5,0.0,0.0447,0.3219,0.0,False
142,2026-02-06 04:57:48,2026-02-06 06:16:38,0,5,0.0,0.0447,0.3219,0.0,False
143,2026-02-06 06:58:56,2026-02-06 07:34:23,0,5,0.0,0.0447,0.3219,0.0,False
144,2026-02-06 07:40:18,2026-02-06 08:29:03,0,5,0.0,0.0447,0.3219,0.0,False
145,2026-02-06 08:39:15,2026-02-06 08:58:55,0,5,0.0,0.0447,0.3219,0.0,False
146,2026-02-06 09:10:37,2026-02-06 09:46:16,0,5,0.0,0.0447,0.3219,0.0,False
147,2026-02-06 10:12:08,2026-02-06 10:42:45,0,5,0.0,0.0447,0.3219,0.0,False
148,2026-02-06 11:25:55,2026-02-06 12:03:08,0,5,0.0,0.0447,0.3219,0.0,False
149,2026-02-06 12:03:30,2026-02-06 12:24:11,0,5,0.0,0.0447,0.3219,0.0,False
150,2026-02-06 12:32:03,2026-02-06 13:00:50,2,5,0.4,0.0447,0.3219,0.0,True
151,2026-02-06 13:06:17,2026-02-06 13:17:53,0,5,0.0,0.0447,0.3219,0.0,False
152,2026-02-06 13:21:11,2026-02-06 13:38:16,0,5,0.0,0.0447,0.3219,0.0,False
153,2026-02-06 13:53:52,2026-02-06 14:32:15,0,5,0.0,0.0447,0.3219,0.0,False
154,2026-02-06 14:36:41,2026-02-06 15:06:27,0,5,0.0,0.0447,0.3219,0.0,False
155,2026-02-06 15:07:55,2026-02-06 16:15:12,1,5,0.2,0.0447,0.3219,0.0,False
156,2026-02-06 16:31:37,2026-02-06 16:57:05,0,5,0.0,0.0447,0.3219,0.0,False
157,2026-02-06 17:01:00,2026-02-06 17:49:41,1,5,0.2,0.0447,0.3219,0.0,False
158,2026-02-06 17:53:38,2026-02-06 19:07:58,0,5,0.0,0.0447,0.3219,0.0,False
159,2026-02-06 19:17:07,2026-02-06 20:20:13,0,5,0.0,0.0447,0.3219,0.0,False
160,2026-02-06 20:38:21,2026-02-06 21:08:05,0,5,0.0,0.0447,0.3219,0.0,False
161,2026-02-06 21:11:51,2026-02-06 21:24:38,0,5,0.0,0.0447,0.3219,0.0,False
162,2026-02-06 21:31:38,2026-02-06 22:02:37,0,5,0.0,0.0447,0.3219,0.0,False
163,2026-02-06 22:04:53,2026-02-06 22:25:18,0,5,0.0,0.0447,0.3219,0.0,False
164,2026-02-06 22:28:00,2026-02-06 22:52:47,0,5,0.0,0.0447,0.3219,0.0,False
165,2026-02-06 23:02:20,2026-02-06 23:32:21,0,5,0.0,0.0447,0.3219,0.0,False
166,2026-02-06 23:32:46,2026-02-07 00:36:13,1,5,0.2,0.0447,0.3219,0.0,False
167,2026-02-07 00:41:02,2026-02-07 01:34:25,0,5,0.0,0.0447,0.3219,0.0,False
168,2026-02-07 01:54:28,2026-02-07 02:30:36,0,5,0.0,0.0447,0.3219,0.0,False
169,2026-02-07 02:32:49,2026-02-07 03:26:50,0,5,0.0,0.0447,0.3219,0.0,False
170,2026-02-07 03:28:14,2026-02-07 04:02:51,1,5,0.2,0.0447,0.3219,0.0,False
171,2026-02-07 04:13:11,2026-02-07 04:28:52,0,5,0.0,0.0447,0.3219,0.0,False
172,2026-02-07 04:38:08,2026-02-07 05:24:43,0,5,0.0,0.0447,0.3219,0.0,False
173,2026-02-07 06:01:07,2026-02-07 06:48:14,0,5,0.0,0.0447,0.3219,0.0,False
174,2026-02-07 06:51:30,2026-02-07 07:17:45,0,5,0.0,0.0447,0.3219,0.0,False
175,2026-02-07 07:24:27,2026-02-07 08:02:01,0,5,0.0,0.0447,0.3219,0.0,False
176,2026-02-07 08:03:06,2026-02-07 08:39:17,0,5,0.0,0.0447,0.3219,0.0,False
177,2026-02-07 09:07:50,2026-02-07 09:41:53,0,5,0.0,0.0447,0.3219,0.0,False
178,2026-02-07 09:51:08,2026-02-07 10:21:17,1,5,0.2,0.0447,0.3219,0.0,False
179,2026-02-07 10:25:08,2026-02-07 11:02:42,1,5,0.2,0.0447,0.3219,0.0,False
180,2026-02-07 11:09:18,2026-02-07 11:58:35,0,5,0.0,0.0447,0.3219,0.0,False
181,2026-02-07 12:00:07,2026-02-07 12:19:50,0,5,0.0,0.0447,0.3219,0.0,False
182,2026-02-07 12:31:27,2026-02-07 13:30:59,1,5,0.2,0.0447,0.3219,0.0,False
183,2026-02-07 13:44:15,2026-02-07 14:14:17,0,5,0.0,0.0447,0.3219,0.0,False
184,2026-02-07 14:33:32,2026-02-07 14:49:58,0,5,0.0,0.0447,0.3219,0.0,False
185,2026-02-07 14:50:07,2026-02-07 15:14:19,0,5,0.0,0.0447,0.3219,0.0,False
186,2026-02-07 15:32:54,2026-02-07 15:55:07,0,5,0.0,0.0447,0.3219,0.0,False
187,2026-02-07 15:57:50,2026-02-07 17:03:36,0,5,0.0,0.0447,0.3219,0.0,False
188,2026-02-07 17:16:21,2026-02-07 17:55:38,0,5,0.0,0.0447,0.3219,0.0,False
189,2026-02-07 17:59:02,2026-02-07 18:29:20,0,5,0.0,0.0447,0.3219,0.0,False
190,2026-02-07 18:50:13,2026-02-07 19:54:07,0,5,0.0,0.0447,0.3219,0.0,False
191,2026-02-07 19:57:44,2026-02-07 20:28:50,0,5,0.0,0.0447,0.3219,0.0,False
192,2026-02-07 20:39:23,2026-02-07 21:07:11,0,5,0.0,0.0447,0.3219,0.0,False
193,2026-02-07 21:28:22,2026-02-07 21:59:09,0,5,0.0,0.0447,0.3219,0.0,False
194,2026-02-07 22:09:09,2026-02-07 22:26:49,0,5,0.0,0.0447,0.3219,0.0,False
195,2026-02-07 22:27:52,2026-02-07 23:26:15,0,5,0.0,0.0447,0.3219,0.0,False
196,2026-02-07 23:27:40,2026-02-08 00:15:52,1,5,0.2,0.0447,0.3219,0.0,False
197,2026-02-08 00:28:12,2026-02-08 00:54:23,0,5,0.0,0.0447,0.3219,0.0,False
198,2026-02-08 00:58:38,2026-02-08 01:48:10,0,5,0.0,0.0447,0.3219,0.0,False
199,2026-02-08 01:49:37,2026-02-08 02:45:41,0,5,0.0,0.0447,0.3219,0.0,False
200,2026-02-08 02:51:04,2026-02-08 03:41:57,0,5,0.0,0.0447,0.3219,0.0,False
201,2026-02-08 03:43:31,2026-02-08 04:35:38,0,5,0.0,0.0447,0.3219,0.0,False
202,2026-02-08 04:46:52,2026-02-08 05:10:45,1,5,0.2,0.0447,0.3219,0.0,False
203,2026-02-08 05:19:40,2026-02-08 05:58:13,0,5,0.0,0.0447,0.3219,0.0,False
204,2026-02-08 06:05:20,2026-02-08 07:04:44,0,5,0.0,0.0447,0.3219,0.0,False
205,2026-02-08 07:05:29,2026-02-08 07:35:50,0,5,0.0,0.0447,0.3219,0.0,False
206,2026-02-08 08:08:29,2026-02-08 08:39:31,0,5,0.0,0.0447,0.3219,0.0,False
207,2026-02-08 09:08:33,2026-02-08 09:21:43,0,5,0.0,0.0447,0.3219,0.0,False
208,2026-02-08 09:25:29,2026-02-08 09:35:13,1,5,0.2,0.0447,0.3219,0.0,False
209,2026-02-08 09:40:54,2026-02-08 10:03:36,0,5,0.0,0.0447,0.3219,0.0,False
210,2026-02-08 10:05:01,2026-02-08 11:14:34,1,5,0.2,0.0447,0.3219,0.0,False
211,2026-02-08 11:36:35,2026-02-08 11:45:55,2,5,0.4,0.0447,0.3219,0.0,True
212,2026-02-08 11:46:42,2026-02-08 12:14:06,0,5,0.0,0.0447,0.3219,0.0,False
213,2026-02-08 12:18:20,2026-02-08 13:09:22,0,5,0.0,0.0447,0.3219,0.0,False
214,2026-02-08 13:27:13,2026-02-08 14:03:56,0,5,0.0,0.0447,0.3219,0.0,False
215,2026-02-08 14:08:17,2026-02-08 14:45:45,0,5,0.0,0.0447,0.3219,0.0,False
216,2026-02-08 14:58:32,2026-02-08 16:08:46,1,5,0.2,0.0447,0.3219,0.0,False
217,2026-02-08 16:36:59,2026-02-08 17:26:48,0,5,0.0,0.0447,0.3219,0.0,False
218,2026-02-08 17:28:42,2026-02-08 18:00:17,0,5,0.0,0.0447,0.3219,0.0,False
219,2026-02-08 18:03:52,2026-02-08 18:56:56,0,5,0.0,0.0447,0.3219,0.0,False
220,2026-02-08 18:59:07,2026-02-08 19:30:46,0,5,0.0,0.0447,0.3219,0.0,False
221,2026-02-08 19:50:18,2026-02-08 21:09:07,0,5,0.0,0.0447,0.3219,0.0,False
222,2026-02-08 21:24:45,2026-02-08 22:00:50,1,5,0.2,0.0447,0.3219,0.0,False
223,2026-02-08 22:02:06,2026-02-08 22:09:11,0,5,0.0,0.0447,0.3219,0.0,False
224,2026-02-08 22:10:09,2026-02-08 22:27:18,0,5,0.0,0.0447,0.3219,0.0,False
225,2026-02-08 22:28:47,2026-02-08 22:59:53,0,5,0.0,0.0447,0.3219,0.0,False
226,2026-02-08 23:15:58,2026-02-09 00:02:58,3,5,0.6,0.0447,0.3219,0.0,True
227,2026-02-09 00:05:02,2026-02-09 00:38:22,0,5,0.0,0.0447,0.3219,0.0,False
228,2026-02-09 00:39:24,2026-02-09 01:09:32,0,5,0.0,0.0447,0.3219,0.0,False
229,2026-02-09 01:19:49,2026-02-09 01:33:13,1,5,0.2,0.0447,0.3219,0.0,False
230,2026-02-09 01:44:51,2026-02-09 02:11:48,0,5,0.0,0.0447,0.3219,0.0,False
231,2026-02-09 02:14:29,2026-02-09 03:02:57,0,5,0.0,0.0447,0.3219,0.0,False
232,2026-02-09 03:06:01,2026-02-09 03:40:39,0,5,0.0,0.0447,0.3219,0.0,False
233,2026-02-09 03:41:24,2026-02-09 04:31:40,0,5,0.0,0.0447,0.3219,0.0,False
234,2026-02-09 04:35:49,2026-02-09 05:00:41,0,5,0.0,0.0447,0.3219,0.0,False
235,2026-02-09 05:07:27,2026-02-09 05:19:05,0,5,0.0,0.0447,0.3219,0.0,False
236,2026-02-09 05:34:32,2026-02-09 06:38:35,0,5,0.0,0.0447,0.3219,0.0,False
237,2026-02-09 06:59:28,2026-02-09 07:19:47,0,5,0.0,0.0447,0.3219,0.0,False
238,2026-02-09 07:23:17,2026-02-09 07:53:46,0,5,0.0,0.0447,0.3219,0.0,False
239,2026-02-09 08:04:43,2026-02-09 08:38:02,1,5,0.2,0.0447,0.3219,0.0,False
240,2026-02-09 08:38:39,2026-02-09 09:18:27,0,5,0.0,0.0447,0.3219,0.0,False
241,2026-02-09 09:36:27,2026-02-09 10:19:39,0,5,0.0,0.0447,0.3219,0.0,False
242,2026-02-09 10:22:21,2026-02-09 10:59:54,1,5,0.2,0.0447,0.3219,0.0,False
243,2026-02-09 11:07:06,2026-02-09 11:58:56,0,5,0.0,0.0447,0.3219,0.0,False
244,2026-02-09 12:02:58,2026-02-09 12:18:42,0,5,0.0,0.0447,0.3219,0.0,False
245,2026-02-09 12:31:39,2026-02-09 13:21:26,1,5,0.2,0.0447,0.3219,0.0,False
246,2026-02-09 13:31:08,2026-02-09 13:55:56,0,5,0.0,0.0447,0.3219,0.0,False
247,2026-02-09 13:56:31,2026-02-09 15:44:15,0,5,0.0,0.0447,0.3219,0.0,False
248,2026-02-09 15:46:01,2026-02-09 16:06:38,0,5,0.0,0.0447,0.3219,0.0,False
249,2026-02-09 16:07:32,2026-02-09 16:49:25,0,5,0.0,0.0447,0.3219,0.0,False
250,2026-02-09 17:31:45,2026-02-09 18:31:31,1,5,0.2,0.0447,0.3219,0.0,False
251,2026-02-09 18:34:00,2026-02-09 19:30:39,0,5,0.0,0.0447,0.3219,0.0,False
252,2026-02-09 19:34:48,2026-02-09 20:43:57,0,5,0.0,0.0447,0.3219,0.0,False
253,2026-02-09 20:44:29,2026-02-09 21:09:59,1,5,0.2,0.0447,0.3219,0.0,False
254,2026-02-09 21:10:23,2026-02-09 21:42:35,0,5,0.0,0.0447,0.3219,0.0,False
255,2026-02-09 21:42:40,2026-02-09 21:57:58,0,5,0.0,0.0447,0.3219,0.0,False
256,2026-02-09 21:59:58,2026-02-09 22:46:29,0,5,0.0,0.0447,0.3219,0.0,False
257,2026-02-09 22:58:19,2026-02-10 00:00:52,0,5,0.0,0.0447,0.3219,0.0,False
258,2026-02-10 00:22:28,2026-02-10 00:57:29,1,5,0.2,0.0447,0.3219,0.0,False
259,2026-02-10 00:58:07,2026-02-10 01:43:32,0,5,0.0,0.0447,0.3219,0.0,False
260,2026-02-10 01:48:52,2026-02-10 02:44:01,1,5,0.2,0.0447,0.3219,0.0,False
261,2026-02-10 02:55:30,2026-02-10 03:35:45,1,5,0.2,0.0447,0.3219,0.0,False
262,2026-02-10 04:11:51,2026-02-10 04:21:07,0,5,0.0,0.0447,0.3219,0.0,False
263,2026-02-10 04:30:42,2026-02-10 04:59:39,0,5,0.0,0.0447,0.3219,0.0,False
264,2026-02-10 05:34:55,2026-02-10 06:29:42,0,5,0.0,0.0447,0.3219,0.0,False
265,2026-02-10 06:35:26,2026-02-10 06:50:41,0,5,0.0,0.0447,0.3219,0.0,False
266,2026-02-10 07:14:45,2026-02-10 07:40:51,0,5,0.0,0.0447,0.3219,0.0,False
267,2026-02-10 07:41:54,2026-02-10 08:11:40,0,5,0.0,0.0447,0.3219,0.0,False
268,2026-02-10 08:16:33,2026-02-10 08:55:02,0,5,0.0,0.0447,0.3219,0.0,False
269,2026-02-10 09:09:39,2026-02-10 09:31:19,0,5,0.0,0.0447,0.3219,0.0,False
270,2026-02-10 09:33:18,2026-02-10 10:17:17,1,5,0.2,0.0447,0.3219,0.0,False
271,2026-02-10 10:36:05,2026-02-10 10:50:11,0,5,0.0,0.0447,0.3219,0.0,False
272,2026-02-10 11:06:19,2026-02-10 11:49:51,0,5,0.0,0.0447,0.3219,0.0,False
273,2026-02-10 11:56:53,2026-02-10 14:06:03,0,5,0.0,0.0447,0.3219,0.0,False
274,2026-02-10 14:07:45,2026-02-10 15:09:33,0,5,0.0,0.0447,0.3219,0.0,False
275,2026-02-10 15:10:24,2026-02-10 15:59:05,0,5,0.0,0.0447,0.3219,0.0,False
276,2026-02-10 16:27:23,2026-02-10 18:03:33,0,5,0.0,0.0447,0.3219,0.0,False
277,2026-02-10 18:38:38,2026-02-10 19:30:39,1,5,0.2,0.0447,0.3219,0.0,False
278,2026-02-10 19:48:43,2026-02-10 20:36:36,1,5,0.2,0.0447,0.3219,0.0,False
279,2026-02-10 20:43:49,2026-02-10 21:22:06,1,5,0.2,0.0447,0.3219,0.0,False
280,2026-02-10 22:05:25,2026-02-10 22:54:06,0,5,0.0,0.0447,0.3219,0.0,False
281,2026-02-10 23:02:04,2026-02-10 23:25:09,1,5,0.2,0.0447,0.3219,0.0,False
282,2026-02-10 23:30:41,2026-02-10 23:56:06,0,5,0.0,0.0447,0.3219,0.0,False
283,2026-02-10 23:58:27,2026-02-11 00:40:43,0,5,0.0,0.0447,0.3219,0.0,False
284,2026-02-11 00:45:57,2026-02-11 01:25:02,0,5,0.0,0.0447,0.3219,0.0,False
285,2026-02-11 01:38:08,2026-02-11 02:10:22,0,5,0.0,0.0447,0.3219,0.0,False
286,2026-02-11 02:13:36,2026-02-11 03:09:18,0,5,0.0,0.0447,0.3219,0.0,False
287,2026-02-11 03:10:38,2026-02-11 03:56:11,0,5,0.0,0.0447,0.3219,0.0,False
288,2026-02-11 03:58:35,2026-02-11 05:37:44,0,5,0.0,0.0447,0.3219,0.0,False
289,2026-02-11 05:48:22,2026-02-11 06:03:13,0,5,0.0,0.0447,0.3219,0.0,False
290,2026-02-11 06:16:15,2026-02-11 06:45:46,0,5,0.0,0.0447,0.3219,0.0,False
291,2026-02-11 06:55:26,2026-02-11 08:39:03,2,5,0.4,0.0447,0.3219,0.0,True
292,2026-02-11 08:46:49,2026-02-11 09:08:12,2,5,0.4,0.0447,0.3219,0.0,True
293,2026-02-11 09:38:47,2026-02-11 10:04:38,0,5,0.0,0.0447,0.3219,0.0,False
294,2026-02-11 10:06:27,2026-02-11 10:46:35,1,5,0.2,0.0447,0.3219,0.0,False
295,2026-02-11 10:48:59,2026-02-11 11:37:08,0,5,0.0,0.0447,0.3219,0.0,False
296,2026-02-11 11:47:28,2026-02-11 12:26:32,1,5,0.2,0.0447,0.3219,0.0,False
297,2026-02-11 12:36:13,2026-02-11 13:07:20,1,5,0.2,0.0447,0.3219,0.0,False
298,2026-02-11 13:30:03,2026-02-11 14:28:47,0,5,0.0,0.0447,0.3219,0.0,False
299,2026-02-11 14:40:55,2026-02-11 15:08:14,0,5,0.0,0.0447,0.3219,0.0,False
300,2026-02-11 15:11:57,2026-02-11 15:32:57,1,5,0.2,0.0447,0.3219,0.0,False
301,2026-02-11 15:37:25,2026-02-11 16:13:28,0,5,0.0,0.0447,0.3219,0.0,False
302,2026-02-11 16:58:06,2026-02-11 17:26:36,0,5,0.0,0.0447,0.3219,0.0,False
303,2026-02-11 17:29:47,2026-02-11 17:51:51,0,5,0.0,0.0447,0.3219,0.0,False
304,2026-02-11 17:55:13,2026-02-11 18:27:07,0,5,0.0,0.0447,0.3219,0.0,False
305,2026-02-11 18:32:45,2026-02-11 19:57:45,1,5,0.2,0.0447,0.3219,0.0,False
306,2026-02-11 20:03:05,2026-02-11 20:50:45,1,5,0.2,0.0447,0.3219,0.0,False
307,2026-02-11 20:53:26,2026-02-11 21:22:55,0,5,0.0,0.0447,0.3219,0.0,False
308,2026-02-11 21:33:57,2026-02-11 22:08:39,0,5,0.0,0.0447,0.3219,0.0,False
309,2026-02-11 22:12:16,2026-02-11 22:46:48,0,5,0.0,0.0447,0.3219,0.0,False
310,2026-02-11 22:48:04,2026-02-11 23:12:55,0,5,0.0,0.0447,0.3219,0.0,False
311,2026-02-11 23:23:25,2026-02-11 23:59:15,0,5,0.0,0.0447,0.3219,0.0,False
312,2026-02-12 00:04:39,2026-02-12 00:38:29,0,5,0.0,0.0447,0.3219,0.0,False
313,2026-02-12 00:42:42,2026-02-12 01:41:03,0,5,0.0,0.0447,0.3219,0.0,False
314,2026-02-12 02:04:18,2026-02-12 03:20:42,0,5,0.0,0.0447,0.3219,0.0,False
315,2026-02-12 03:38:03,2026-02-12 04:51:22,0,5,0.0,0.0447,0.3219,0.0,False
316,2026-02-12 04:54:10,2026-02-12 06:18:30,0,5,0.0,0.0447,0.3219,0.0,False
317,2026-02-12 06:20:32,2026-02-12 06:49:16,0,5,0.0,0.0447,0.3219,0.0,False
318,2026-02-12 06:56:13,2026-02-12 07:33:06,0,5,0.0,0.0447,0.3219,0.0,False
319,2026-02-12 07:35:46,2026-02-12 08:00:07,1,5,0.2,0.0447,0.3219,0.0,False
320,2026-02-12 08:12:36,2026-02-12 08:49:10,0,5,0.0,0.0447,0.3219,0.0,False
321,2026-02-12 08:49:26,2026-02-12 09:54:50,1,5,0.2,0.0447,0.3219,0.0,False
322,2026-02-12 10:04:15,2026-02-12 11:01:06,0,5,0.0,0.0447,0.3219,0.0,False
323,2026-02-12 11:08:33,2026-02-12 11:33:25,0,5,0.0,0.0447,0.3219,0.0,False
324,2026-02-12 11:51:54,2026-02-12 12:26:51,0,5,0.0,0.0447,0.3219,0.0,False
325,2026-02-12 12:40:03,2026-02-12 13:14:33,0,5,0.0,0.0447,0.3219,0.0,False
326,2026-02-12 13:23:44,2026-02-12 14:04:46,1,5,0.2,0.0447,0.3219,0.0,False
327,2026-02-12 14:08:55,2026-02-12 14:46:37,0,5,0.0,0.0447,0.3219,0.0,False
328,2026-02-12 14:53:28,2026-02-12 15:56:14,0,5,0.0,0.0447,0.3219,0.0,False
329,2026-02-12 16:02:46,2026-02-12 16:26:35,0,5,0.0,0.0447,0.3219,0.0,False
330,2026-02-12 16:36:12,2026-02-12 17:03:17,1,5,0.2,0.0447,0.3219,0.0,False
331,2026-02-12 17:03:57,2026-02-12 17:27:29,0,5,0.0,0.0447,0.3219,0.0,False
332,2026-02-12 17:36:31,2026-02-12 17:48:08,0,5,0.0,0.0447,0.3219,0.0,False
333,2026-02-12 17:51:34,2026-02-12 18:39:11,0,5,0.0,0.0447,0.3219,0.0,False
334,2026-02-12 18:47:03,2026-02-12 19:11:44,0,5,0.0,0.0447,0.3219,0.0,False
335,2026-02-12 19:49:48,2026-02-12 20:11:21,0,5,0.0,0.0447,0.3219,0.0,False
336,2026-02-12 20:25:52,2026-02-12 20:46:46,0,5,0.0,0.0447,0.3219,0.0,False
337,2026-02-12 20:56:51,2026-02-12 21:25:49,0,5,0.0,0.0447,0.3219,0.0,False
338,2026-02-12 21:45:01,2026-02-12 22:27:50,0,5,0.0,0.0447,0.3219,0.0,False
339,2026-02-12 22:33:29,2026-02-12 23:34:36,1,5,0.2,0.0447,0.3219,0.0,False
340,2026-02-12 23:47:54,2026-02-13 01:09:40,1,5,0.2,0.0447,0.3219,0.0,False
341,2026-02-13 01:28:37,2026-02-13 02:04:18,1,5,0.2,0.0447,0.3219,0.0,False
342,2026-02-13 02:11:53,2026-02-13 02:56:11,0,5,0.0,0.0447,0.3219,0.0,False
343,2026-02-13 03:00:36,2026-02-13 03:22:01,0,5,0.0,0.0447,0.3219,0.0,False
344,2026-02-13 03:23:20,2026-02-13 04:00:56,2,5,0.4,0.0447,0.3219,0.0,True
345,2026-02-13 04:16:33,2026-02-13 04:47:37,0,5,0.0,0.0447,0.3219,0.0,False
346,2026-02-13 05:09:39,2026-02-13 05:48:17,2,5,0.4,0.0447,0.3219,0.0,True
347,2026-02-13 05:57:29,2026-02-13 07:18:33,0,5,0.0,0.0447,0.3219,0.0,False
348,2026-02-13 07:18:51,2026-02-13 08:08:04,0,5,0.0,0.0447,0.3219,0.0,False
349,2026-02-13 08:17:06,2026-02-13 10:08:22,1,5,0.2,0.0447,0.3219,0.0,False
350,2026-02-13 10:20:51,2026-02-13 10:55:44,1,5,0.2,0.0447,0.3219,0.0,False
351,2026-02-13 11:01:57,2026-02-13 11:20:48,0,5,0.0,0.0447,0.3219,0.0,False
352,2026-02-13 11:28:20,2026-02-13 11:43:16,0,5,0.0,0.0447,0.3219,0.0,False
353,2026-02-13 11:51:45,2026-02-13 12:09:11,1,5,0.2,0.0447,0.3219,0.0,False
354,2026-02-13 12:18:58,2026-02-13 13:12:50,1,5,0.2,0.0447,0.3219,0.0,False
355,2026-02-13 13:15:06,2026-02-13 14:41:46,2,5,0.4,0.0447,0.3219,0.0,True
356,2026-02-13 14:51:53,2026-02-13 15:15:24,0,5,0.0,0.0447,0.3219,0.0,False
357,2026-02-13 15:32:32,2026-02-13 15:54:59,0,5,0.0,0.0447,0.3219,0.0,False
358,2026-02-13 15:59:16,2026-02-13 16:51:49,0,5,0.0,0.0447,0.3219,0.0,False
359,2026-02-13 16:52:51,2026-02-13 17:23:51,0,5,0.0,0.0447,0.3219,0.0,False
360,2026-02-13 17:28:59,2026-02-13 18:09:50,0,5,0.0,0.0447,0.3219,0.0,False
361,2026-02-13 18:10:42,2026-02-13 19:21:02,0,5,0.0,0.0447,0.3219,0.0,False
362,2026-02-13 19:22:20,2026-02-13 20:02:27,0,5,0.0,0.0447,0.3219,0.0,False
363,2026-02-13 20:12:22,2026-02-13 20:27:46,0,5,0.0,0.0447,0.3219,0.0,False
364,2026-02-13 20:31:12,2026-02-13 21:08:41,0,5,0.0,0.0447,0.3219,0.0,False
365,2026-02-13 21:10:24,2026-02-13 22:06:28,0,5,0.0,0.0447,0.3219,0.0,False
366,2026-02-13 22:21:53,2026-02-13 22:54:19,1,5,0.2,0.0447,0.3219,0.0,False
367,2026-02-13 22:54:31,2026-02-13 23:10:24,0,5,0.0,0.0447,0.3219,0.0,False
368,2026-02-13 23:11:38,2026-02-13 23:58:01,0,5,0.0,0.0447,0.3219,0.0,False
369,2026-02-14 00:27:16,2026-02-14 00:50:04,0,5,0.0,0.0447,0.3219,0.0,False
370,2026-02-14 00:50:43,2026-02-14 01:26:50,0,5,0.0,0.0447,0.3219,0.0,False
371,2026-02-14 01:50:47,2026-02-14 02:06:29,1,5,0.2,0.0447,0.3219,0.0,False
372,2026-02-14 02:49:47,2026-02-14 03:21:17,0,5,0.0,0.0447,0.3219,0.0,False
373,2026-02-14 03:33:39,2026-02-14 04:22:43,1,5,0.2,0.0447,0.3219,0.0,False
374,2026-02-14 04:36:59,2026-02-14 05:04:29,0,5,0.0,0.0447,0.3219,0.0,False
375,2026-02-14 05:22:46,2026-02-14 06:24:18,0,5,0.0,0.0447,0.3219,0.0,False
376,2026-02-14 06:30:22,2026-02-14 06:52:42,0,5,0.0,0.0447,0.3219,0.0,False
377,2026-02-14 07:03:53,2026-02-14 07:30:59,0,5,0.0,0.0447,0.3219,0.0,False
378,2026-02-14 07:37:40,2026-02-14 08:27:28,1,5,0.2,0.0447,0.3219,0.0,False
379,2026-02-14 08:30:18,2026-02-14 09:11:55,1,5,0.2,0.0447,0.3219,0.0,False
380,2026-02-14 09:17:16,2026-02-14 10:08:30,0,5,0.0,0.0447,0.3219,0.0,False
381,2026-02-14 10:33:34,2026-02-14 11:17:11,0,5,0.0,0.0447,0.3219,0.0,False
382,2026-02-14 11:23:28,2026-02-14 11:46:51,0,5,0.0,0.0447,0.3219,0.0,False
383,2026-02-14 11:50:09,2026-02-14 12:29:48,0,5,0.0,0.0447,0.3219,0.0,False
384,2026-02-14 12:34:11,2026-02-14 13:39:22,0,5,0.0,0.0447,0.3219,0.0,False
385,2026-02-14 13:41:59,2026-02-14 15:19:58,1,5,0.2,0.0447,0.3219,0.0,False
386,2026-02-14 15:21:36,2026-02-14 15:50:29,1,5,0.2,0.0447,0.3219,0.0,False
387,2026-02-14 16:13:42,2026-02-14 17:27:10,0,5,0.0,0.0447,0.3219,0.0,False
388,2026-02-14 17:27:50,2026-02-14 18:11:44,1,5,0.2,0.0447,0.3219,0.0,False
389,2026-02-14 18:20:23,2026-02-14 18:49:57,0,5,0.0,0.0447,0.3219,0.0,False
390,2026-02-14 18:53:26,2026-02-14 19:26:15,0,5,0.0,0.0447,0.3219,0.0,False
391,2026-02-14 19:43:15,2026-02-14 19:57:53,0,5,0.0,0.0447,0.3219,0.0,False
392,2026-02-14 20:04:29,2026-02-14 20:32:30,1,5,0.2,0.0447,0.3219,0.0,False
393,2026-02-14 20:53:50,2026-02-14 21:59:48,1,5,0.2,0.0447,0.3219,0.0,False
394,2026-02-14 22:00:11,2026-02-14 22:14:56,0,5,0.0,0.0447,0.3219,0.0,False
395,2026-02-14 22:30:43,2026-02-14 23:07:41,0,5,0.0,0.0447,0.3219,0.0,False
396,2026-02-14 23:08:38,2026-02-14 23:34:16,0,5,0.0,0.0447,0.3219,0.0,False
397,2026-02-14 23:37:15,2026-02-14 23:50:26,0,5,0.0,0.0447,0.3219,0.0,False
398,2026-02-14 23:54:34,2026-02-15 00:24:19,0,5,0.0,0.0447,0.3219,0.0,False
399,2026-02-15 00:24:26,2026-02-15 01:18:33,1,5,0.2,0.0447,0.3219,0.0,False
400,2026-02-15 01:31:20,2026-02-15 02:18:46,0,5,0.0,0.0447,0.3219,0.0,False
401,2026-02-15 02:20:43,2026-02-15 03:36:43,1,5,0.2,0.0447,0.3219,0.0,False
402,2026-02-15 03:48:49,2026-02-15 04:48:35,1,5,0.2,0.0447,0.3219,0.0,False
403,2026-02-15 04:52:23,2026-02-15 05:03:27,1,5,0.2,0.0447,0.3219,0.0,False
404,2026-02-15 05:11:51,2026-02-15 06:11:57,0,5,0.0,0.0447,0.3219,0.0,False
405,2026-02-15 06:15:31,2026-02-15 06:25:26,0,5,0.0,0.0447,0.3219,0.0,False
406,2026-02-15 06:51:18,2026-02-15 07:35:38,0,5,0.0,0.0447,0.3219,0.0,False
407,2026-02-15 07:38:23,2026-02-15 08:17:26,0,5,0.0,0.0447,0.3219,0.0,False
408,2026-02-15 08:19:16,2026-02-15 09:02:16,0,5,0.0,0.0447,0.3219,0.0,False
409,2026-02-15 09:04:44,2026-02-15 09:55:03,0,5,0.0,0.0447,0.3219,0.0,False
410,2026-02-15 09:56:54,2026-02-15 10:23:22,0,5,0.0,0.0447,0.3219,0.0,False
411,2026-02-15 10:36:06,2026-02-15 11:32:28,0,5,0.0,0.0447,0.3219,0.0,False
412,2026-02-15 11:34:39,2026-02-15 12:07:27,0,5,0.0,0.0447,0.3219,0.0,False
413,2026-02-15 12:08:21,2026-02-15 12:39:23,0,5,0.0,0.0447,0.3219,0.0,False
414,2026-02-15 12:42:51,2026-02-15 13:20:40,1,5,0.2,0.0447,0.3219,0.0,False
415,2026-02-15 13:23:49,2026-02-15 14:18:30,0,5,0.0,0.0447,0.3219,0.0,False
416,2026-02-15 14:22:37,2026-02-15 14:42:11,0,5,0.0,0.0447,0.3219,0.0,False
417,2026-02-15 14:46:43,2026-02-15 15:30:11,0,5,0.0,0.0447,0.3219,0.0,False
418,2026-02-15 15:32:56,2026-02-15 16:25:58,0,5,0.0,0.0447,0.3219,0.0,False
419,2026-02-15 16:27:58,2026-02-15 16:57:20,0,5,0.0,0.0447,0.3219,0.0,False
420,2026-02-15 17:01:27,2026-02-15 17:41:08,0,5,0.0,0.0447,0.3219,0.0,False
421,2026-02-15 17:52:32,2026-02-15 18:04:51,0,5,0.0,0.0447,0.3219,0.0,False
422,2026-02-15 18:11:40,2026-02-15 18:45:56,0,5,0.0,0.0447,0.3219,0.0,False
423,2026-02-15 19:29:30,2026-02-15 20:45:18,0,5,0.0,0.0447,0.3219,0.0,False
424,2026-02-15 20:50:27,2026-02-15 21:50:29,0,5,0.0,0.0447,0.3219,0.0,False
425,2026-02-15 22:00:36,2026-02-15 22:33:59,0,5,0.0,0.0447,0.3219,0.0,False
426,2026-02-15 22:52:15,2026-02-15 23:16:04,0,5,0.0,0.0447,0.3219,0.0,False
427,2026-02-15 23:38:37,2026-02-16 00:55:27,0,5,0.0,0.0447,0.3219,0.0,False
428,2026-02-16 00:56:04,2026-02-16 01:42:06,0,5,0.0,0.0447,0.3219,0.0,False
429,2026-02-16 01:55:38,2026-02-16 02:10:37,1,5,0.2,0.0447,0.3219,0.0,False
430,2026-02-16 02:24:18,2026-02-16 02:45:13,0,5,0.0,0.0447,0.3219,0.0,False
431,2026-02-16 02:45:20,2026-02-16 03:06:05,1,5,0.2,0.0447,0.3219,0.0,False
432,2026-02-16 03:10:17,2026-02-16 03:33:05,0,5,0.0,0.0447,0.3219,0.0,False
433,2026-02-16 03:44:37,2026-02-16 04:36:09,1,5,0.2,0.0447,0.3219,0.0,False
434,2026-02-16 04:55:46,2026-02-16 05:18:14,1,5,0.2,0.0447,0.3219,0.0,False
435,2026-02-16 05:21:48,2026-02-16 05:53:28,1,5,0.2,0.0447,0.3219,0.0,False
436,2026-02-16 06:09:49,2026-02-16 06:32:44,1,5,0.2,0.0447,0.3219,0.0,False
437,2026-02-16 07:34:20,2026-02-16 08:04:57,0,5,0.0,0.0447,0.3219,0.0,False
438,2026-02-16 08:05:49,2026-02-16 08:29:00,0,5,0.0,0.0447,0.3219,0.0,False
439,2026-02-16 08:39:29,2026-02-16 09:05:14,0,5,0.0,0.0447,0.3219,0.0,False
440,2026-02-16 09:09:42,2026-02-16 09:48:33,0,5,0.0,0.0447,0.3219,0.0,False
441,2026-02-16 09:57:50,2026-02-16 10:18:53,0,5,0.0,0.0447,0.3219,0.0,False
442,2026-02-16 10:25:04,2026-02-16 10:45:52,0,5,0.0,0.0447,0.3219,0.0,False
443,2026-02-16 10:56:13,2026-02-16 11:37:43,0,5,0.0,0.0447,0.3219,0.0,False
444,2026-02-16 11:38:47,2026-02-16 12:14:44,1,5,0.2,0.0447,0.3219,0.0,False
445,2026-02-16 12:31:18,2026-02-16 12:46:45,0,5,0.0,0.0447,0.3219,0.0,False
446,2026-02-16 12:51:32,2026-02-16 13:46:34,0,5,0.0,0.0447,0.3219,0.0,False
447,2026-02-16 13:54:07,2026-02-16 14:33:10,0,5,0.0,0.0447,0.3219,0.0,False
448,2026-02-16 14:43:19,2026-02-16 16:19:13,1,5,0.2,0.0447,0.3219,0.0,False
449,2026-02-16 16:35:04,2026-02-16 16:58:56,0,5,0.0,0.0447,0.3219,0.0,False
450,2026-02-16 17:03:11,2026-02-16 17:21:38,0,5,0.0,0.0447,0.3219,0.0,False
451,2026-02-16 17:23:36,2026-02-16 17:46:20,0,5,0.0,0.0447,0.3219,0.0,False
452,2026-02-16 17:50:37,2026-02-16 19:03:39,0,5,0.0,0.0447,0.3219,0.0,False
453,2026-02-16 19:28:51,2026-02-16 20:09:41,0,5,0.0,0.0447,0.3219,0.0,False
454,2026-02-16 20:27:35,2026-02-16 21:21:33,0,5,0.0,0.0447,0.3219,0.0,False
455,2026-02-16 21:26:15,2026-02-16 22:06:21,1,5,0.2,0.0447,0.3219,0.0,False
456,2026-02-16 22:18:36,2026-02-16 22:42:17,0,5,0.0,0.0447,0.3219,0.0,False
457,2026-02-16 22:51:22,2026-02-16 23:19:28,0,5,0.0,0.0447,0.3219,0.0,False
458,2026-02-16 23:32:05,2026-02-16 23:41:29,1,5,0.2,0.0447,0.3219,0.0,False
459,2026-02-16 23:48:03,2026-02-16 23:58:46,1,5,0.2,0.0447,0.3219,0.0,False
460,2026-02-17 00:17:22,2026-02-17 00:40:31,0,5,0.0,0.0447,0.3219,0.0,False
461,2026-02-17 01:16:28,2026-02-17 01:59:37,0,5,0.0,0.0447,0.3219,0.0,False
462,2026-02-17 02:00:23,2026-02-17 03:03:26,0,5,0.0,0.0447,0.3219,0.0,False
463,2026-02-17 03:08:33,2026-02-17 04:09:54,0,5,0.0,0.0447,0.3219,0.0,False
464,2026-02-17 04:22:34,2026-02-17 05:15:13,0,5,0.0,0.0447,0.3219,0.0,False
465,2026-02-17 05:28:32,2026-02-17 07:00:27,0,5,0.0,0.0447,0.3219,0.0,False
466,2026-02-17 07:04:16,2026-02-17 07:29:39,0,5,0.0,0.0447,0.3219,0.0,False
467,2026-02-17 07:40:26,2026-02-17 08:28:35,0,5,0.0,0.0447,0.3219,0.0,False
468,2026-02-17 08:45:58,2026-02-17 09:30:52,0,5,0.0,0.0447,0.3219,0.0,False
469,2026-02-17 09:35:09,2026-02-17 09:48:41,0,5,0.0,0.0447,0.3219,0.0,False
470,2026-02-17 09:54:27,2026-02-17 10:39:39,0,5,0.0,0.0447,0.3219,0.0,False
471,2026-02-17 10:43:05,2026-02-17 11:47:08,1,5,0.2,0.0447,0.3219,0.0,False
472,2026-02-17 11:52:50,2026-02-17 12:08:10,0,5,0.0,0.0447,0.3219,0.0,False
473,2026-02-17 12:08:25,2026-02-17 12:53:25,0,5,0.0,0.0447,0.3219,0.0,False
474,2026-02-17 12:56:17,2026-02-17 13:45:04,0,5,0.0,0.0447,0.3219,0.0,False
475,2026-02-17 14:00:27,2026-02-17 15:08:51,0,5,0.0,0.0447,0.3219,0.0,False
476,2026-02-17 15:12:05,2026-02-17 15:47:05,0,5,0.0,0.0447,0.3219,0.0,False
477,2026-02-17 16:07:46,2026-02-17 17:10:13,0,5,0.0,0.0447,0.3219,0.0,False
478,2026-02-17 17:20:22,2026-02-17 17:34:54,0,5,0.0,0.0447,0.3219,0.0,False
479,2026-02-17 17:36:28,2026-02-17 18:27:14,2,5,0.4,0.0447,0.3219,0.0,True
480,2026-02-17 18:27:46,2026-02-17 18:59:09,0,5,0.0,0.0447,0.3219,0.0,False
481,2026-02-17 19:16:50,2026-02-17 19:57:15,0,5,0.0,0.0447,0.3219,0.0,False
482,2026-02-17 20:28:43,2026-02-17 21:15:27,0,5,0.0,0.0447,0.3219,0.0,False
483,2026-02-17 22:05:29,2026-02-17 23:00:52,0,5,0.0,0.0447,0.3219,0.0,False
484,2026-02-17 23:05:33,2026-02-17 23:47:24,0,5,0.0,0.0447,0.3219,0.0,False
485,2026-02-17 23:59:59,2026-02-18 00:23:50,0,5,0.0,0.0447,0.3219,0.0,False
486,2026-02-18 00:26:49,2026-02-18 01:11:34,0,5,0.0,0.0447,0.3219,0.0,False
487,2026-02-18 01:16:07,2026-02-18 01:44:01,0,5,0.0,0.0447,0.3219,0.0,False
488,2026-02-18 02:06:45,2026-02-18 02:40:31,0,5,0.0,0.0447,0.3219,0.0,False
489,2026-02-18 02:48:55,2026-02-18 03:32:13,0,5,0.0,0.0447,0.3219,0.0,False
490,2026-02-18 03:41:42,2026-02-18 04:14:42,0,5,0.0,0.0447,0.3219,0.0,False
491,2026-02-18 04:15:06,2026-02-18 04:27:21,0,5,0.0,0.0447,0.3219,0.0,False
492,2026-02-18 04:32:09,2026-02-18 04:57:53,0,5,0.0,0.0447,0.3219,0.0,False
493,2026-02-18 05:23:22,2026-02-18 06:27:53,0,5,0.0,0.0447,0.3219,0.0,False
494,2026-02-18 06:33:47,2026-02-18 07:04:52,0,5,0.0,0.0447,0.3219,0.0,False
495,2026-02-18 07:34:14,2026-02-18 08:26:34,1,5,0.2,0.0447,0.3219,0.0,False
496,2026-02-18 08:43:52,2026-02-18 09:36:49,0,5,0.0,0.0447,0.3219,0.0,False
497,2026-02-18 10:00:27,2026-02-18 10:43:28,0,5,0.0,0.0447,0.3219,0.0,False
498,2026-02-18 10:47:38,2026-02-18 11:13:51,0,5,0.0,0.0447,0.3219,0.0,False
499,2026-02-18 11:14:06,2026-02-18 11:40:37,0,5,0.0,0.0447,0.3219,0.0,False
500,2026-02-18 11:41:18,2026-02-18 12:04:02,1,5,0.2,0.0447,0.3219,0.0,False
501,2026-02-18 12:07:23,2026-02-18 13:00:52,1,5,0.2,0.0447,0.3219,0.0,False
502,2026-02-18 13:03:53,2026-02-18 14:23:33,1,5,0.2,0.0447,0.3219,0.0,False
503,2026-02-18 14:23:48,2026-02-18 14:53:05,1,5,0.2,0.0447,0.3219,0.0,False
504,2026-02-18 14:59:19,2026-02-18 16:03:06,1,5,0.2,0.0447,0.3219,0.0,False
505,2026-02-18 16:03:46,2026-02-18 16:46:22,1,5,0.2,0.0447,0.3219,0.0,False
506,2026-02-18 16:53:46,2026-02-18 17:49:05,0,5,0.0,0.0447,0.3219,0.0,False
507,2026-02-18 17:53:29,2026-02-18 19:01:24,0,5,0.0,0.0447,0.3219,0.0,False
508,2026-02-18 19:06:45,2026-02-18 19:52:52,0,5,0.0,0.0447,0.3219,0.0,False
509,2026-02-18 19:58:01,2026-02-18 20:39:10,0,5,0.0,0.0447,0.3219,0.0,False
510,2026-02-18 20:46:31,2026-02-18 21:25:35,1,5,0.2,0.0447,0.3219,0.0,False
511,2026-02-18 21:27:07,2026-02-18 22:36:41,0,5,0.0,0.0447,0.3219,0.0,False
512,2026-02-18 22:40:09,2026-02-18 22:58:52,1,5,0.2,0.0447,0.3219,0.0,False
513,2026-02-18 23:03:49,2026-02-18 23:38:20,1,5,0.2,0.0447,0.3219,0.0,False
514,2026-02-18 23:45:46,2026-02-19 00:20:19,0,5,0.0,0.0447,0.3219,0.0,False
515,2026-02-19 00:25:50,2026-02-19 00:45:51,0,5,0.0,0.0447,0.3219,0.0,False
516,2026-02-19 00:50:57,2026-02-19 02:28:03,0,5,0.0,0.0447,0.3219,0.0,False
517,2026-02-19 02:43:35,2026-02-19 03:15:33,0,5,0.0,0.0447,0.3219,0.0,False
518,2026-02-19 03:28:32,2026-02-19 04:08:38,0,5,0.0,0.0447,0.3219,0.0,False
519,2026-02-19 04:08:42,2026-02-19 04:42:15,0,5,0.0,0.0447,0.3219,0.0,False
520,2026-02-19 04:56:22,2026-02-19 05:19:11,1,5,0.2,0.0447,0.3219,0.0,False
521,2026-02-19 05:22:31,2026-02-19 06:21:03,0,5,0.0,0.0447,0.3219,0.0,False
522,2026-02-19 06:26:42,2026-02-19 07:24:20,1,5,0.2,0.0447,0.3219,0.0,False
523,2026-02-19 07:35:34,2026-02-19 08:31:25,0,5,0.0,0.0447,0.3219,0.0,False
524,2026-02-19 08:52:36,2026-02-19 09:17:34,0,5,0.0,0.0447,0.3219,0.0,False
525,2026-02-19 09:28:12,2026-02-19 10:03:23,0,5,0.0,0.0447,0.3219,0.0,False
526,2026-02-19 10:10:52,2026-02-19 10:24:22,1,5,0.2,0.0447,0.3219,0.0,False
527,2026-02-19 10:31:46,2026-02-19 11:38:59,0,5,0.0,0.0447,0.3219,0.0,False
528,2026-02-19 11:47:20,2026-02-19 12:27:48,0,5,0.0,0.0447,0.3219,0.0,False
529,2026-02-19 12:28:21,2026-02-19 13:02:26,0,5,0.0,0.0447,0.3219,0.0,False
530,2026-02-19 13:13:43,2026-02-19 13:44:51,0,5,0.0,0.0447,0.3219,0.0,False
531,2026-02-19 14:01:14,2026-02-19 14:43:50,1,5,0.2,0.0447,0.3219,0.0,False
532,2026-02-19 14:55:07,2026-02-19 15:19:30,0,5,0.0,0.0447,0.3219,0.0,False
533,2026-02-19 15:35:29,2026-02-19 16:02:59,0,5,0.0,0.0447,0.3219,0.0,False
534,2026-02-19 16:16:17,2026-02-19 16:40:20,0,5,0.0,0.0447,0.3219,0.0,False
535,2026-02-19 16:48:42,2026-02-19 17:47:23,0,5,0.0,0.0447,0.3219,0.0,False
536,2026-02-19 17:54:16,2026-02-19 18:33:08,0,5,0.0,0.0447,0.3219,0.0,False
537,2026-02-19 18:39:21,2026-02-19 20:04:20,0,5,0.0,0.0447,0.3219,0.0,False
538,2026-02-19 20:22:25,2026-02-19 20:54:47,0,5,0.0,0.0447,0.3219,0.0,False
539,2026-02-19 20:56:53,2026-02-19 21:32:28,2,5,0.4,0.0447,0.3219,0.0,True
540,2026-02-19 21:53:41,2026-02-19 22:33:11,0,5,0.0,0.0447,0.3219,0.0,False
541,2026-02-19 22:33:29,2026-02-19 23:14:11,0,5,0.0,0.0447,0.3219,0.0,False
542,2026-02-19 23:18:33,2026-02-19 23:45:49,0,5,0.0,0.0447,0.3219,0.0,False
543,2026-02-19 23:48:03,2026-02-20 00:38:27,0,5,0.0,0.0447,0.3219,0.0,False
544,2026-02-20 00:41:05,2026-02-20 01:16:07,1,5,0.2,0.0447,0.3219,0.0,False
545,2026-02-20 01:24:24,2026-02-20 01:47:16,0,5,0.0,0.0447,0.3219,0.0,False
546,2026-02-20 02:14:22,2026-02-20 03:09:53,0,5,0.0,0.0447,0.3219,0.0,False
547,2026-02-20 03:10:25,2026-02-20 03:50:30,0,5,0.0,0.0447,0.3219,0.0,False
548,2026-02-20 04:04:28,2026-02-20 04:31:50,0,5,0.0,0.0447,0.3219,0.0,False
549,2026-02-20 04:47:39,2026-02-20 05:03:06,0,5,0.0,0.0447,0.3219,0.0,False
550,2026-02-20 05:32:38,2026-02-20 06:02:18,0,5,0.0,0.0447,0.3219,0.0,False
551,2026-02-20 06:05:24,2026-02-20 06:28:11,1,5,0.2,0.0447,0.3219,0.0,False
552,2026-02-20 06:28:23,2026-02-20 06:57:34,1,5,0.2,0.0447,0.3219,0.0,False
553,2026-02-20 07:02:32,2026-02-20 07:55:16,0,5,0.0,0.0447,0.3219,0.0,False
554,2026-02-20 08:02:25,2026-02-20 09:20:50,0,5,0.0,0.0447,0.3219,0.0,False
555,2026-02-20 09:31:02,2026-02-20 10:00:26,0,5,0.0,0.0447,0.3219,0.0,False
556,2026-02-20 10:07:26,2026-02-20 11:46:26,0,5,0.0,0.0447,0.3219,0.0,False
557,2026-02-20 12:14:32,2026-02-20 12:54:15,0,5,0.0,0.0447,0.3219,0.0,False
558,2026-02-20 13:14:16,2026-02-20 14:11:26,0,5,0.0,0.0447,0.3219,0.0,False
559,2026-02-20 14:30:59,2026-02-20 15:21:58,0,5,0.0,0.0447,0.3219,0.0,False
560,2026-02-20 15:38:46,2026-02-20 16:04:16,0,5,0.0,0.0447,0.3219,0.0,False
561,2026-02-20 16:12:01,2026-02-20 16:41:05,0,5,0.0,0.0447,0.3219,0.0,False
562,2026-02-20 17:16:48,2026-02-20 17:45:35,1,5,0.2,0.0447,0.3219,0.0,False
563,2026-02-20 17:55:45,2026-02-20 18:15:47,0,5,0.0,0.0447,0.3219,0.0,False
564,2026-02-20 18:20:42,2026-02-20 19:30:02,0,5,0.0,0.0447,0.3219,0.0,False
565,2026-02-20 19:39:08,2026-02-20 20:24:05,0,5,0.0,0.0447,0.3219,0.0,False
566,2026-02-20 20:37:34,2026-02-20 20:57:14,0,5,0.0,0.0447,0.3219,0.0,False
567,2026-02-20 20:58:25,2026-02-20 21:05:09,0,5,0.0,0.0447,0.3219,0.0,False
568,2026-02-20 21:09:13,2026-02-20 21:51:47,0,5,0.0,0.0447,0.3219,0.0,False
569,2026-02-20 21:56:47,2026-02-20 22:47:32,1,5,0.2,0.0447,0.3219,0.0,False
570,2026-02-20 22:49:31,2026-02-20 23:53:53,0,5,0.0,0.0447,0.3219,0.0,False
571,2026-02-20 23:55:32,2026-02-21 00:54:27,0,5,0.0,0.0447,0.3219,0.0,False
572,2026-02-21 00:57:09,2026-02-21 02:15:49,1,5,0.2,0.0447,0.3219,0.0,False
573,2026-02-21 02:30:11,2026-02-21 03:20:00,0,5,0.0,0.0447,0.3219,0.0,False
574,2026-02-21 03:31:50,2026-02-21 04:28:48,0,5,0.0,0.0447,0.3219,0.0,False
575,2026-02-21 04:47:47,2026-02-21 05:12:45,0,5,0.0,0.0447,0.3219,0.0,False
576,2026-02-21 05:20:08,2026-02-21 06:10:58,0,5,0.0,0.0447,0.3219,0.0,False
577,2026-02-21 06:25:00,2026-02-21 06:45:03,0,5,0.0,0.0447,0.3219,0.0,False
578,2026-02-21 06:45:43,2026-02-21 07:54:03,1,5,0.2,0.0447,0.3219,0.0,False
579,2026-02-21 08:19:13,2026-02-21 10:13:09,0,5,0.0,0.0447,0.3219,0.0,False
580,2026-02-21 11:05:55,2026-02-21 11:42:08,0,5,0.0,0.0447,0.3219,0.0,False
581,2026-02-21 11:45:41,2026-02-21 11:57:11,0,5,0.0,0.0447,0.3219,0.0,False
582,2026-02-21 12:10:19,2026-02-21 12:51:43,0,5,0.0,0.0447,0.3219,0.0,False
583,2026-02-21 12:54:41,2026-02-21 13:52:21,0,5,0.0,0.0447,0.3219,0.0,False
584,2026-02-21 13:53:06,2026-02-21 14:37:42,0,5,0.0,0.0447,0.3219,0.0,False
585,2026-02-21 14:39:39,2026-02-21 14:54:43,1,5,0.2,0.0447,0.3219,0.0,False
586,2026-02-21 15:11:27,2026-02-21 16:10:45,0,5,0.0,0.0447,0.3219,0.0,False
587,2026-02-21 16:15:51,2026-02-21 16:47:45,2,5,0.4,0.0447,0.3219,0.0,True
588,2026-02-21 16:52:02,2026-02-21 18:01:03,0,5,0.0,0.0447,0.3219,0.0,False
589,2026-02-21 18:01:07,2026-02-21 18:41:53,0,5,0.0,0.0447,0.3219,0.0,False
590,2026-02-21 18:52:25,2026-02-21 19:38:21,0,5,0.0,0.0447,0.3219,0.0,False
591,2026-02-21 19:44:11,2026-02-21 20:15:14,0,5,0.0,0.0447,0.3219,0.0,False
592,2026-02-21 20:22:04,2026-02-21 20:49:47,0,5,0.0,0.0447,0.3219,0.0,False
593,2026-02-21 21:01:34,2026-02-21 22:02:06,0,5,0.0,0.0447,0.3219,0.0,False
594,2026-02-21 22:05:57,2026-02-21 22:29:16,1,5,0.2,0.0447,0.3219,0.0,False
595,2026-02-21 22:41:48,2026-02-21 23:03:18,0,5,0.0,0.0447,0.3219,0.0,False
596,2026-02-21 23:15:29,2026-02-21 23:54:01,0,5,0.0,0.0447,0.3219,0.0,False
597,2026-02-21 23:56:12,2026-02-22 00:09:03,0,5,0.0,0.0447,0.3219,0.0,False
598,2026-02-22 00:21:16,2026-02-22 00:44:38,0,5,0.0,0.0447,0.3219,0.0,False
599,2026-02-22 01:04:14,2026-02-22 02:10:39,2,5,0.4,0.0447,0.3219,0.0,True
600,2026-02-22 02:31:49,2026-02-22 03:07:53,1,5,0.2,0.0447,0.3219,0.0,False
601,2026-02-22 03:16:24,2026-02-22 03:29:24,0,5,0.0,0.0447,0.3219,0.0,False
602,2026-02-22 03:37:58,2026-02-22 04:46:50,1,5,0.2,0.0447,0.3219,0.0,False
603,2026-02-22 05:15:44,2026-02-22 05:46:27,0,5,0.0,0.0447,0.3219,0.0,False
604,2026-02-22 05:59:24,2026-02-22 06:49:17,0,5,0.0,0.0447,0.3219,0.0,False
605,2026-02-22 07:01:14,2026-02-22 07:53:09,0,5,0.0,0.0447,0.3219,0.0,False
606,2026-02-22 08:07:15,2026-02-22 08:32:52,0,5,0.0,0.0447,0.3219,0.0,False
607,2026-02-22 08:33:44,2026-02-22 09:16:53,0,5,0.0,0.0447,0.3219,0.0,False
608,2026-02-22 09:18:11,2026-02-22 09:50:47,0,5,0.0,0.0447,0.3219,0.0,False
609,2026-02-22 09:55:12,2026-02-22 11:21:43,0,5,0.0,0.0447,0.3219,0.0,False
610,2026-02-22 11:31:15,2026-02-22 12:30:01,1,5,0.2,0.0447,0.3219,0.0,False
611,2026-02-22 12:36:34,2026-02-22 12:49:20,0,5,0.0,0.0447,0.3219,0.0,False
612,2026-02-22 13:07:32,2026-02-22 13:55:59,0,5,0.0,0.0447,0.3219,0.0,False
613,2026-02-22 13:56:04,2026-02-22 14:46:35,0,5,0.0,0.0447,0.3219,0.0,False
614,2026-02-22 15:01:55,2026-02-22 15:53:02,0,5,0.0,0.0447,0.3219,0.0,False
615,2026-02-22 16:01:03,2026-02-22 16:23:20,0,5,0.0,0.0447,0.3219,0.0,False
616,2026-02-22 17:30:57,2026-02-22 18:03:03,0,5,0.0,0.0447,0.3219,0.0,False
617,2026-02-22 18:07:21,2026-02-22 19:46:58,1,5,0.2,0.0447,0.3219,0.0,False
618,2026-02-22 19:51:21,2026-02-22 20:37:27,0,5,0.0,0.0447,0.3219,0.0,False
619,2026-02-22 20:59:07,2026-02-22 21:04:04,0,5,0.0,0.0447,0.3219,0.0,False
620,2026-02-22 21:04:14,2026-02-22 22:27:53,0,5,0.0,0.0447,0.3219,0.0,False
621,2026-02-22 22:44:20,2026-02-22 23:28:20,1,5,0.2,0.0447,0.3219,0.0,False
622,2026-02-22 23:36:16,2026-02-23 00:06:35,0,5,0.0,0.0447,0.3219,0.0,False
623,2026-02-23 01:01:09,2026-02-23 01:49:42,0,5,0.0,0.0447,0.3219,0.0,False
624,2026-02-23 01:51:56,2026-02-23 02:12:41,1,5,0.2,0.0447,0.3219,0.0,False
625,2026-02-23 02:47:03,2026-02-23 03:22:27,1,5,0.2,0.0447,0.3219,0.0,False
626,2026-02-23 03:27:45,2026-02-23 04:29:02,0,5,0.0,0.0447,0.3219,0.0,False
627,2026-02-23 04:30:24,2026-02-23 05:07:59,2,5,0.4,0.0447,0.3219,0.0,True
628,2026-02-23 05:28:33,2026-02-23 06:04:05,0,5,0.0,0.0447,0.3219,0.0,False
629,2026-02-23 06:57:17,2026-02-23 07:55:04,0,5,0.0,0.0447,0.3219,0.0,False
630,2026-02-23 08:12:43,2026-02-23 08:58:05,1,5,0.2,0.0447,0.3219,0.0,False
631,2026-02-23 09:29:04,2026-02-23 09:58:14,0,5,0.0,0.0447,0.3219,0.0,False
632,2026-02-23 10:30:38,2026-02-23 11:26:40,0,5,0.0,0.0447,0.3219,0.0,False
633,2026-02-23 11:31:06,2026-02-23 12:23:45,0,5,0.0,0.0447,0.3219,0.0,False
634,2026-02-23 12:38:35,2026-02-23 13:22:05,0,5,0.0,0.0447,0.3219,0.0,False
635,2026-02-23 13:24:54,2026-02-23 14:06:26,0,5,0.0,0.0447,0.3219,0.0,False
636,2026-02-23 14:16:18,2026-02-23 14:43:56,0,5,0.0,0.0447,0.3219,0.0,False
637,2026-02-23 14:58:01,2026-02-23 15:26:31,0,5,0.0,0.0447,0.3219,0.0,False
638,2026-02-23 15:41:18,2026-02-23 16:00:00,1,5,0.2,0.0447,0.3219,0.0,False
639,2026-02-23 16:05:55,2026-02-23 16:52:03,0,5,0.0,0.0447,0.3219,0.0,False
640,2026-02-23 16:53:35,2026-02-23 17:27:12,0,5,0.0,0.0447,0.3219,0.0,False
641,2026-02-23 17:34:35,2026-02-23 18:27:20,0,5,0.0,0.0447,0.3219,0.0,False
642,2026-02-23 18:32:28,2026-02-23 18:51:29,0,5,0.0,0.0447,0.3219,0.0,False
643,2026-02-23 19:00:19,2026-02-23 19:27:08,1,5,0.2,0.0447,0.3219,0.0,False
644,2026-02-23 19:32:48,2026-02-23 19:56:00,0,5,0.0,0.0447,0.3219,0.0,False
645,2026-02-23 19:59:10,2026-02-23 20:33:54,1,5,0.2,0.0447,0.3219,0.0,False
646,2026-02-23 20:42:05,2026-02-23 21:51:18,0,5,0.0,0.0447,0.3219,0.0,False
647,2026-02-23 21:51:20,2026-02-23 23:18:31,0,5,0.0,0.0447,0.3219,0.0,False
648,2026-02-23 23:20:24,2026-02-24 00:10:12,0,5,0.0,0.0447,0.3219,0.0,False
649,2026-02-24 00:15:59,2026-02-24 00:57:33,0,5,0.0,0.0447,0.3219,0.0,False
650,2026-02-24 01:02:30,2026-02-24 01:45:24,0,5,0.0,0.0447,0.3219,0.0,False
651,2026-02-24 01:49:18,2026-02-24 02:23:48,0,5,0.0,0.0447,0.3219,0.0,False
652,2026-02-24 02:27:13,2026-02-24 03:40:47,0,5,0.0,0.0447,0.3219,0.0,False
653,2026-02-24 04:10:46,2026-02-24 04:38:14,0,5,0.0,0.0447,0.3219,0.0,False
654,2026-02-24 04:38:36,2026-02-24 05:23:26,0,5,0.0,0.0447,0.3219,0.0,False
655,2026-02-24 05:26:59,2026-02-24 06:32:06,0,5,0.0,0.0447,0.3219,0.0,False
656,2026-02-24 06:37:45,2026-02-24 07:06:46,2,5,0.4,0.0447,0.3219,0.0,True
657,2026-02-24 07:20:48,2026-02-24 08:07:20,0,5,0.0,0.0447,0.3219,0.0,False
658,2026-02-24 08:19:15,2026-02-24 08:44:09,1,5,0.2,0.0447,0.3219,0.0,False
659,2026-02-24 08:45:32,2026-02-24 08:52:43,0,5,0.0,0.0447,0.3219,0.0,False
660,2026-02-24 08:57:29,2026-02-24 09:29:40,0,5,0.0,0.0447,0.3219,0.0,False
661,2026-02-24 09:34:39,2026-02-24 09:45:28,0,5,0.0,0.0447,0.3219,0.0,False
662,2026-02-24 10:12:45,2026-02-24 11:04:19,1,5,0.2,0.0447,0.3219,0.0,False
663,2026-02-24 11:22:34,2026-02-24 12:18:41,0,5,0.0,0.0447,0.3219,0.0,False
664,2026-02-24 12:19:05,2026-02-24 13:05:42,1,5,0.2,0.0447,0.3219,0.0,False
665,2026-02-24 13:09:11,2026-02-24 13:31:26,0,5,0.0,0.0447,0.3219,0.0,False
666,2026-02-24 13:33:17,2026-02-24 13:54:05,0,5,0.0,0.0447,0.3219,0.0,False
667,2026-02-24 13:59:04,2026-02-24 14:20:42,0,5,0.0,0.0447,0.3219,0.0,False
668,2026-02-24 14:23:06,2026-02-24 15:01:16,1,5,0.2,0.0447,0.3219,0.0,False
669,2026-02-24 15:02:54,2026-02-24 16:09:14,0,5,0.0,0.0447,0.3219,0.0,False
670,2026-02-24 16:23:58,2026-02-24 17:00:58,1,5,0.2,0.0447,0.3219,0.0,False
671,2026-02-24 17:06:55,2026-02-24 17:29:15,0,5,0.0,0.0447,0.3219,0.0,False
672,2026-02-24 17:37:39,2026-02-24 18:01:38,0,5,0.0,0.0447,0.3219,0.0,False
673,2026-02-24 18:02:00,2026-02-24 18:53:35,0,5,0.0,0.0447,0.3219,0.0,False
674,2026-02-24 18:59:17,2026-02-24 19:27:25,0,5,0.0,0.0447,0.3219,0.0,False
675,2026-02-24 19:28:58,2026-02-24 20:26:23,0,5,0.0,0.0447,0.3219,0.0,False
676,2026-02-24 20:28:02,2026-02-24 21:15:31,0,5,0.0,0.0447,0.3219,0.0,False
677,2026-02-24 21:28:29,2026-02-24 22:38:50,0,5,0.0,0.0447,0.3219,0.0,False
678,2026-02-24 22:52:17,2026-02-24 23:06:30,0,5,0.0,0.0447,0.3219,0.0,False
679,2026-02-24 23:13:13,2026-02-24 23:44:08,0,5,0.0,0.0447,0.3219,0.0,False
680,2026-02-25 00:10:08,2026-02-25 00:32:06,0,5,0.0,0.0447,0.3219,0.0,False
681,2026-02-25 00:46:58,2026-02-25 01:25:46,0,5,0.0,0.0447,0.3219,0.0,False
682,2026-02-25 01:27:41,2026-02-25 02:26:29,0,5,0.0,0.0447,0.3219,0.0,False
683,2026-02-25 02:37:52,2026-02-25 03:35:07,0,5,0.0,0.0447,0.3219,0.0,False
684,2026-02-25 03:40:18,2026-02-25 04:04:06,0,5,0.0,0.0447,0.3219,0.0,False
685,2026-02-25 04:05:13,2026-02-25 04:32:26,0,5,0.0,0.0447,0.3219,0.0,False
686,2026-02-25 04:49:01,2026-02-25 05:28:53,0,5,0.0,0.0447,0.3219,0.0,False
687,2026-02-25 05:32:17,2026-02-25 06:22:15,0,5,0.0,0.0447,0.3219,0.0,False
688,2026-02-25 06:32:38,2026-02-25 07:09:22,0,5,0.0,0.0447,0.3219,0.0,False
689,2026-02-25 07:18:22,2026-02-25 08:25:28,0,5,0.0,0.0447,0.3219,0.0,False
690,2026-02-25 08:39:31,2026-02-25 09:39:41,0,5,0.0,0.0447,0.3219,0.0,False
691,2026-02-25 09:40:51,2026-02-25 10:27:32,0,5,0.0,0.0447,0.3219,0.0,False
692,2026-02-25 10:30:43,2026-02-25 11:00:40,1,5,0.2,0.0447,0.3219,0.0,False
693,2026-02-25 11:02:03,2026-02-25 11:49:46,0,5,0.0,0.0447,0.3219,0.0,False
694,2026-02-25 12:06:47,2026-02-25 12:40:02,0,5,0.0,0.0447,0.3219,0.0,False
695,2026-02-25 12:51:56,2026-02-25 13:14:30,0,5,0.0,0.0447,0.3219,0.0,False
696,2026-02-25 13:16:13,2026-02-25 13:46:15,0,5,0.0,0.0447,0.3219,0.0,False
697,2026-02-25 13:54:01,2026-02-25 14:14:07,0,5,0.0,0.0447,0.3219,0.0,False
698,2026-02-25 14:18:50,2026-02-25 15:15:42,1,5,0.2,0.0447,0.3219,0.0,False
699,2026-02-25 15:42:49,2026-02-25 16:09:08,0,5,0.0,0.0447,0.3219,0.0,False
700,2026-02-25 16:15:44,2026-02-25 16:30:27,0,5,0.0,0.0447,0.3219,0.0,False
701,2026-02-25 16:32:01,2026-02-25 17:18:00,0,5,0.0,0.0447,0.3219,0.0,False
702,2026-02-25 17:31:46,2026-02-25 18:45:35,1,5,0.2,0.0447,0.3219,0.0,False
703,2026-02-25 18:48:57,2026-02-25 19:11:58,0,5,0.0,0.0447,0.3219,0.0,False
704,2026-02-25 19:13:39,2026-02-25 19:35:57,0,5,0.0,0.0447,0.3219,0.0,False
705,2026-02-25 19:36:27,2026-02-25 20:40:20,0,5,0.0,0.0447,0.3219,0.0,False
706,2026-02-25 20:54:27,2026-02-25 21:37:39,0,5,0.0,0.0447,0.3219,0.0,False
707,2026-02-25 21:45:01,2026-02-25 23:04:00,1,5,0.2,0.0447,0.3219,0.0,False
708,2026-02-25 23:40:20,2026-02-26 00:54:06,0,5,0.0,0.0447,0.3219,0.0,False
709,2026-02-26 01:07:56,2026-02-26 01:23:46,0,5,0.0,0.0447,0.3219,0.0,False
710,2026-02-26 01:30:12,2026-02-26 02:41:51,0,5,0.0,0.0447,0.3219,0.0,False
711,2026-02-26 03:00:51,2026-02-26 03:28:34,2,5,0.4,0.0447,0.3219,0.0,True
712,2026-02-26 03:30:58,2026-02-26 03:59:03,0,5,0.0,0.0447,0.3219,0.0,False
713,2026-02-26 04:15:45,2026-02-26 04:53:29,0,5,0.0,0.0447,0.3219,0.0,False
714,2026-02-26 04:54:42,2026-02-26 05:14:35,0,5,0.0,0.0447,0.3219,0.0,False
715,2026-02-26 05:21:31,2026-02-26 06:02:14,0,5,0.0,0.0447,0.3219,0.0,False
716,2026-02-26 06:09:07,2026-02-26 06:33:04,0,5,0.0,0.0447,0.3219,0.0,False
717,2026-02-26 06:34:54,2026-02-26 07:56:02,0,5,0.0,0.0447,0.3219,0.0,False
718,2026-02-26 08:28:08,2026-02-26 09:10:36,1,5,0.2,0.0447,0.3219,0.0,False
719,2026-02-26 09:26:06,2026-02-26 09:45:00,0,5,0.0,0.0447,0.3219,0.0,False
720,2026-02-26 09:50:06,2026-02-26 10:48:42,0,5,0.0,0.0447,0.3219,0.0,False
721,2026-02-26 10:55:07,2026-02-26 11:21:50,0,5,0.0,0.0447,0.3219,0.0,False
722,2026-02-26 11:29:49,2026-02-26 12:12:51,0,5,0.0,0.0447,0.3219,0.0,False
723,2026-02-26 12:18:31,2026-02-26 12:59:28,0,5,0.0,0.0447,0.3219,0.0,False
724,2026-02-26 13:01:58,2026-02-26 13:10:55,0,5,0.0,0.0447,0.3219,0.0,False
725,2026-02-26 13:20:15,2026-02-26 14:09:57,0,5,0.0,0.0447,0.3219,0.0,False
726,2026-02-26 14:10:19,2026-02-26 14:37:49,0,5,0.0,0.0447,0.3219,0.0,False
727,2026-02-26 14:45:02,2026-02-26 16:22:34,0,5,0.0,0.0447,0.3219,0.0,False
728,2026-02-26 16:28:03,2026-02-26 18:03:52,0,5,0.0,0.0447,0.3219,0.0,False
729,2026-02-26 18:37:40,2026-02-26 19:59:56,0,5,0.0,0.0447,0.3219,0.0,False
730,2026-02-26 20:05:37,2026-02-26 21:02:02,0,5,0.0,0.0447,0.3219,0.0,False
731,2026-02-26 21:05:23,2026-02-26 21:44:31,1,5,0.2,0.0447,0.3219,0.0,False
732,2026-02-26 21:45:34,2026-02-26 22:42:13,0,5,0.0,0.0447,0.3219,0.0,False
733,2026-02-26 22:54:36,2026-02-26 23:22:09,0,5,0.0,0.0447,0.3219,0.0,False
734,2026-02-26 23:23:14,2026-02-27 00:36:46,0,5,0.0,0.0447,0.3219,0.0,False
735,2026-02-27 00:37:22,2026-02-27 01:08:15,0,5,0.0,0.0447,0.3219,0.0,False
736,2026-02-27 01:30:40,2026-02-27 02:03:09,0,5,0.0,0.0447,0.3219,0.0,False
737,2026-02-27 02:05:09,2026-02-27 03:27:23,0,5,0.0,0.0447,0.3219,0.0,False
738,2026-02-27 03:33:43,2026-02-27 04:10:05,0,5,0.0,0.0447,0.3219,0.0,False
739,2026-02-27 04:44:46,2026-02-27 05:31:36,0,5,0.0,0.0447,0.3219,0.0,False
740,2026-02-27 05:32:00,2026-02-27 06:21:43,0,5,0.0,0.0447,0.3219,0.0,False
741,2026-02-27 06:58:27,2026-02-27 08:11:12,2,5,0.4,0.0447,0.3219,0.0,True
742,2026-02-27 08:18:50,2026-02-27 08:57:48,0,5,0.0,0.0447,0.3219,0.0,False
743,2026-02-27 09:07:11,2026-02-27 09:45:50,1,5,0.2,0.0447,0.3219,0.0,False
744,2026-02-27 09:46:53,2026-02-27 10:23:27,0,5,0.0,0.0447,0.3219,0.0,False
745,2026-02-27 10:25:04,2026-02-27 11:04:39,2,5,0.4,0.0447,0.3219,0.0,True
746,2026-02-27 11:06:05,2026-02-27 11:58:25,0,5,0.0,0.0447,0.3219,0.0,False
747,2026-02-27 12:11:40,2026-02-27 12:57:52,1,5,0.2,0.0447,0.3219,0.0,False
748,2026-02-27 13:04:59,2026-02-27 13:29:14,0,5,0.0,0.0447,0.3219,0.0,False
749,2026-02-27 13:30:47,2026-02-27 14:48:34,0,5,0.0,0.0447,0.3219,0.0,False
750,2026-02-27 15:06:00,2026-02-27 15:41:22,0,5,0.0,0.0447,0.3219,0.0,False
751,2026-02-27 16:14:55,2026-02-27 16:59:49,0,5,0.0,0.0447,0.3219,0.0,False
752,2026-02-27 17:23:28,2026-02-27 17:59:06,0,5,0.0,0.0447,0.3219,0.0,False
753,2026-02-27 18:03:16,2026-02-27 18:51:01,0,5,0.0,0.0447,0.3219,0.0,False
754,2026-02-27 19:05:02,2026-02-27 20:12:12,0,5,0.0,0.0447,0.3219,0.0,False
755,2026-02-27 20:12:58,2026-02-27 20:30:24,0,5,0.0,0.0447,0.3219,0.0,False
756,2026-02-27 20:36:30,2026-02-27 21:28:36,0,5,0.0,0.0447,0.3219,0.0,False
757,2026-02-27 21:37:00,2026-02-27 21:44:47,0,5,0.0,0.0447,0.3219,0.0,False
758,2026-02-27 21:51:41,2026-02-27 22:01:58,0,5,0.0,0.0447,0.3219,0.0,False
759,2026-02-27 22:16:23,2026-02-27 22:37:58,0,5,0.0,0.0447,0.3219,0.0,False
760,2026-02-27 22:50:36,2026-02-27 23:06:50,0,5,0.0,0.0447,0.3219,0.0,False
761,2026-02-27 23:16:47,2026-02-27 23:51:46,0,5,0.0,0.0447,0.3219,0.0,False
762,2026-02-28 00:05:01,2026-02-28 02:13:52,0,5,0.0,0.0447,0.3219,0.0,False
763,2026-02-28 02:49:53,2026-02-28 04:12:52,0,5,0.0,0.0447,0.3219,0.0,False
764,2026-02-28 04:26:09,2026-02-28 04:45:11,0,5,0.0,0.0447,0.3219,0.0,False
765,2026-02-28 05:11:31,2026-02-28 05:54:59,0,5,0.0,0.0447,0.3219,0.0,False
766,2026-02-28 06:07:59,2026-02-28 07:01:27,0,5,0.0,0.0447,0.3219,0.0,False
767,2026-02-28 07:20:38,2026-02-28 08:18:24,0,5,0.0,0.0447,0.3219,0.0,False
768,2026-02-28 08:22:35,2026-02-28 09:14:09,0,5,0.0,0.0447,0.3219,0.0,False
769,2026-02-28 09:16:46,2026-02-28 10:14:39,0,5,0.0,0.0447,0.3219,0.0,False
770,2026-02-28 10:27:26,2026-02-28 10:49:47,0,5,0.0,0.0447,0.3219,0.0,False
771,2026-02-28 11:04:39,2026-02-28 11:35:30,1,5,0.2,0.0447,0.3219,0.0,False
772,2026-02-28 11:42:51,2026-02-28 12:06:03,1,5,0.2,0.0447,0.3219,0.0,False
773,2026-02-28 12:16:27,2026-02-28 12:43:58,0,5,0.0,0.0447,0.3219,0.0,False
774,2026-02-28 13:09:04,2026-02-28 13:53:55,0,5,0.0,0.0447,0.3219,0.0,False
775,2026-02-28 14:00:06,2026-02-28 14:17:02,0,5,0.0,0.0447,0.3219,0.0,False
776,2026-02-28 14:18:29,2026-02-28 14:43:11,0,5,0.0,0.0447,0.3219,0.0,False
777,2026-02-28 14:50:18,2026-02-28 15:36:50,0,5,0.0,0.0447,0.3219,0.0,False
778,2026-02-28 15:46:49,2026-02-28 16:10:47,0,5,0.0,0.0447,0.3219,0.0,False
779,2026-02-28 16:17:26,2026-02-28 16:34:54,1,5,0.2,0.0447,0.3219,0.0,False
780,2026-02-28 17:16:47,2026-02-28 18:27:58,0,5,0.0,0.0447,0.3219,0.0,False
781,2026-02-28 18:34:56,2026-02-28 18:51:27,1,5,0.2,0.0447,0.3219,0.0,False
782,2026-02-28 19:09:17,2026-02-28 19:34:38,0,5,0.0,0.0447,0.3219,0.0,False
783,2026-02-28 20:14:32,2026-02-28 20:52:30,0,5,0.0,0.0447,0.3219,0.0,False
784,2026-02-28 21:00:20,2026-02-28 21:25:45,1,5,0.2,0.0447,0.3219,0.0,False
785,2026-02-28 21:42:11,2026-02-28 22:21:12,0,5,0.0,0.0447,0.3219,0.0,False
786,2026-02-28 22:25:30,2026-02-28 22:55:41,0,5,0.0,0.0447,0.3219,0.0,False
787,2026-02-28 22:58:17,2026-02-28 23:18:32,0,5,0.0,0.0447,0.3219,0.0,False
788,2026-02-28 23:29:13,2026-03-01 00:05:41,0,5,0.0,0.0447,0.3219,0.0,False
789,2026-03-01 00:12:27,2026-03-01 01:51:53,0,5,0.0,0.0447,0.3219,0.0,False
790,2026-03-01 02:04:21,2026-03-01 04:22:19,0,5,0.0,0.0447,0.3219,0.0,False
791,2026-03-01 04:43:44,2026-03-01 05:55:35,0,5,0.0,0.0447,0.3219,0.0,False
792,2026-03-01 06:06:49,2026-03-01 06:54:32,0,5,0.0,0.0447,0.3219,0.0,False
793,2026-03-01 08:32:47,2026-03-01 09:03:27,0,5,0.0,0.0447,0.3219,0.0,False
794,2026-03-01 09:03:33,2026-03-01 09:45:19,0,5,0.0,0.0447,0.3219,0.0,False
795,2026-03-01 09:46:19,2026-03-01 10:20:18,0,5,0.0,0.0447,0.3219,0.0,False
796,2026-03-01 10:28:55,2026-03-01 11:27:27,0,5,0.0,0.0447,0.3219,0.0,False
797,2026-03-01 11:28:40,2026-03-01 11:49:49,0,5,0.0,0.0447,0.3219,0.0,False
798,2026-03-01 11:52:25,2026-03-01 12:19:13,0,5,0.0,0.0447,0.3219,0.0,False
799,2026-03-01 12:19:17,2026-03-01 12:51:12,0,5,0.0,0.0447,0.3219,0.0,False
800,2026-03-01 12:59:58,2026-03-01 13:46:08,0,5,0.0,0.0447,0.3219,0.0,False
801,2026-03-01 13:55:30,2026-03-01 14:15:21,0,5,0.0,0.0447,0.3219,0.0,False
802,2026-03-01 14:29:36,2026-03-01 14:54:44,0,5,0.0,0.0447,0.3219,0.0,False
803,2026-03-01 15:02:26,2026-03-01 16:14:10,0,5,0.0,0.0447,0.3219,0.0,False
804,2026-03-01 16:21:55,2026-03-01 16:53:41,0,5,0.0,0.0447,0.3219,0.0,False
805,2026-03-01 16:55:28,2026-03-01 17:58:18,0,5,0.0,0.0447,0.3219,0.0,False
806,2026-03-01 17:59:09,2026-03-01 18:15:22,0,5,0.0,0.0447,0.3219,0.0,False
807,2026-03-01 18:17:27,2026-03-01 19:11:46,0,5,0.0,0.0447,0.3219,0.0,False
808,2026-03-01 19:27:32,2026-03-01 19:37:48,1,5,0.2,0.0447,0.3219,0.0,False
809,2026-03-01 19:45:16,2026-03-01 20:47:46,0,5,0.0,0.0447,0.3219,0.0,False
810,2026-03-01 20:55:32,2026-03-01 21:10:30,0,5,0.0,0.0447,0.3219,0.0,False
811,2026-03-01 21:42:09,2026-03-01 22:20:27,0,5,0.0,0.0447,0.3219,0.0,False
812,2026-03-01 22:22:11,2026-03-01 23:02:07,0,5,0.0,0.0447,0.3219,0.0,False
813,2026-03-01 23:05:51,2026-03-01 23:32:47,0,5,0.0,0.0447,0.3219,0.0,False
814,2026-03-01 23:34:30,2026-03-02 00:15:53,0,5,0.0,0.0447,0.3219,0.0,False
815,2026-03-02 00:28:02,2026-03-02 00:52:51,0,5,0.0,0.0447,0.3219,0.0,False
816,2026-03-02 00:54:08,2026-03-02 01:13:47,0,5,0.0,0.0447,0.3219,0.0,False
817,2026-03-02 01:15:05,2026-03-02 02:25:52,0,5,0.0,0.0447,0.3219,0.0,False
818,2026-03-02 02:54:32,2026-03-02 03:25:36,0,5,0.0,0.0447,0.3219,0.0,False
819,2026-03-02 03:32:06,2026-03-02 04:02:23,0,5,0.0,0.0447,0.3219,0.0,False
820,2026-03-02 04:06:39,2026-03-02 04:15:12,0,5,0.0,0.0447,0.3219,0.0,False
821,2026-03-02 04:19:51,2026-03-02 05:17:56,0,5,0.0,0.0447,0.3219,0.0,False
822,2026-03-02 05:24:22,2026-03-02 06:21:10,0,5,0.0,0.0447,0.3219,0.0,False
823,2026-03-02 06:24:37,2026-03-02 06:31:02,0,5,0.0,0.0447,0.3219,0.0,False
824,2026-03-02 06:34:50,2026-03-02 07:00:19,0,5,0.0,0.0447,0.3219,0.0,False
825,2026-03-02 07:10:24,2026-03-02 07:47:03,0,5,0.0,0.0447,0.3219,0.0,False
826,2026-03-02 08:18:08,2026-03-02 08:40:35,0,5,0.0,0.0447,0.3219,0.0,False
827,2026-03-02 08:50:43,2026-03-02 09:11:21,0,5,0.0,0.0447,0.3219,0.0,False
828,2026-03-02 09:25:22,2026-03-02 09:57:45,1,5,0.2,0.0447,0.3219,0.0,False
829,2026-03-02 10:04:07,2026-03-02 10:19:50,1,5,0.2,0.0447,0.3219,0.0,False
830,2026-03-02 10:42:05,2026-03-02 11:18:43,1,5,0.2,0.0447,0.3219,0.0,False
831,2026-03-02 11:23:35,2026-03-02 12:03:59,0,5,0.0,0.0447,0.3219,0.0,False
832,2026-03-02 12:08:18,2026-03-02 12:21:10,0,5,0.0,0.0447,0.3219,0.0,False
833,2026-03-02 12:26:10,2026-03-02 12:49:18,1,5,0.2,0.0447,0.3219,0.0,False
834,2026-03-02 12:50:21,2026-03-02 13:56:02,0,5,0.0,0.0447,0.3219,0.0,False
835,2026-03-02 13:57:41,2026-03-02 14:50:10,1,5,0.2,0.0447,0.3219,0.0,False
836,2026-03-02 15:00:49,2026-03-02 15:35:14,0,5,0.0,0.0447,0.3219,0.0,False
837,2026-03-02 15:45:42,2026-03-02 16:46:34,0,5,0.0,0.0447,0.3219,0.0,False
838,2026-03-02 16:48:41,2026-03-02 17:14:48,0,5,0.0,0.0447,0.3219,0.0,False
839,2026-03-02 17:24:30,2026-03-02 17:33:27,0,5,0.0,0.0447,0.3219,0.0,False
840,2026-03-02 17:45:37,2026-03-02 18:17:35,1,5,0.2,0.0447,0.3219,0.0,False
841,2026-03-02 18:50:44,2026-03-02 19:16:30,0,5,0.0,0.0447,0.3219,0.0,False
842,2026-03-02 19:16:34,2026-03-02 20:34:28,2,5,0.4,0.0447,0.3219,0.0,True
843,2026-03-02 20:42:44,2026-03-02 20:57:34,2,5,0.4,0.0447,0.3219,0.0,True
844,2026-03-02 21:06:47,2026-03-02 21:29:04,0,5,0.0,0.0447,0.3219,0.0,False
845,2026-03-02 21:52:04,2026-03-02 22:01:51,0,5,0.0,0.0447,0.3219,0.0,False
846,2026-03-02 22:04:19,2026-03-02 22:20:46,1,5,0.2,0.0447,0.3219,0.0,False
847,2026-03-02 22:23:39,2026-03-02 23:20:46,0,5,0.0,0.0447,0.3219,0.0,False
848,2026-03-02 23:30:38,2026-03-03 00:19:18,0,5,0.0,0.0447,0.3219,0.0,False
849,2026-03-03 00:28:31,2026-03-03 01:06:49,1,5,0.2,0.0447,0.3219,0.0,False
850,2026-03-03 01:23:59,2026-03-03 02:15:03,0,5,0.0,0.0447,0.3219,0.0,False
851,2026-03-03 03:01:24,2026-03-03 03:29:49,1,5,0.2,0.0447,0.3219,0.0,False
852,2026-03-03 03:40:46,2026-03-03 03:56:24,0,5,0.0,0.0447,0.3219,0.0,False
853,2026-03-03 04:05:16,2026-03-03 04:22:57,2,5,0.4,0.0447,0.3219,0.0,True
854,2026-03-03 04:35:22,2026-03-03 04:55:42,1,5,0.2,0.0447,0.3219,0.0,False
855,2026-03-03 05:00:00,2026-03-03 06:06:14,0,5,0.0,0.0447,0.3219,0.0,False
856,2026-03-03 06:26:20,2026-03-03 06:52:59,1,5,0.2,0.0447,0.3219,0.0,False
857,2026-03-03 07:03:48,2026-03-03 07:43:44,0,5,0.0,0.0447,0.3219,0.0,False
858,2026-03-03 07:44:51,2026-03-03 08:19:50,0,5,0.0,0.0447,0.3219,0.0,False
859,2026-03-03 08:19:57,2026-03-03 09:11:46,0,5,0.0,0.0447,0.3219,0.0,False
860,2026-03-03 09:13:07,2026-03-03 10:12:29,1,5,0.2,0.0447,0.3219,0.0,False
861,2026-03-03 10:14:34,2026-03-03 10:57:44,0,5,0.0,0.0447,0.3219,0.0,False
862,2026-03-03 11:01:00,2026-03-03 12:32:50,0,5,0.0,0.0447,0.3219,0.0,False
863,2026-03-03 12:39:41,2026-03-03 13:04:56,0,5,0.0,0.0447,0.3219,0.0,False
864,2026-03-03 13:14:36,2026-03-03 13:42:45,0,5,0.0,0.0447,0.3219,0.0,False
865,2026-03-03 13:45:56,2026-03-03 14:39:11,0,5,0.0,0.0447,0.3219,0.0,False
866,2026-03-03 14:49:50,2026-03-03 15:24:41,1,5,0.2,0.0447,0.3219,0.0,False
867,2026-03-03 15:29:14,2026-03-03 15:41:51,1,5,0.2,0.0447,0.3219,0.0,False
868,2026-03-03 15:44:30,2026-03-03 16:09:29,1,5,0.2,0.0447,0.3219,0.0,False
869,2026-03-03 16:13:38,2026-03-03 16:55:06,0,5,0.0,0.0447,0.3219,0.0,False
870,2026-03-03 16:56:22,2026-03-03 18:14:32,2,5,0.4,0.0447,0.3219,0.0,True
871,2026-03-03 18:32:01,2026-03-03 18:52:44,0,5,0.0,0.0447,0.3219,0.0,False
872,2026-03-03 19:09:35,2026-03-03 19:43:40,0,5,0.0,0.0447,0.3219,0.0,False
873,2026-03-03 19:44:52,2026-03-03 20:04:38,1,5,0.2,0.0447,0.3219,0.0,False
874,2026-03-03 20:07:45,2026-03-03 20:44:42,0,5,0.0,0.0447,0.3219,0.0,False
875,2026-03-03 20:54:40,2026-03-03 21:25:02,0,5,0.0,0.0447,0.3219,0.0,False
876,2026-03-03 21:28:12,2026-03-03 22:06:59,0,5,0.0,0.0447,0.3219,0.0,False
877,2026-03-03 22:07:05,2026-03-03 22:43:47,0,5,0.0,0.0447,0.3219,0.0,False
878,2026-03-03 22:47:09,2026-03-03 23:32:14,0,5,0.0,0.0447,0.3219,0.0,False
879,2026-03-03 23:48:37,2026-03-04 00:32:12,1,5,0.2,0.0447,0.3219,0.0,False
880,2026-03-04 00:36:35,2026-03-04 01:37:38,0,5,0.0,0.0447,0.3219,0.0,False
881,2026-03-04 01:38:56,2026-03-04 02:54:09,0,5,0.0,0.0447,0.3219,0.0,False
882,2026-03-04 02:58:05,2026-03-04 03:52:03,0,5,0.0,0.0447,0.3219,0.0,False
883,2026-03-04 04:06:47,2026-03-04 04:41:14,1,5,0.2,0.0447,0.3219,0.0,False
884,2026-03-04 04:53:14,2026-03-04 05:23:53,0,5,0.0,0.0447,0.3219,0.0,False
885,2026-03-04 05:23:56,2026-03-04 06:50:50,0,5,0.0,0.0447,0.3219,0.0,False
886,2026-03-04 06:53:57,2026-03-04 07:32:18,1,5,0.2,0.0447,0.3219,0.0,False
887,2026-03-04 07:33:20,2026-03-04 08:04:31,0,5,0.0,0.0447,0.3219,0.0,False
888,2026-03-04 08:12:27,2026-03-04 08:41:59,0,5,0.0,0.0447,0.3219,0.0,False
889,2026-03-04 08:43:37,2026-03-04 09:18:41,0,5,0.0,0.0447,0.3219,0.0,False
890,2026-03-04 09:43:17,2026-03-04 10:19:19,0,5,0.0,0.0447,0.3219,0.0,False
891,2026-03-04 10:23:54,2026-03-04 10:58:16,1,5,0.2,0.0447,0.3219,0.0,False
892,2026-03-04 11:15:51,2026-03-04 11:46:10,0,5,0.0,0.0447,0.3219,0.0,False
893,2026-03-04 11:46:29,2026-03-04 12:37:00,0,5,0.0,0.0447,0.3219,0.0,False
894,2026-03-04 12:49:48,2026-03-04 13:22:53,1,5,0.2,0.0447,0.3219,0.0,False
895,2026-03-04 13:28:29,2026-03-04 14:21:29,1,5,0.2,0.0447,0.3219,0.0,False
896,2026-03-04 14:41:18,2026-03-04 15:14:51,0,5,0.0,0.0447,0.3219,0.0,False
897,2026-03-04 15:21:12,2026-03-04 15:47:39,0,5,0.0,0.0447,0.3219,0.0,False
898,2026-03-04 15:49:11,2026-03-04 17:04:58,0,5,0.0,0.0447,0.3219,0.0,False
899,2026-03-04 17:09:51,2026-03-04 17:39:19,0,5,0.0,0.0447,0.3219,0.0,False
900,2026-03-04 17:40:49,2026-03-04 18:15:37,0,5,0.0,0.0447,0.3219,0.0,False
901,2026-03-04 18:25:14,2026-03-04 19:20:59,0,5,0.0,0.0447,0.3219,0.0,False
902,2026-03-04 19:31:00,2026-03-04 20:16:15,0,5,0.0,0.0447,0.3219,0.0,False
903,2026-03-04 20:46:13,2026-03-04 22:07:21,0,5,0.0,0.0447,0.3219,0.0,False
904,2026-03-04 22:20:31,2026-03-04 22:30:25,1,5,0.2,0.0447,0.3219,0.0,False
905,2026-03-04 23:02:25,2026-03-05 00:07:03,1,5,0.2,0.0447,0.3219,0.0,False
906,2026-03-05 00:12:43,2026-03-05 00:50:49,0,5,0.0,0.0447,0.3219,0.0,False
907,2026-03-05 00:55:10,2026-03-05 01:38:03,0,5,0.0,0.0447,0.3219,0.0,False
908,2026-03-05 01:46:09,2026-03-05 02:22:35,0,5,0.0,0.0447,0.3219,0.0,False
909,2026-03-05 02:29:30,2026-03-05 03:09:08,1,5,0.2,0.0447,0.3219,0.0,False
910,2026-03-05 03:14:56,2026-03-05 04:17:23,0,5,0.0,0.0447,0.3219,0.0,False
911,2026-03-05 04:21:16,2026-03-05 04:37:41,0,5,0.0,0.0447,0.3219,0.0,False
912,2026-03-05 04:38:24,2026-03-05 05:24:55,0,5,0.0,0.0447,0.3219,0.0,False
913,2026-03-05 05:39:50,2026-03-05 06:27:44,0,5,0.0,0.0447,0.3219,0.0,False
914,2026-03-05 06:33:19,2026-03-05 07:37:07,0,5,0.0,0.0447,0.3219,0.0,False
915,2026-03-05 07:48:48,2026-03-05 08:28:12,0,5,0.0,0.0447,0.3219,0.0,False
916,2026-03-05 08:41:53,2026-03-05 09:03:34,2,5,0.4,0.0447,0.3219,0.0,True
917,2026-03-05 09:12:45,2026-03-05 09:30:19,0,5,0.0,0.0447,0.3219,0.0,False
918,2026-03-05 09:48:57,2026-03-05 10:24:58,0,5,0.0,0.0447,0.3219,0.0,False
919,2026-03-05 10:51:22,2026-03-05 11:17:39,0,5,0.0,0.0447,0.3219,0.0,False
920,2026-03-05 11:17:39,2026-03-05 11:56:51,0,5,0.0,0.0447,0.3219,0.0,False
921,2026-03-05 12:02:25,2026-03-05 12:26:08,0,5,0.0,0.0447,0.3219,0.0,False
922,2026-03-05 12:50:53,2026-03-05 14:05:27,1,5,0.2,0.0447,0.3219,0.0,False
923,2026-03-05 14:18:50,2026-03-05 15:05:30,0,5,0.0,0.0447,0.3219,0.0,False
924,2026-03-05 15:05:54,2026-03-05 15:30:03,0,5,0.0,0.0447,0.3219,0.0,False
925,2026-03-05 15:41:41,2026-03-05 16:21:44,1,5,0.2,0.0447,0.3219,0.0,False
926,2026-03-05 16:21:54,2026-03-05 17:49:49,0,5,0.0,0.0447,0.3219,0.0,False
927,2026-03-05 17:51:16,2026-03-05 18:58:25,0,5,0.0,0.0447,0.3219,0.0,False
928,2026-03-05 19:10:29,2026-03-05 19:31:27,0,5,0.0,0.0447,0.3219,0.0,False
929,2026-03-05 19:33:16,2026-03-05 20:04:18,0,5,0.0,0.0447,0.3219,0.0,False
930,2026-03-05 20:27:27,2026-03-05 21:37:22,0,5,0.0,0.0447,0.3219,0.0,False
931,2026-03-05 21:42:51,2026-03-05 21:50:44,0,5,0.0,0.0447,0.3219,0.0,False
932,2026-03-05 21:58:01,2026-03-05 22:40:51,0,5,0.0,0.0447,0.3219,0.0,False
933,2026-03-05 22:41:23,2026-03-05 23:18:16,1,5,0.2,0.0447,0.3219,0.0,False
934,2026-03-05 23:26:56,2026-03-06 00:20:35,1,5,0.2,0.0447,0.3219,0.0,False
935,2026-03-06 00:43:21,2026-03-06 01:14:44,0,5,0.0,0.0447,0.3219,0.0,False
936,2026-03-06 01:46:34,2026-03-06 02:42:32,0,5,0.0,0.0447,0.3219,0.0,False
937,2026-03-06 02:48:05,2026-03-06 03:12:54,0,5,0.0,0.0447,0.3219,0.0,False
938,2026-03-06 03:16:40,2026-03-06 04:00:14,0,5,0.0,0.0447,0.3219,0.0,False
939,2026-03-06 04:10:10,2026-03-06 04:44:07,0,5,0.0,0.0447,0.3219,0.0,False
940,2026-03-06 04:48:58,2026-03-06 06:01:28,0,5,0.0,0.0447,0.3219,0.0,False
941,2026-03-06 06:02:11,2026-03-06 06:58:27,0,5,0.0,0.0447,0.3219,0.0,False
942,2026-03-06 07:11:35,2026-03-06 07:51:08,0,5,0.0,0.0447,0.3219,0.0,False
943,2026-03-06 08:13:18,2026-03-06 08:46:21,0,5,0.0,0.0447,0.3219,0.0,False
944,2026-03-06 08:50:18,2026-03-06 09:14:38,0,5,0.0,0.0447,0.3219,0.0,False
945,2026-03-06 09:29:34,2026-03-06 10:24:56,0,5,0.0,0.0447,0.3219,0.0,False
946,2026-03-06 10:30:50,2026-03-06 11:08:54,0,5,0.0,0.0447,0.3219,0.0,False
947,2026-03-06 11:19:41,2026-03-06 11:44:50,0,5,0.0,0.0447,0.3219,0.0,False
948,2026-03-06 12:00:22,2026-03-06 12:59:28,0,5,0.0,0.0447,0.3219,0.0,False
949,2026-03-06 13:06:52,2026-03-06 13:50:19,0,5,0.0,0.0447,0.3219,0.0,False
950,2026-03-06 13:52:31,2026-03-06 14:20:08,0,5,0.0,0.0447,0.3219,0.0,False
951,2026-03-06 14:49:02,2026-03-06 15:36:53,0,5,0.0,0.0447,0.3219,0.0,False
952,2026-03-06 15:38:42,2026-03-06 15:55:34,0,5,0.0,0.0447,0.3219,0.0,False
953,2026-03-06 15:57:03,2026-03-06 16:41:39,0,5,0.0,0.0447,0.3219,0.0,False
954,2026-03-06 18:02:08,2026-03-06 18:40:09,0,5,0.0,0.0447,0.3219,0.0,False
955,2026-03-06 18:45:24,2026-03-06 19:31:27,0,5,0.0,0.0447,0.3219,0.0,False
956,2026-03-06 19:33:21,2026-03-06 20:37:35,0,5,0.0,0.0447,0.3219,0.0,False
957,2026-03-06 20:39:47,2026-03-06 21:46:53,0,5,0.0,0.0447,0.3219,0.0,False
958,2026-03-06 21:55:29,2026-03-06 23:00:04,1,5,0.2,0.0447,0.3219,0.0,False
959,2026-03-06 23:09:37,2026-03-06 23:55:50,0,5,0.0,0.0447,0.3219,0.0,False
960,2026-03-06 23:59:37,2026-03-07 01:12:31,0,5,0.0,0.0447,0.3219,0.0,False
961,2026-03-07 01:21:57,2026-03-07 02:36:59,0,5,0.0,0.0447,0.3219,0.0,False
962,2026-03-07 02:50:01,2026-03-07 03:35:48,0,5,0.0,0.0447,0.3219,0.0,False
963,2026-03-07 03:49:02,2026-03-07 04:09:14,0,5,0.0,0.0447,0.3219,0.0,False
964,2026-03-07 04:10:00,2026-03-07 04:50:48,0,5,0.0,0.0447,0.3219,0.0,False
965,2026-03-07 05:28:25,2026-03-07 06:19:00,0,5,0.0,0.0447,0.3219,0.0,False
966,2026-03-07 07:02:24,2026-03-07 08:02:52,1,5,0.2,0.0447,0.3219,0.0,False
967,2026-03-07 08:04:30,2026-03-07 08:36:21,0,5,0.0,0.0447,0.3219,0.0,False
968,2026-03-07 08:37:38,2026-03-07 09:23:44,0,5,0.0,0.0447,0.3219,0.0,False
969,2026-03-07 09:55:44,2026-03-07 11:01:45,0,5,0.0,0.0447,0.3219,0.0,False
970,2026-03-07 11:17:50,2026-03-07 11:39:36,0,5,0.0,0.0447,0.3219,0.0,False
971,2026-03-07 11:41:49,2026-03-07 12:55:41,0,5,0.0,0.0447,0.3219,0.0,False
972,2026-03-07 13:16:18,2026-03-07 13:36:50,0,5,0.0,0.0447,0.3219,0.0,False
973,2026-03-07 13:38:20,2026-03-07 14:01:54,0,5,0.0,0.0447,0.3219,0.0,False
974,2026-03-07 14:15:05,2026-03-07 15:14:08,0,5,0.0,0.0447,0.3219,0.0,False
975,2026-03-07 15:14:38,2026-03-07 16:35:33,0,5,0.0,0.0447,0.3219,0.0,False
976,2026-03-07 16:54:13,2026-03-07 17:17:36,1,5,0.2,0.0447,0.3219,0.0,False
977,2026-03-07 17:25:10,2026-03-07 17:55:02,0,5,0.0,0.0447,0.3219,0.0,False
978,2026-03-07 18:00:40,2026-03-07 18:31:54,0,5,0.0,0.0447,0.3219,0.0,False
979,2026-03-07 18:33:59,2026-03-07 19:09:52,0,5,0.0,0.0447,0.3219,0.0,False
980,2026-03-07 19:11:54,2026-03-07 19:50:06,0,5,0.0,0.0447,0.3219,0.0,False
981,2026-03-07 20:23:40,2026-03-07 21:47:09,0,5,0.0,0.0447,0.3219,0.0,False
982,2026-03-07 22:11:24,2026-03-07 22:38:02,0,5,0.0,0.0447,0.3219,0.0,False
983,2026-03-07 22:44:42,2026-03-07 23:33:26,0,5,0.0,0.0447,0.3219,0.0,False
984,2026-03-07 23:33:32,2026-03-08 00:10:08,0,5,0.0,0.0447,0.3219,0.0,False
985,2026-03-08 00:19:43,2026-03-08 00:51:45,1,5,0.2,0.0447,0.3219,0.0,False
986,2026-03-08 01:11:29,2026-03-08 02:04:52,0,5,0.0,0.0447,0.3219,0.0,False
987,2026-03-08 02:47:31,2026-03-08 03:24:15,0,5,0.0,0.0447,0.3219,0.0,False
988,2026-03-08 03:24:33,2026-03-08 04:05:46,0,5,0.0,0.0447,0.3219,0.0,False
989,2026-03-08 04:16:23,2026-03-08 04:40:43,1,5,0.2,0.0447,0.3219,0.0,False
990,2026-03-08 04:59:07,2026-03-08 05:38:39,0,5,0.0,0.0447,0.3219,0.0,False
991,2026-03-08 05:42:02,2026-03-08 06:03:50,0,5,0.0,0.0447,0.3219,0.0,False
992,2026-03-08 06:03:58,2026-03-08 06:51:17,0,5,0.0,0.0447,0.3219,0.0,False
993,2026-03-08 07:06:47,2026-03-08 07:53:57,1,5,0.2,0.0447,0.3219,0.0,False
994,2026-03-08 08:00:23,2026-03-08 08:31:49,0,5,0.0,0.0447,0.3219,0.0,False
995,2026-03-08 08:40:11,2026-03-08 08:59:52,1,5,0.2,0.0447,0.3219,0.0,False
996,2026-03-08 09:10:07,2026-03-08 09:35:12,0,5,0.0,0.0447,0.3219,0.0,False
997,2026-03-08 09:40:57,2026-03-08 09:50:47,0,5,0.0,0.0447,0.3219,0.0,False
998,2026-03-08 09:58:22,2026-03-08 10:36:17,0,5,0.0,0.0447,0.3219,0.0,False
999,2026-03-08 10:47:11,2026-03-08 11:24:32,0,5,0.0,0.0447,0.3219,0.0,False
1000,2026-03-08 11:30:38,2026-03-08 11:45:26,0,5,0.0,0.0447,0.3219,0.0,False
1001,2026-03-08 12:03:47,2026-03-08 12:34:06,1,5,0.2,0.0447,0.3219,0.0,False
1002,2026-03-08 12:50:40,2026-03-08 13:17:56,1,5,0.2,0.0447,0.3219,0.0,False
1003,2026-03-08 13:41:46,2026-03-08 14:23:49,0,5,0.0,0.0447,0.3219,0.0,False
1004,2026-03-08 14:38:10,2026-03-08 15:04:49,0,5,0.0,0.0447,0.3219,0.0,False
1005,2026-03-08 15:08:56,2026-03-08 15:42:48,0,5,0.0,0.0447,0.3219,0.0,False
1006,2026-03-08 16:07:48,2026-03-08 17:25:30,0,5,0.0,0.0447,0.3219,0.0,False
1007,2026-03-08 17:27:59,2026-03-08 17:58:46,2,5,0.4,0.0447,0.3219,0.0,True
1008,2026-03-08 18:02:58,2026-03-08 18:37:28,2,5,0.4,0.0447,0.3219,0.0,True
1009,2026-03-08 19:04:18,2026-03-08 20:02:31,0,5,0.0,0.0447,0.3219,0.0,False
1010,2026-03-08 20:08:14,2026-03-08 20:43:18,0,5,0.0,0.0447,0.3219,0.0,False
1011,2026-03-08 20:43:33,2026-03-08 20:51:37,0,5,0.0,0.0447,0.3219,0.0,False
1012,2026-03-08 20:53:35,2026-03-08 21:12:09,0,5,0.0,0.0447,0.3219,0.0,False
1013,2026-03-08 21:16:20,2026-03-08 21:39:07,0,5,0.0,0.0447,0.3219,0.0,False
1014,2026-03-08 21:48:49,2026-03-08 22:21:34,0,5,0.0,0.0447,0.3219,0.0,False
1015,2026-03-08 22:26:25,2026-03-08 23:35:16,0,5,0.0,0.0447,0.3219,0.0,False
1016,2026-03-08 23:38:08,2026-03-08 23:58:51,0,5,0.0,0.0447,0.3219,0.0,False
1017,2026-03-09 00:04:09,2026-03-09 00:37:50,1,5,0.2,0.0447,0.3219,0.0,False
1018,2026-03-09 01:00:36,2026-03-09 02:21:25,0,5,0.0,0.0447,0.3219,0.0,False
1019,2026-03-09 02:34:19,2026-03-09 03:18:18,0,5,0.0,0.0447,0.3219,0.0,False
1020,2026-03-09 03:20:04,2026-03-09 03:44:54,0,5,0.0,0.0447,0.3219,0.0,False
1021,2026-03-09 03:49:33,2026-03-09 04:26:08,1,5,0.2,0.0447,0.3219,0.0,False
1022,2026-03-09 04:29:31,2026-03-09 04:48:58,1,5,0.2,0.0447,0.3219,0.0,False
1023,2026-03-09 05:00:41,2026-03-09 05:31:39,0,5,0.0,0.0447,0.3219,0.0,False
1024,2026-03-09 05:47:21,2026-03-09 06:44:13,0,5,0.0,0.0447,0.3219,0.0,False
1025,2026-03-09 07:09:38,2026-03-09 07:35:10,1,5,0.2,0.0447,0.3219,0.0,False
1026,2026-03-09 07:38:36,2026-03-09 08:05:46,0,5,0.0,0.0447,0.3219,0.0,False
1027,2026-03-09 08:18:32,2026-03-09 09:15:23,0,5,0.0,0.0447,0.3219,0.0,False
1028,2026-03-09 09:24:19,2026-03-09 09:43:47,1,5,0.2,0.0447,0.3219,0.0,False
1029,2026-03-09 09:55:28,2026-03-09 10:50:22,0,5,0.0,0.0447,0.3219,0.0,False
1030,2026-03-09 11:18:51,2026-03-09 11:50:34,0,5,0.0,0.0447,0.3219,0.0,False
1031,2026-03-09 12:17:36,2026-03-09 13:18:52,0,5,0.0,0.0447,0.3219,0.0,False
1032,2026-03-09 13:20:10,2026-03-09 14:18:50,0,5,0.0,0.0447,0.3219,0.0,False
1033,2026-03-09 14:47:40,2026-03-09 15:16:36,0,5,0.0,0.0447,0.3219,0.0,False
1034,2026-03-09 15:16:56,2026-03-09 16:01:33,0,5,0.0,0.0447,0.3219,0.0,False
1035,2026-03-09 16:08:29,2026-03-09 16:32:29,0,5,0.0,0.0447,0.3219,0.0,False
1036,2026-03-09 16:37:50,2026-03-09 17:01:13,1,5,0.2,0.0447,0.3219,0.0,False
1037,2026-03-09 17:03:26,2026-03-09 18:01:11,0,5,0.0,0.0447,0.3219,0.0,False
1038,2026-03-09 18:14:39,2026-03-09 19:15:08,1,5,0.2,0.0447,0.3219,0.0,False
1039,2026-03-09 19:21:42,2026-03-09 19:39:31,1,5,0.2,0.0447,0.3219,0.0,False
1040,2026-03-09 19:49:57,2026-03-09 20:09:23,0,5,0.0,0.0447,0.3219,0.0,False
1041,2026-03-09 20:12:26,2026-03-09 21:04:52,0,5,0.0,0.0447,0.3219,0.0,False
1042,2026-03-09 21:05:42,2026-03-09 22:21:37,1,5,0.2,0.0447,0.3219,0.0,False
1043,2026-03-09 22:26:24,2026-03-09 23:03:56,0,5,0.0,0.0447,0.3219,0.0,False
1044,2026-03-09 23:05:28,2026-03-09 23:51:46,1,5,0.2,0.0447,0.3219,0.0,False
1045,2026-03-09 23:56:50,2026-03-10 00:20:38,0,5,0.0,0.0447,0.3219,0.0,False
1046,2026-03-10 00:40:10,2026-03-10 01:30:25,0,5,0.0,0.0447,0.3219,0.0,False
1047,2026-03-10 01:56:10,2026-03-10 03:16:11,0,5,0.0,0.0447,0.3219,0.0,False
1048,2026-03-10 03:16:59,2026-03-10 04:03:14,0,5,0.0,0.0447,0.3219,0.0,False
1049,2026-03-10 04:07:01,2026-03-10 04:55:23,0,5,0.0,0.0447,0.3219,0.0,False
1050,2026-03-10 05:19:18,2026-03-10 06:04:42,0,5,0.0,0.0447,0.3219,0.0,False
1051,2026-03-10 06:09:10,2026-03-10 06:39:14,0,5,0.0,0.0447,0.3219,0.0,False
1052,2026-03-10 06:43:40,2026-03-10 07:08:53,0,5,0.0,0.0447,0.3219,0.0,False
1053,2026-03-10 07:11:20,2026-03-10 07:30:27,0,5,0.0,0.0447,0.3219,0.0,False
1054,2026-03-10 07:42:23,2026-03-10 07:56:14,1,5,0.2,0.0447,0.3219,0.0,False
1055,2026-03-10 08:09:22,2026-03-10 08:55:43,0,5,0.0,0.0447,0.3219,0.0,False
1056,2026-03-10 09:03:11,2026-03-10 09:37:58,0,5,0.0,0.0447,0.3219,0.0,False
1057,2026-03-10 09:39:00,2026-03-10 10:24:25,0,5,0.0,0.0447,0.3219,0.0,False
1058,2026-03-10 10:25:32,2026-03-10 10:47:58,0,5,0.0,0.0447,0.3219,0.0,False
1059,2026-03-10 10:50:14,2026-03-10 11:55:46,0,5,0.0,0.0447,0.3219,0.0,False
1060,2026-03-10 12:12:25,2026-03-10 13:25:02,0,5,0.0,0.0447,0.3219,0.0,False
1061,2026-03-10 13:25:50,2026-03-10 14:15:15,0,5,0.0,0.0447,0.3219,0.0,False
1062,2026-03-10 14:16:18,2026-03-10 14:43:51,0,5,0.0,0.0447,0.3219,0.0,False
1063,2026-03-10 15:05:23,2026-03-10 16:20:42,0,5,0.0,0.0447,0.3219,0.0,False
1064,2026-03-10 16:46:37,2026-03-10 17:20:55,0,5,0.0,0.0447,0.3219,0.0,False
1065,2026-03-10 18:02:02,2026-03-10 18:24:02,2,5,0.4,0.0447,0.3219,0.0,True
1066,2026-03-10 19:14:02,2026-03-10 19:28:11,0,5,0.0,0.0447,0.3219,0.0,False
1067,2026-03-10 19:56:33,2026-03-10 20:43:32,1,5,0.2,0.0447,0.3219,0.0,False
1068,2026-03-10 20:58:21,2026-03-10 21:37:35,1,5,0.2,0.0447,0.3219,0.0,False
1069,2026-03-10 21:43:15,2026-03-10 22:06:09,0,5,0.0,0.0447,0.3219,0.0,False
1070,2026-03-10 22:08:00,2026-03-10 23:08:10,0,5,0.0,0.0447,0.3219,0.0,False
1071,2026-03-10 23:21:50,2026-03-10 23:56:31,0,5,0.0,0.0447,0.3219,0.0,False
1072,2026-03-10 23:56:57,2026-03-11 00:14:58,0,5,0.0,0.0447,0.3219,0.0,False
1073,2026-03-11 00:25:51,2026-03-11 00:36:15,0,5,0.0,0.0447,0.3219,0.0,False
1074,2026-03-11 01:05:12,2026-03-11 01:42:31,0,5,0.0,0.0447,0.3219,0.0,False
1075,2026-03-11 01:56:56,2026-03-11 02:37:32,0,5,0.0,0.0447,0.3219,0.0,False
1076,2026-03-11 03:00:31,2026-03-11 03:53:07,0,5,0.0,0.0447,0.3219,0.0,False
1077,2026-03-11 04:12:20,2026-03-11 05:04:22,0,5,0.0,0.0447,0.3219,0.0,False
1078,2026-03-11 05:06:49,2026-03-11 05:44:11,0,5,0.0,0.0447,0.3219,0.0,False
1079,2026-03-11 05:45:55,2026-03-11 07:24:50,1,5,0.2,0.0447,0.3219,0.0,False
1080,2026-03-11 07:25:59,2026-03-11 08:32:41,1,5,0.2,0.0447,0.3219,0.0,False
1081,2026-03-11 08:52:32,2026-03-11 09:33:17,2,5,0.4,0.0447,0.3219,0.0,True
1082,2026-03-11 09:38:39,2026-03-11 10:15:29,0,5,0.0,0.0447,0.3219,0.0,False
1083,2026-03-11 10:19:42,2026-03-11 11:25:29,0,5,0.0,0.0447,0.3219,0.0,False
1084,2026-03-11 11:50:35,2026-03-11 12:51:35,0,5,0.0,0.0447,0.3219,0.0,False
1085,2026-03-11 13:17:49,2026-03-11 13:51:43,0,5,0.0,0.0447,0.3219,0.0,False
1086,2026-03-11 13:52:30,2026-03-11 14:29:50,0,5,0.0,0.0447,0.3219,0.0,False
1087,2026-03-11 14:39:37,2026-03-11 15:58:47,0,5,0.0,0.0447,0.3219,0.0,False
1088,2026-03-11 16:01:30,2026-03-11 16:47:11,0,5,0.0,0.0447,0.3219,0.0,False
1089,2026-03-11 16:47:25,2026-03-11 17:10:03,1,5,0.2,0.0447,0.3219,0.0,False
1090,2026-03-11 17:21:15,2026-03-11 18:04:42,0,5,0.0,0.0447,0.3219,0.0,False
1091,2026-03-11 18:19:09,2026-03-11 18:43:26,0,5,0.0,0.0447,0.3219,0.0,False
1092,2026-03-11 19:20:11,2026-03-11 19:35:51,0,5,0.0,0.0447,0.3219,0.0,False
1093,2026-03-11 19:46:09,2026-03-11 20:39:08,0,5,0.0,0.0447,0.3219,0.0,False
1094,2026-03-11 20:55:22,2026-03-11 21:55:21,1,5,0.2,0.0447,0.3219,0.0,False
1095,2026-03-11 21:59:48,2026-03-11 22:21:14,0,5,0.0,0.0447,0.3219,0.0,False
1096,2026-03-11 22:24:32,2026-03-11 23:13:15,0,5,0.0,0.0447,0.3219,0.0,False
1097,2026-03-11 23:51:18,2026-03-12 00:35:41,0,5,0.0,0.0447,0.3219,0.0,False
1098,2026-03-12 00:36:42,2026-03-12 01:16:22,1,5,0.2,0.0447,0.3219,0.0,False
1099,2026-03-12 01:32:32,2026-03-12 01:54:56,0,5,0.0,0.0447,0.3219,0.0,False
1100,2026-03-12 02:07:16,2026-03-12 03:02:08,0,5,0.0,0.0447,0.3219,0.0,False
1101,2026-03-12 03:10:53,2026-03-12 03:37:02,0,5,0.0,0.0447,0.3219,0.0,False
1102,2026-03-12 03:48:47,2026-03-12 04:46:04,0,5,0.0,0.0447,0.3219,0.0,False
1103,2026-03-12 05:02:11,2026-03-12 05:37:32,0,5,0.0,0.0447,0.3219,0.0,False
1104,2026-03-12 05:48:21,2026-03-12 06:12:32,1,5,0.2,0.0447,0.3219,0.0,False
1105,2026-03-12 06:12:53,2026-03-12 06:53:22,0,5,0.0,0.0447,0.3219,0.0,False
1106,2026-03-12 07:06:43,2026-03-12 07:30:59,0,5,0.0,0.0447,0.3219,0.0,False
1107,2026-03-12 07:33:17,2026-03-12 07:56:27,0,5,0.0,0.0447,0.3219,0.0,False
1108,2026-03-12 07:58:19,2026-03-12 08:31:32,1,5,0.2,0.0447,0.3219,0.0,False
1109,2026-03-12 08:58:25,2026-03-12 09:26:38,0,5,0.0,0.0447,0.3219,0.0,False
1110,2026-03-12 09:44:46,2026-03-12 10:48:16,0,5,0.0,0.0447,0.3219,0.0,False
1111,2026-03-12 10:57:13,2026-03-12 11:30:13,0,5,0.0,0.0447,0.3219,0.0,False
1112,2026-03-12 11:30:42,2026-03-12 12:25:36,0,5,0.0,0.0447,0.3219,0.0,False
1113,2026-03-12 13:00:25,2026-03-12 13:42:20,0,5,0.0,0.0447,0.3219,0.0,False
1114,2026-03-12 13:52:30,2026-03-12 14:14:15,0,5,0.0,0.0447,0.3219,0.0,False
1115,2026-03-12 14:15:25,2026-03-12 14:44:39,0,5,0.0,0.0447,0.3219,0.0,False
1116,2026-03-12 14:50:43,2026-03-12 15:13:35,0,5,0.0,0.0447,0.3219,0.0,False
1117,2026-03-12 15:15:14,2026-03-12 15:38:51,0,5,0.0,0.0447,0.3219,0.0,False
1118,2026-03-12 15:50:01,2026-03-12 16:01:35,0,5,0.0,0.0447,0.3219,0.0,False
1119,2026-03-12 16:25:24,2026-03-12 17:02:24,0,5,0.0,0.0447,0.3219,0.0,False
1120,2026-03-12 17:06:38,2026-03-12 17:48:09,0,5,0.0,0.0447,0.3219,0.0,False
1121,2026-03-12 17:48:56,2026-03-12 18:22:39,1,5,0.2,0.0447,0.3219,0.0,False
1122,2026-03-12 18:26:53,2026-03-12 18:54:38,1,5,0.2,0.0447,0.3219,0.0,False
1123,2026-03-12 19:06:57,2026-03-12 19:17:10,0,5,0.0,0.0447,0.3219,0.0,False
1124,2026-03-12 19:34:59,2026-03-12 20:28:23,0,5,0.0,0.0447,0.3219,0.0,False
1125,2026-03-12 20:41:20,2026-03-12 21:13:47,0,5,0.0,0.0447,0.3219,0.0,False
1126,2026-03-12 21:18:48,2026-03-12 22:15:29,0,5,0.0,0.0447,0.3219,0.0,False
1127,2026-03-12 22:33:44,2026-03-12 23:00:40,0,5,0.0,0.0447,0.3219,0.0,False
1128,2026-03-12 23:14:51,2026-03-12 23:42:22,0,5,0.0,0.0447,0.3219,0.0,False
1129,2026-03-12 23:51:12,2026-03-13 00:20:17,0,5,0.0,0.0447,0.3219,0.0,False
1130,2026-03-13 00:38:13,2026-03-13 01:14:10,0,5,0.0,0.0447,0.3219,0.0,False
1131,2026-03-13 01:33:19,2026-03-13 01:52:04,0,5,0.0,0.0447,0.3219,0.0,False
1132,2026-03-13 01:57:23,2026-03-13 02:58:32,0,5,0.0,0.0447,0.3219,0.0,False
1133,2026-03-13 03:04:06,2026-03-13 03:15:22,1,5,0.2,0.0447,0.3219,0.0,False
1134,2026-03-13 03:28:11,2026-03-13 04:05:13,1,5,0.2,0.0447,0.3219,0.0,False
1135,2026-03-13 04:19:36,2026-03-13 05:16:17,1,5,0.2,0.0447,0.3219,0.0,False
1136,2026-03-13 05:20:09,2026-03-13 05:39:37,0,5,0.0,0.0447,0.3219,0.0,False
1137,2026-03-13 05:44:43,2026-03-13 06:24:47,1,5,0.2,0.0447,0.3219,0.0,False
1138,2026-03-13 06:27:09,2026-03-13 06:44:05,0,5,0.0,0.0447,0.3219,0.0,False
1139,2026-03-13 07:07:10,2026-03-13 07:31:41,0,5,0.0,0.0447,0.3219,0.0,False
1140,2026-03-13 07:44:20,2026-03-13 08:48:00,0,5,0.0,0.0447,0.3219,0.0,False
1141,2026-03-13 08:50:32,2026-03-13 09:29:41,0,5,0.0,0.0447,0.3219,0.0,False
1142,2026-03-13 09:32:07,2026-03-13 10:05:07,0,5,0.0,0.0447,0.3219,0.0,False
1143,2026-03-13 10:12:14,2026-03-13 10:36:41,0,5,0.0,0.0447,0.3219,0.0,False
1144,2026-03-13 10:55:14,2026-03-13 11:52:50,0,5,0.0,0.0447,0.3219,0.0,False
1145,2026-03-13 11:55:33,2026-03-13 12:12:45,0,5,0.0,0.0447,0.3219,0.0,False
1146,2026-03-13 12:30:14,2026-03-13 13:45:28,0,5,0.0,0.0447,0.3219,0.0,False
1147,2026-03-13 13:52:04,2026-03-13 14:26:52,1,5,0.2,0.0447,0.3219,0.0,False
1148,2026-03-13 14:38:40,2026-03-13 15:17:47,1,5,0.2,0.0447,0.3219,0.0,False
1149,2026-03-13 15:38:02,2026-03-13 16:20:11,0,5,0.0,0.0447,0.3219,0.0,False
1150,2026-03-13 16:36:47,2026-03-13 17:03:04,0,5,0.0,0.0447,0.3219,0.0,False
1151,2026-03-13 17:10:25,2026-03-13 17:48:35,0,5,0.0,0.0447,0.3219,0.0,False
1152,2026-03-13 17:58:32,2026-03-13 19:09:57,0,5,0.0,0.0447,0.3219,0.0,False
1153,2026-03-13 19:15:37,2026-03-13 19:49:02,0,5,0.0,0.0447,0.3219,0.0,False
1154,2026-03-13 20:09:01,2026-03-13 20:36:21,0,5,0.0,0.0447,0.3219,0.0,False
1155,2026-03-13 20:39:41,2026-03-13 21:19:20,0,5,0.0,0.0447,0.3219,0.0,False
1156,2026-03-13 21:32:07,2026-03-13 23:05:30,0,5,0.0,0.0447,0.3219,0.0,False
1157,2026-03-13 23:12:45,2026-03-13 23:57:47,0,5,0.0,0.0447,0.3219,0.0,False
1158,2026-03-14 00:00:07,2026-03-14 00:27:35,0,5,0.0,0.0447,0.3219,0.0,False
1159,2026-03-14 00:32:53,2026-03-14 01:39:46,1,5,0.2,0.0447,0.3219,0.0,False
1160,2026-03-14 01:48:45,2026-03-14 02:02:58,0,5,0.0,0.0447,0.3219,0.0,False
1161,2026-03-14 02:18:56,2026-03-14 03:42:19,0,5,0.0,0.0447,0.3219,0.0,False
1162,2026-03-14 04:19:16,2026-03-14 04:39:40,0,5,0.0,0.0447,0.3219,0.0,False
1163,2026-03-14 04:42:55,2026-03-14 05:32:50,0,5,0.0,0.0447,0.3219,0.0,False
1164,2026-03-14 05:42:17,2026-03-14 06:24:35,0,5,0.0,0.0447,0.3219,0.0,False
1165,2026-03-14 06:44:15,2026-03-14 07:36:23,0,5,0.0,0.0447,0.3219,0.0,False
1166,2026-03-14 07:44:19,2026-03-14 08:19:43,0,5,0.0,0.0447,0.3219,0.0,False
1167,2026-03-14 08:20:23,2026-03-14 09:10:37,0,5,0.0,0.0447,0.3219,0.0,False
1168,2026-03-14 09:11:53,2026-03-14 09:39:34,0,5,0.0,0.0447,0.3219,0.0,False
1169,2026-03-14 10:03:32,2026-03-14 10:18:17,0,5,0.0,0.0447,0.3219,0.0,False
1170,2026-03-14 10:31:26,2026-03-14 11:19:07,0,5,0.0,0.0447,0.3219,0.0,False
1171,2026-03-14 11:27:09,2026-03-14 13:01:01,0,5,0.0,0.0447,0.3219,0.0,False
1172,2026-03-14 13:02:34,2026-03-14 13:43:06,0,5,0.0,0.0447,0.3219,0.0,False
1173,2026-03-14 13:45:16,2026-03-14 14:08:43,0,5,0.0,0.0447,0.3219,0.0,False
1174,2026-03-14 14:09:21,2026-03-14 14:43:42,0,5,0.0,0.0447,0.3219,0.0,False
1175,2026-03-14 14:47:13,2026-03-14 15:56:38,0,5,0.0,0.0447,0.3219,0.0,False
1176,2026-03-14 16:07:50,2026-03-14 17:03:54,0,5,0.0,0.0447,0.3219,0.0,False
1177,2026-03-14 17:17:54,2026-03-14 18:58:31,0,5,0.0,0.0447,0.3219,0.0,False
1178,2026-03-14 19:15:14,2026-03-14 19:47:35,0,5,0.0,0.0447,0.3219,0.0,False
1179,2026-03-14 19:55:18,2026-03-14 20:22:05,0,5,0.0,0.0447,0.3219,0.0,False
1180,2026-03-14 20:29:24,2026-03-14 20:39:26,0,5,0.0,0.0447,0.3219,0.0,False
1181,2026-03-14 20:45:49,2026-03-14 21:35:31,0,5,0.0,0.0447,0.3219,0.0,False
1182,2026-03-14 21:57:23,2026-03-14 22:26:56,1,5,0.2,0.0447,0.3219,0.0,False
1183,2026-03-14 22:32:08,2026-03-14 22:49:09,0,5,0.0,0.0447,0.3219,0.0,False
1184,2026-03-14 23:03:00,2026-03-14 23:26:52,0,5,0.0,0.0447,0.3219,0.0,False
1185,2026-03-14 23:27:12,2026-03-15 00:08:03,0,5,0.0,0.0447,0.3219,0.0,False
1186,2026-03-15 00:23:42,2026-03-15 01:21:32,1,5,0.2,0.0447,0.3219,0.0,False
1187,2026-03-15 01:56:21,2026-03-15 02:32:18,0,5,0.0,0.0447,0.3219,0.0,False
1188,2026-03-15 02:39:03,2026-03-15 03:41:30,0,5,0.0,0.0447,0.3219,0.0,False
1189,2026-03-15 04:21:21,2026-03-15 04:48:51,0,5,0.0,0.0447,0.3219,0.0,False
1190,2026-03-15 04:53:27,2026-03-15 05:12:36,0,5,0.0,0.0447,0.3219,0.0,False
1191,2026-03-15 06:03:46,2026-03-15 07:01:29,1,5,0.2,0.0447,0.3219,0.0,False
1192,2026-03-15 07:20:54,2026-03-15 08:02:09,0,5,0.0,0.0447,0.3219,0.0,False
1193,2026-03-15 08:17:38,2026-03-15 08:51:26,0,5,0.0,0.0447,0.3219,0.0,False
1194,2026-03-15 09:44:01,2026-03-15 11:24:24,0,5,0.0,0.0447,0.3219,0.0,False
1195,2026-03-15 11:29:39,2026-03-15 11:56:36,0,5,0.0,0.0447,0.3219,0.0,False
1196,2026-03-15 12:24:48,2026-03-15 12:47:16,0,5,0.0,0.0447,0.3219,0.0,False
1197,2026-03-15 12:52:29,2026-03-15 13:12:18,0,5,0.0,0.0447,0.3219,0.0,False
1198,2026-03-15 13:21:17,2026-03-15 14:19:25,0,5,0.0,0.0447,0.3219,0.0,False
1199,2026-03-15 14:27:54,2026-03-15 15:26:05,0,5,0.0,0.0447,0.3219,0.0,False
1200,2026-03-15 15:30:12,2026-03-15 16:10:45,0,5,0.0,0.0447,0.3219,0.0,False
1201,2026-03-15 16:23:01,2026-03-15 17:10:02,0,5,0.0,0.0447,0.3219,0.0,False
1202,2026-03-15 17:39:20,2026-03-15 17:53:39,0,5,0.0,0.0447,0.3219,0.0,False
1203,2026-03-15 17:59:41,2026-03-15 18:36:13,0,5,0.0,0.0447,0.3219,0.0,False
1204,2026-03-15 18:36:31,2026-03-15 19:17:29,1,5,0.2,0.0447,0.3219,0.0,False
1205,2026-03-15 19:19:23,2026-03-15 20:03:30,0,5,0.0,0.0447,0.3219,0.0,False
1206,2026-03-15 20:10:24,2026-03-15 20:21:11,0,5,0.0,0.0447,0.3219,0.0,False
1207,2026-03-15 20:23:17,2026-03-15 20:39:56,0,5,0.0,0.0447,0.3219,0.0,False
1208,2026-03-15 20:39:57,2026-03-15 21:43:54,0,5,0.0,0.0447,0.3219,0.0,False
1209,2026-03-15 21:43:59,2026-03-15 21:53:42,0,5,0.0,0.0447,0.3219,0.0,False
1210,2026-03-15 22:00:05,2026-03-15 22:47:49,1,5,0.2,0.0447,0.3219,0.0,False
1211,2026-03-15 22:53:12,2026-03-15 23:54:47,1,5,0.2,0.0447,0.3219,0.0,False
1212,2026-03-16 00:05:38,2026-03-16 00:22:52,0,5,0.0,0.0447,0.3219,0.0,False
1213,2026-03-16 00:27:24,2026-03-16 02:03:51,0,5,0.0,0.0447,0.3219,0.0,False
1214,2026-03-16 02:07:32,2026-03-16 03:04:45,0,5,0.0,0.0447,0.3219,0.0,False
1215,2026-03-16 03:20:22,2026-03-16 03:49:05,0,5,0.0,0.0447,0.3219,0.0,False
1216,2026-03-16 03:49:06,2026-03-16 04:15:21,0,5,0.0,0.0447,0.3219,0.0,False
1217,2026-03-16 04:22:35,2026-03-16 05:01:41,0,5,0.0,0.0447,0.3219,0.0,False
1218,2026-03-16 05:08:58,2026-03-16 06:09:03,0,5,0.0,0.0447,0.3219,0.0,False
1219,2026-03-16 06:13:38,2026-03-16 06:41:24,1,5,0.2,0.0447,0.3219,0.0,False
1220,2026-03-16 06:49:31,2026-03-16 06:59:33,0,5,0.0,0.0447,0.3219,0.0,False
1221,2026-03-16 07:01:10,2026-03-16 07:58:42,1,5,0.2,0.0447,0.3219,0.0,False
1222,2026-03-16 08:13:22,2026-03-16 08:45:17,0,5,0.0,0.0447,0.3219,0.0,False
1223,2026-03-16 08:45:55,2026-03-16 09:04:58,0,5,0.0,0.0447,0.3219,0.0,False
1224,2026-03-16 09:13:22,2026-03-16 09:27:42,0,5,0.0,0.0447,0.3219,0.0,False
1225,2026-03-16 09:43:45,2026-03-16 10:51:01,0,5,0.0,0.0447,0.3219,0.0,False
1226,2026-03-16 10:54:44,2026-03-16 11:30:24,1,5,0.2,0.0447,0.3219,0.0,False
1227,2026-03-16 11:33:00,2026-03-16 12:20:38,0,5,0.0,0.0447,0.3219,0.0,False
1228,2026-03-16 12:47:50,2026-03-16 13:07:29,0,5,0.0,0.0447,0.3219,0.0,False
1229,2026-03-16 13:12:08,2026-03-16 13:47:24,0,5,0.0,0.0447,0.3219,0.0,False
1230,2026-03-16 14:13:28,2026-03-16 14:24:10,0,5,0.0,0.0447,0.3219,0.0,False
1231,2026-03-16 14:48:56,2026-03-16 15:08:33,0,5,0.0,0.0447,0.3219,0.0,False
1232,2026-03-16 15:13:51,2026-03-16 16:11:01,1,5,0.2,0.0447,0.3219,0.0,False
1233,2026-03-16 16:14:43,2026-03-16 17:31:46,0,5,0.0,0.0447,0.3219,0.0,False
1234,2026-03-16 17:45:35,2026-03-16 18:44:59,0,5,0.0,0.0447,0.3219,0.0,False
1235,2026-03-16 19:03:51,2026-03-16 19:28:37,0,5,0.0,0.0447,0.3219,0.0,False
1236,2026-03-16 19:36:56,2026-03-16 20:28:55,1,5,0.2,0.0447,0.3219,0.0,False
1237,2026-03-16 20:33:28,2026-03-16 21:31:31,0,5,0.0,0.0447,0.3219,0.0,False
1238,2026-03-16 21:38:30,2026-03-16 21:55:41,1,5,0.2,0.0447,0.3219,0.0,False
1239,2026-03-16 22:24:05,2026-03-16 22:44:35,0,5,0.0,0.0447,0.3219,0.0,False
1240,2026-03-16 22:52:27,2026-03-16 23:29:31,0,5,0.0,0.0447,0.3219,0.0,False
1241,2026-03-16 23:33:25,2026-03-17 00:05:52,0,5,0.0,0.0447,0.3219,0.0,False
1242,2026-03-17 00:45:26,2026-03-17 00:51:51,1,5,0.2,0.0447,0.3219,0.0,False
1243,2026-03-17 00:58:11,2026-03-17 01:43:46,0,5,0.0,0.0447,0.3219,0.0,False
1244,2026-03-17 01:45:05,2026-03-17 02:18:11,1,5,0.2,0.0447,0.3219,0.0,False
1245,2026-03-17 02:18:12,2026-03-17 02:43:26,0,5,0.0,0.0447,0.3219,0.0,False
1246,2026-03-17 02:55:44,2026-03-17 03:18:42,1,5,0.2,0.0447,0.3219,0.0,False
1247,2026-03-17 03:26:59,2026-03-17 04:02:09,0,5,0.0,0.0447,0.3219,0.0,False
1248,2026-03-17 04:09:14,2026-03-17 05:04:19,0,5,0.0,0.0447,0.3219,0.0,False
1249,2026-03-17 05:06:20,2026-03-17 05:14:17,1,5,0.2,0.0447,0.3219,0.0,False
1250,2026-03-17 05:20:48,2026-03-17 05:51:16,0,5,0.0,0.0447,0.3219,0.0,False
1251,2026-03-17 05:51:53,2026-03-17 06:21:11,0,5,0.0,0.0447,0.3219,0.0,False
1252,2026-03-17 06:22:59,2026-03-17 07:24:04,0,5,0.0,0.0447,0.3219,0.0,False
1253,2026-03-17 07:40:13,2026-03-17 08:32:28,0,5,0.0,0.0447,0.3219,0.0,False
1254,2026-03-17 08:40:00,2026-03-17 09:12:07,0,5,0.0,0.0447,0.3219,0.0,False
1255,2026-03-17 09:19:37,2026-03-17 09:46:06,0,5,0.0,0.0447,0.3219,0.0,False
1256,2026-03-17 09:54:31,2026-03-17 10:25:47,0,5,0.0,0.0447,0.3219,0.0,False
1257,2026-03-17 10:40:00,2026-03-17 11:58:38,0,5,0.0,0.0447,0.3219,0.0,False
1258,2026-03-17 12:08:45,2026-03-17 12:45:54,0,5,0.0,0.0447,0.3219,0.0,False
1259,2026-03-17 13:49:10,2026-03-17 14:34:51,0,5,0.0,0.0447,0.3219,0.0,False
1260,2026-03-17 14:38:43,2026-03-17 15:28:13,0,5,0.0,0.0447,0.3219,0.0,False
1261,2026-03-17 15:28:48,2026-03-17 16:06:00,0,5,0.0,0.0447,0.3219,0.0,False
1262,2026-03-17 16:23:25,2026-03-17 16:40:29,0,5,0.0,0.0447,0.3219,0.0,False
1263,2026-03-17 17:03:19,2026-03-17 18:00:19,0,5,0.0,0.0447,0.3219,0.0,False
1264,2026-03-17 18:05:43,2026-03-17 18:46:29,1,5,0.2,0.0447,0.3219,0.0,False
1265,2026-03-17 19:00:59,2026-03-17 19:42:32,0,5,0.0,0.0447,0.3219,0.0,False
1266,2026-03-17 19:43:56,2026-03-17 20:14:56,0,5,0.0,0.0447,0.3219,0.0,False
1267,2026-03-17 20:24:28,2026-03-17 21:11:08,0,5,0.0,0.0447,0.3219,0.0,False
1268,2026-03-17 21:15:45,2026-03-17 21:42:06,0,5,0.0,0.0447,0.3219,0.0,False
1269,2026-03-17 22:00:33,2026-03-17 23:52:30,0,5,0.0,0.0447,0.3219,0.0,False
1270,2026-03-18 00:37:22,2026-03-18 01:06:28,0,5,0.0,0.0447,0.3219,0.0,False
1271,2026-03-18 01:24:44,2026-03-18 02:06:03,0,5,0.0,0.0447,0.3219,0.0,False
1272,2026-03-18 02:11:23,2026-03-18 02:44:24,0,5,0.0,0.0447,0.3219,0.0,False
1273,2026-03-18 02:48:06,2026-03-18 03:14:08,0,5,0.0,0.0447,0.3219,0.0,False
1274,2026-03-18 03:17:15,2026-03-18 03:36:43,0,5,0.0,0.0447,0.3219,0.0,False
1275,2026-03-18 03:50:22,2026-03-18 05:10:27,0,5,0.0,0.0447,0.3219,0.0,False
1276,2026-03-18 05:39:41,2026-03-18 06:14:23,0,5,0.0,0.0447,0.3219,0.0,False
1277,2026-03-18 06:15:29,2026-03-18 06:38:59,0,5,0.0,0.0447,0.3219,0.0,False
1278,2026-03-18 06:39:36,2026-03-18 07:21:08,0,5,0.0,0.0447,0.3219,0.0,False
1279,2026-03-18 07:28:38,2026-03-18 08:18:12,0,5,0.0,0.0447,0.3219,0.0,False
1280,2026-03-18 08:28:04,2026-03-18 08:39:39,0,5,0.0,0.0447,0.3219,0.0,False
1281,2026-03-18 08:53:46,2026-03-18 09:27:49,0,5,0.0,0.0447,0.3219,0.0,False
1282,2026-03-18 09:30:53,2026-03-18 09:54:32,0,5,0.0,0.0447,0.3219,0.0,False
1283,2026-03-18 09:54:43,2026-03-18 11:02:06,0,5,0.0,0.0447,0.3219,0.0,False
1284,2026-03-18 11:15:38,2026-03-18 11:36:09,0,5,0.0,0.0447,0.3219,0.0,False
1285,2026-03-18 11:39:55,2026-03-18 12:35:47,0,5,0.0,0.0447,0.3219,0.0,False
1286,2026-03-18 12:39:19,2026-03-18 13:29:12,0,5,0.0,0.0447,0.3219,0.0,False
1287,2026-03-18 13:50:48,2026-03-18 14:55:41,0,5,0.0,0.0447,0.3219,0.0,False
1288,2026-03-18 15:09:51,2026-03-18 15:36:32,0,5,0.0,0.0447,0.3219,0.0,False
1289,2026-03-18 15:40:35,2026-03-18 16:14:40,0,5,0.0,0.0447,0.3219,0.0,False
1290,2026-03-18 16:19:53,2026-03-18 16:33:22,0,5,0.0,0.0447,0.3219,0.0,False
1291,2026-03-18 16:59:51,2026-03-18 17:27:48,0,5,0.0,0.0447,0.3219,0.0,False
1292,2026-03-18 17:48:17,2026-03-18 18:17:49,0,5,0.0,0.0447,0.3219,0.0,False
1293,2026-03-18 18:30:47,2026-03-18 19:58:17,1,5,0.2,0.0447,0.3219,0.0,False
1294,2026-03-18 20:01:06,2026-03-18 20:18:25,0,5,0.0,0.0447,0.3219,0.0,False
1295,2026-03-18 20:28:59,2026-03-18 20:50:18,0,5,0.0,0.0447,0.3219,0.0,False
1296,2026-03-18 20:50:28,2026-03-18 21:52:08,1,5,0.2,0.0447,0.3219,0.0,False
1297,2026-03-18 22:09:41,2026-03-18 22:17:23,0,5,0.0,0.0447,0.3219,0.0,False
1298,2026-03-18 22:29:46,2026-03-18 23:12:51,0,5,0.0,0.0447,0.3219,0.0,False
1299,2026-03-18 23:23:35,2026-03-19 00:14:04,0,5,0.0,0.0447,0.3219,0.0,False
1300,2026-03-19 00:31:11,2026-03-19 01:12:45,2,5,0.4,0.0447,0.3219,0.0,True
1301,2026-03-19 01:35:15,2026-03-19 02:22:34,0,5,0.0,0.0447,0.3219,0.0,False
1302,2026-03-19 02:38:11,2026-03-19 03:12:37,0,5,0.0,0.0447,0.3219,0.0,False
1303,2026-03-19 03:14:21,2026-03-19 03:40:44,0,5,0.0,0.0447,0.3219,0.0,False
1304,2026-03-19 03:41:04,2026-03-19 04:10:13,0,5,0.0,0.0447,0.3219,0.0,False
1305,2026-03-19 04:11:27,2026-03-19 05:13:58,0,5,0.0,0.0447,0.3219,0.0,False
1306,2026-03-19 05:16:23,2026-03-19 06:08:38,0,5,0.0,0.0447,0.3219,0.0,False
1307,2026-03-19 06:14:05,2026-03-19 06:57:05,0,5,0.0,0.0447,0.3219,0.0,False
1308,2026-03-19 07:05:24,2026-03-19 07:30:15,0,5,0.0,0.0447,0.3219,0.0,False
1309,2026-03-19 07:32:52,2026-03-19 08:04:37,0,5,0.0,0.0447,0.3219,0.0,False
1310,2026-03-19 08:06:03,2026-03-19 08:54:26,0,5,0.0,0.0447,0.3219,0.0,False
1311,2026-03-19 08:55:17,2026-03-19 09:46:45,0,5,0.0,0.0447,0.3219,0.0,False
1312,2026-03-19 10:07:22,2026-03-19 10:56:41,2,5,0.4,0.0447,0.3219,0.0,True
1313,2026-03-19 11:05:21,2026-03-19 11:48:49,1,5,0.2,0.0447,0.3219,0.0,False
1314,2026-03-19 11:51:40,2026-03-19 12:25:12,1,5,0.2,0.0447,0.3219,0.0,False
1315,2026-03-19 13:01:17,2026-03-19 13:25:52,0,5,0.0,0.0447,0.3219,0.0,False
1316,2026-03-19 13:33:29,2026-03-19 14:09:24,2,5,0.4,0.0447,0.3219,0.0,True
1317,2026-03-19 14:11:58,2026-03-19 14:50:00,0,5,0.0,0.0447,0.3219,0.0,False
1318,2026-03-19 14:51:21,2026-03-19 15:06:52,0,5,0.0,0.0447,0.3219,0.0,False
1319,2026-03-19 15:24:07,2026-03-19 16:14:19,0,5,0.0,0.0447,0.3219,0.0,False
1320,2026-03-19 16:19:24,2026-03-19 17:04:51,1,5,0.2,0.0447,0.3219,0.0,False
1321,2026-03-19 17:22:33,2026-03-19 18:16:27,1,5,0.2,0.0447,0.3219,0.0,False
1322,2026-03-19 18:23:58,2026-03-19 19:21:29,0,5,0.0,0.0447,0.3219,0.0,False
1323,2026-03-19 19:29:54,2026-03-19 20:27:34,0,5,0.0,0.0447,0.3219,0.0,False
1324,2026-03-19 20:37:20,2026-03-19 20:59:35,0,5,0.0,0.0447,0.3219,0.0,False
1325,2026-03-19 21:05:09,2026-03-19 22:10:57,1,5,0.2,0.0447,0.3219,0.0,False
1326,2026-03-19 22:14:32,2026-03-19 23:04:57,0,5,0.0,0.0447,0.3219,0.0,False
1327,2026-03-19 23:29:40,2026-03-20 00:51:37,1,5,0.2,0.0447,0.3219,0.0,False
1328,2026-03-20 00:53:47,2026-03-20 01:42:37,0,5,0.0,0.0447,0.3219,0.0,False
1329,2026-03-20 01:44:33,2026-03-20 02:05:26,2,5,0.4,0.0447,0.3219,0.0,True
1330,2026-03-20 02:13:13,2026-03-20 02:33:54,0,5,0.0,0.0447,0.3219,0.0,False
1331,2026-03-20 02:47:06,2026-03-20 04:01:12,0,5,0.0,0.0447,0.3219,0.0,False
1332,2026-03-20 04:09:11,2026-03-20 04:37:33,0,5,0.0,0.0447,0.3219,0.0,False
1333,2026-03-20 04:46:29,2026-03-20 06:00:55,0,5,0.0,0.0447,0.3219,0.0,False
1334,2026-03-20 06:21:26,2026-03-20 06:56:15,1,5,0.2,0.0447,0.3219,0.0,False
1335,2026-03-20 07:06:39,2026-03-20 07:23:54,0,5,0.0,0.0447,0.3219,0.0,False
1336,2026-03-20 07:35:32,2026-03-20 07:59:20,0,5,0.0,0.0447,0.3219,0.0,False
1337,2026-03-20 08:16:31,2026-03-20 08:34:42,0,5,0.0,0.0447,0.3219,0.0,False
1338,2026-03-20 08:39:57,2026-03-20 09:44:13,0,5,0.0,0.0447,0.3219,0.0,False
1339,2026-03-20 10:06:30,2026-03-20 11:58:29,1,5,0.2,0.0447,0.3219,0.0,False
1340,2026-03-20 12:07:04,2026-03-20 12:24:32,0,5,0.0,0.0447,0.3219,0.0,False
1341,2026-03-20 12:38:23,2026-03-20 12:56:30,1,5,0.2,0.0447,0.3219,0.0,False
1342,2026-03-20 13:05:27,2026-03-20 13:25:33,0,5,0.0,0.0447,0.3219,0.0,False
1343,2026-03-20 13:43:02,2026-03-20 14:36:40,0,5,0.0,0.0447,0.3219,0.0,False
1344,2026-03-20 15:02:22,2026-03-20 16:12:45,0,5,0.0,0.0447,0.3219,0.0,False
1345,2026-03-20 16:31:16,2026-03-20 17:01:34,0,5,0.0,0.0447,0.3219,0.0,False
1346,2026-03-20 17:12:00,2026-03-20 17:40:52,0,5,0.0,0.0447,0.3219,0.0,False
1347,2026-03-20 18:01:59,2026-03-20 18:29:46,0,5,0.0,0.0447,0.3219,0.0,False
1348,2026-03-20 18:52:22,2026-03-20 19:40:32,0,5,0.0,0.0447,0.3219,0.0,False
1349,2026-03-20 19:56:59,2026-03-20 20:41:50,0,5,0.0,0.0447,0.3219,0.0,False
1350,2026-03-20 20:49:55,2026-03-20 21:03:09,0,5,0.0,0.0447,0.3219,0.0,False
1351,2026-03-20 21:08:50,2026-03-20 22:11:54,0,5,0.0,0.0447,0.3219,0.0,False
1352,2026-03-20 22:20:02,2026-03-20 22:33:18,0,5,0.0,0.0447,0.3219,0.0,False
1353,2026-03-20 22:35:07,2026-03-20 22:47:13,0,5,0.0,0.0447,0.3219,0.0,False
1354,2026-03-20 22:51:11,2026-03-20 23:23:47,1,5,0.2,0.0447,0.3219,0.0,False
1355,2026-03-20 23:27:13,2026-03-21 00:25:29,0,5,0.0,0.0447,0.3219,0.0,False
1356,2026-03-21 00:28:13,2026-03-21 01:16:48,1,5,0.2,0.0447,0.3219,0.0,False
1357,2026-03-21 02:02:24,2026-03-21 02:12:21,0,5,0.0,0.0447,0.3219,0.0,False
1358,2026-03-21 02:14:12,2026-03-21 02:51:26,0,5,0.0,0.0447,0.3219,0.0,False
1359,2026-03-21 02:55:14,2026-03-21 03:38:29,0,5,0.0,0.0447,0.3219,0.0,False
1360,2026-03-21 03:42:19,2026-03-21 04:49:24,0,5,0.0,0.0447,0.3219,0.0,False
1361,2026-03-21 04:54:31,2026-03-21 05:41:57,1,5,0.2,0.0447,0.3219,0.0,False
1362,2026-03-21 05:43:02,2026-03-21 06:26:33,1,5,0.2,0.0447,0.3219,0.0,False
1363,2026-03-21 06:40:59,2026-03-21 07:52:09,0,5,0.0,0.0447,0.3219,0.0,False
1364,2026-03-21 07:52:39,2026-03-21 08:04:43,0,5,0.0,0.0447,0.3219,0.0,False
1365,2026-03-21 08:29:13,2026-03-21 09:02:41,0,5,0.0,0.0447,0.3219,0.0,False
1366,2026-03-21 09:20:40,2026-03-21 09:52:09,0,5,0.0,0.0447,0.3219,0.0,False
1367,2026-03-21 10:00:56,2026-03-21 10:09:55,1,5,0.2,0.0447,0.3219,0.0,False
1368,2026-03-21 10:13:24,2026-03-21 10:34:45,1,5,0.2,0.0447,0.3219,0.0,False
1369,2026-03-21 10:39:39,2026-03-21 11:31:16,0,5,0.0,0.0447,0.3219,0.0,False
1370,2026-03-21 11:37:22,2026-03-21 13:15:33,1,5,0.2,0.0447,0.3219,0.0,False
1371,2026-03-21 13:43:47,2026-03-21 14:02:59,0,5,0.0,0.0447,0.3219,0.0,False
1372,2026-03-21 14:53:05,2026-03-21 15:52:13,0,5,0.0,0.0447,0.3219,0.0,False
1373,2026-03-21 15:55:50,2026-03-21 16:44:21,0,5,0.0,0.0447,0.3219,0.0,False
1374,2026-03-21 16:56:51,2026-03-21 17:11:34,0,5,0.0,0.0447,0.3219,0.0,False
1375,2026-03-21 17:25:28,2026-03-21 17:56:07,0,5,0.0,0.0447,0.3219,0.0,False
1376,2026-03-21 18:04:56,2026-03-21 18:39:07,0,5,0.0,0.0447,0.3219,0.0,False
1377,2026-03-21 18:52:27,2026-03-21 20:03:57,0,5,0.0,0.0447,0.3219,0.0,False
1378,2026-03-21 20:09:41,2026-03-21 21:03:45,0,5,0.0,0.0447,0.3219,0.0,False
1379,2026-03-21 21:12:26,2026-03-21 22:44:58,0,5,0.0,0.0447,0.3219,0.0,False
1380,2026-03-21 22:52:39,2026-03-21 23:15:26,1,5,0.2,0.0447,0.3219,0.0,False
1381,2026-03-21 23:18:03,2026-03-21 23:36:04,0,5,0.0,0.0447,0.3219,0.0,False
1382,2026-03-21 23:37:18,2026-03-22 00:01:51,0,5,0.0,0.0447,0.3219,0.0,False
1383,2026-03-22 00:30:04,2026-03-22 00:57:49,0,5,0.0,0.0447,0.3219,0.0,False
1384,2026-03-22 00:58:35,2026-03-22 01:16:58,0,5,0.0,0.0447,0.3219,0.0,False
1385,2026-03-22 01:38:33,2026-03-22 02:15:28,0,5,0.0,0.0447,0.3219,0.0,False
1386,2026-03-22 02:19:16,2026-03-22 02:58:58,0,5,0.0,0.0447,0.3219,0.0,False
1387,2026-03-22 02:59:43,2026-03-22 03:30:43,0,5,0.0,0.0447,0.3219,0.0,False
1388,2026-03-22 03:40:35,2026-03-22 04:07:21,1,5,0.2,0.0447,0.3219,0.0,False
1389,2026-03-22 04:14:52,2026-03-22 04:42:32,0,5,0.0,0.0447,0.3219,0.0,False
1390,2026-03-22 04:49:43,2026-03-22 05:45:03,1,5,0.2,0.0447,0.3219,0.0,False
1391,2026-03-22 05:55:22,2026-03-22 06:22:06,2,5,0.4,0.0447,0.3219,0.0,True
1392,2026-03-22 06:22:37,2026-03-22 06:37:30,0,5,0.0,0.0447,0.3219,0.0,False
1393,2026-03-22 06:57:03,2026-03-22 08:54:00,0,5,0.0,0.0447,0.3219,0.0,False
1394,2026-03-22 08:59:54,2026-03-22 09:41:44,0,5,0.0,0.0447,0.3219,0.0,False
1395,2026-03-22 09:43:13,2026-03-22 09:58:40,0,5,0.0,0.0447,0.3219,0.0,False
1396,2026-03-22 10:03:23,2026-03-22 11:19:27,0,5,0.0,0.0447,0.3219,0.0,False
1397,2026-03-22 11:23:05,2026-03-22 12:53:29,1,5,0.2,0.0447,0.3219,0.0,False
1398,2026-03-22 12:54:13,2026-03-22 13:14:53,0,5,0.0,0.0447,0.3219,0.0,False
1399,2026-03-22 13:22:22,2026-03-22 13:59:31,0,5,0.0,0.0447,0.3219,0.0,False
1400,2026-03-22 14:00:06,2026-03-22 14:30:47,0,5,0.0,0.0447,0.3219,0.0,False
1401,2026-03-22 14:44:20,2026-03-22 15:05:01,0,5,0.0,0.0447,0.3219,0.0,False
1402,2026-03-22 15:33:57,2026-03-22 16:25:06,0,5,0.0,0.0447,0.3219,0.0,False
1403,2026-03-22 16:34:38,2026-03-22 17:15:12,0,5,0.0,0.0447,0.3219,0.0,False
1404,2026-03-22 17:26:57,2026-03-22 18:59:07,0,5,0.0,0.0447,0.3219,0.0,False
1405,2026-03-22 19:10:05,2026-03-22 19:59:07,0,5,0.0,0.0447,0.3219,0.0,False
1406,2026-03-22 20:15:30,2026-03-22 20:40:29,0,5,0.0,0.0447,0.3219,0.0,False
1407,2026-03-22 20:56:21,2026-03-22 21:30:44,1,5,0.2,0.0447,0.3219,0.0,False
1408,2026-03-22 21:36:05,2026-03-22 22:13:54,0,5,0.0,0.0447,0.3219,0.0,False
1409,2026-03-22 22:15:52,2026-03-22 22:33:35,0,5,0.0,0.0447,0.3219,0.0,False
1410,2026-03-22 22:49:47,2026-03-22 23:22:14,0,5,0.0,0.0447,0.3219,0.0,False
1411,2026-03-22 23:22:31,2026-03-22 23:40:26,0,5,0.0,0.0447,0.3219,0.0,False
1412,2026-03-22 23:44:16,2026-03-23 01:16:59,0,5,0.0,0.0447,0.3219,0.0,False
1413,2026-03-23 01:19:07,2026-03-23 02:20:12,1,5,0.2,0.0447,0.3219,0.0,False
1414,2026-03-23 02:44:14,2026-03-23 03:07:32,0,5,0.0,0.0447,0.3219,0.0,False
1415,2026-03-23 03:11:58,2026-03-23 03:58:51,1,5,0.2,0.0447,0.3219,0.0,False
1416,2026-03-23 04:09:35,2026-03-23 04:49:42,0,5,0.0,0.0447,0.3219,0.0,False
1417,2026-03-23 04:52:37,2026-03-23 05:25:18,0,5,0.0,0.0447,0.3219,0.0,False
1418,2026-03-23 05:40:23,2026-03-23 05:59:37,0,5,0.0,0.0447,0.3219,0.0,False
1419,2026-03-23 06:06:52,2026-03-23 06:35:31,1,5,0.2,0.0447,0.3219,0.0,False
1420,2026-03-23 06:38:28,2026-03-23 07:16:31,1,5,0.2,0.0447,0.3219,0.0,False
1421,2026-03-23 07:35:47,2026-03-23 07:45:09,0,5,0.0,0.0447,0.3219,0.0,False
1422,2026-03-23 07:55:39,2026-03-23 08:34:27,0,5,0.0,0.0447,0.3219,0.0,False
1423,2026-03-23 08:35:19,2026-03-23 09:22:19,0,5,0.0,0.0447,0.3219,0.0,False
1424,2026-03-23 09:44:07,2026-03-23 10:11:51,1,5,0.2,0.0447,0.3219,0.0,False
1425,2026-03-23 10:36:01,2026-03-23 11:18:29,1,5,0.2,0.0447,0.3219,0.0,False
1426,2026-03-23 11:20:08,2026-03-23 11:48:35,0,5,0.0,0.0447,0.3219,0.0,False
1427,2026-03-23 12:10:57,2026-03-23 12:22:55,0,5,0.0,0.0447,0.3219,0.0,False
1428,2026-03-23 12:44:49,2026-03-23 13:25:16,0,5,0.0,0.0447,0.3219,0.0,False
1429,2026-03-23 13:59:26,2026-03-23 14:25:22,0,5,0.0,0.0447,0.3219,0.0,False
1430,2026-03-23 14:43:45,2026-03-23 15:05:36,0,5,0.0,0.0447,0.3219,0.0,False
1431,2026-03-23 15:39:39,2026-03-23 16:18:32,0,5,0.0,0.0447,0.3219,0.0,False
1432,2026-03-23 16:35:46,2026-03-23 17:39:31,0,5,0.0,0.0447,0.3219,0.0,False
1433,2026-03-23 17:51:24,2026-03-23 18:08:59,1,5,0.2,0.0447,0.3219,0.0,False
1434,2026-03-23 18:20:24,2026-03-23 19:00:36,0,5,0.0,0.0447,0.3219,0.0,False
1435,2026-03-23 19:02:18,2026-03-23 19:25:40,0,5,0.0,0.0447,0.3219,0.0,False
1436,2026-03-23 19:46:53,2026-03-23 21:09:09,0,5,0.0,0.0447,0.3219,0.0,False
1437,2026-03-23 21:21:06,2026-03-23 21:41:44,0,5,0.0,0.0447,0.3219,0.0,False
1438,2026-03-23 21:58:42,2026-03-23 22:39:51,0,5,0.0,0.0447,0.3219,0.0,False
1439,2026-03-23 22:42:08,2026-03-23 22:59:40,0,5,0.0,0.0447,0.3219,0.0,False
1440,2026-03-23 23:07:16,2026-03-23 23:33:54,2,5,0.4,0.0447,0.3219,0.0,True
1441,2026-03-23 23:34:24,2026-03-23 23:55:05,0,5,0.0,0.0447,0.3219,0.0,False
1442,2026-03-24 00:02:40,2026-03-24 00:18:08,0,5,0.0,0.0447,0.3219,0.0,False
1443,2026-03-24 00:26:41,2026-03-24 01:02:16,0,5,0.0,0.0447,0.3219,0.0,False
1444,2026-03-24 01:42:24,2026-03-24 02:18:56,0,5,0.0,0.0447,0.3219,0.0,False
1445,2026-03-24 02:24:07,2026-03-24 03:02:28,1,5,0.2,0.0447,0.3219,0.0,False
1446,2026-03-24 03:06:50,2026-03-24 03:12:40,0,5,0.0,0.0447,0.3219,0.0,False
1447,2026-03-24 03:25:27,2026-03-24 03:54:06,0,5,0.0,0.0447,0.3219,0.0,False
1448,2026-03-24 04:03:35,2026-03-24 05:52:24,0,5,0.0,0.0447,0.3219,0.0,False
1449,2026-03-24 05:54:12,2026-03-24 06:50:58,1,5,0.2,0.0447,0.3219,0.0,False
1450,2026-03-24 06:52:50,2026-03-24 07:22:37,0,5,0.0,0.0447,0.3219,0.0,False
1451,2026-03-24 07:26:13,2026-03-24 08:10:26,0,5,0.0,0.0447,0.3219,0.0,False
1452,2026-03-24 08:11:32,2026-03-24 08:23:37,0,5,0.0,0.0447,0.3219,0.0,False
1453,2026-03-24 08:47:32,2026-03-24 09:52:22,0,5,0.0,0.0447,0.3219,0.0,False
1454,2026-03-24 10:05:35,2026-03-24 11:25:01,0,5,0.0,0.0447,0.3219,0.0,False
1455,2026-03-24 11:31:18,2026-03-24 12:56:26,0,5,0.0,0.0447,0.3219,0.0,False
1456,2026-03-24 13:01:02,2026-03-24 14:10:55,0,5,0.0,0.0447,0.3219,0.0,False
1457,2026-03-24 14:15:48,2026-03-24 14:56:56,0,5,0.0,0.0447,0.3219,0.0,False
1458,2026-03-24 14:57:30,2026-03-24 15:32:15,0,5,0.0,0.0447,0.3219,0.0,False
1459,2026-03-24 15:36:07,2026-03-24 16:15:26,0,5,0.0,0.0447,0.3219,0.0,False
1460,2026-03-24 16:27:30,2026-03-24 17:30:04,0,5,0.0,0.0447,0.3219,0.0,False
1461,2026-03-24 17:30:23,2026-03-24 18:01:41,0,5,0.0,0.0447,0.3219,0.0,False
1462,2026-03-24 18:03:30,2026-03-24 18:35:04,0,5,0.0,0.0447,0.3219,0.0,False
1463,2026-03-24 18:36:06,2026-03-24 19:05:22,0,5,0.0,0.0447,0.3219,0.0,False
1464,2026-03-24 19:05:57,2026-03-24 19:34:34,0,5,0.0,0.0447,0.3219,0.0,False
1465,2026-03-24 19:34:44,2026-03-24 20:02:57,0,5,0.0,0.0447,0.3219,0.0,False
1466,2026-03-24 20:06:11,2026-03-24 20:54:31,0,5,0.0,0.0447,0.3219,0.0,False
1467,2026-03-24 20:55:03,2026-03-24 22:07:28,1,5,0.2,0.0447,0.3219,0.0,False
1468,2026-03-24 22:14:32,2026-03-24 22:41:06,1,5,0.2,0.0447,0.3219,0.0,False
1469,2026-03-24 22:48:25,2026-03-24 23:31:13,2,5,0.4,0.0447,0.3219,0.0,True
1470,2026-03-24 23:44:34,2026-03-25 00:18:34,0,5,0.0,0.0447,0.3219,0.0,False
1471,2026-03-25 00:25:22,2026-03-25 01:04:18,0,5,0.0,0.0447,0.3219,0.0,False
1472,2026-03-25 01:16:23,2026-03-25 02:29:32,0,5,0.0,0.0447,0.3219,0.0,False
1473,2026-03-25 03:01:35,2026-03-25 03:59:57,0,5,0.0,0.0447,0.3219,0.0,False
1474,2026-03-25 04:00:38,2026-03-25 05:04:53,0,5,0.0,0.0447,0.3219,0.0,False
1475,2026-03-25 05:07:24,2026-03-25 05:39:54,1,5,0.2,0.0447,0.3219,0.0,False
1476,2026-03-25 05:41:53,2026-03-25 06:40:42,0,5,0.0,0.0447,0.3219,0.0,False
1477,2026-03-25 06:43:06,2026-03-25 07:25:02,0,5,0.0,0.0447,0.3219,0.0,False
1478,2026-03-25 07:31:14,2026-03-25 08:03:48,0,5,0.0,0.0447,0.3219,0.0,False
1479,2026-03-25 08:20:10,2026-03-25 08:40:19,0,5,0.0,0.0447,0.3219,0.0,False
1480,2026-03-25 08:49:35,2026-03-25 10:10:34,0,5,0.0,0.0447,0.3219,0.0,False
1481,2026-03-25 10:12:40,2026-03-25 10:48:16,0,5,0.0,0.0447,0.3219,0.0,False
1482,2026-03-25 10:54:44,2026-03-25 12:01:41,0,5,0.0,0.0447,0.3219,0.0,False
1483,2026-03-25 12:08:40,2026-03-25 12:34:28,1,5,0.2,0.0447,0.3219,0.0,False
1484,2026-03-25 12:37:09,2026-03-25 12:54:09,0,5,0.0,0.0447,0.3219,0.0,False
1485,2026-03-25 13:00:57,2026-03-25 13:33:54,0,5,0.0,0.0447,0.3219,0.0,False
1486,2026-03-25 13:47:09,2026-03-25 13:57:24,0,5,0.0,0.0447,0.3219,0.0,False
1487,2026-03-25 13:57:26,2026-03-25 14:47:38,0,5,0.0,0.0447,0.3219,0.0,False
1488,2026-03-25 15:07:18,2026-03-25 15:52:39,0,5,0.0,0.0447,0.3219,0.0,False
1489,2026-03-25 15:53:04,2026-03-25 16:30:34,0,5,0.0,0.0447,0.3219,0.0,False
1490,2026-03-25 16:39:21,2026-03-25 17:14:15,0,5,0.0,0.0447,0.3219,0.0,False
1491,2026-03-25 17:19:24,2026-03-25 17:28:32,0,5,0.0,0.0447,0.3219,0.0,False
1492,2026-03-25 17:44:50,2026-03-25 18:02:56,0,5,0.0,0.0447,0.3219,0.0,False
1493,2026-03-25 18:02:57,2026-03-25 19:13:29,0,5,0.0,0.0447,0.3219,0.0,False
1494,2026-03-25 19:39:37,2026-03-25 20:34:16,1,5,0.2,0.0447,0.3219,0.0,False
1495,2026-03-25 20:36:09,2026-03-25 21:29:54,0,5,0.0,0.0447,0.3219,0.0,False
1496,2026-03-25 21:33:41,2026-03-25 22:28:42,0,5,0.0,0.0447,0.3219,0.0,False
1497,2026-03-25 22:41:07,2026-03-25 23:10:47,0,5,0.0,0.0447,0.3219,0.0,False
1498,2026-03-25 23:14:41,2026-03-25 23:49:04,0,5,0.0,0.0447,0.3219,0.0,False
1499,2026-03-25 23:51:08,2026-03-26 00:09:19,1,5,0.2,0.0447,0.3219,0.0,False
1500,2026-03-26 00:16:02,2026-03-26 00:23:01,0,5,0.0,0.0447,0.3219,0.0,False
1501,2026-03-26 00:26:55,2026-03-26 00:40:37,0,5,0.0,0.0447,0.3219,0.0,False
1502,2026-03-26 01:06:51,2026-03-26 02:19:34,0,5,0.0,0.0447,0.3219,0.0,False
1503,2026-03-26 02:21:00,2026-03-26 03:30:26,0,5,0.0,0.0447,0.3219,0.0,False
1504,2026-03-26 03:57:45,2026-03-26 04:32:23,0,5,0.0,0.0447,0.3219,0.0,False
1505,2026-03-26 04:49:49,2026-03-26 05:18:16,0,5,0.0,0.0447,0.3219,0.0,False
1506,2026-03-26 05:43:06,2026-03-26 06:18:58,0,5,0.0,0.0447,0.3219,0.0,False
1507,2026-03-26 06:24:58,2026-03-26 06:46:52,0,5,0.0,0.0447,0.3219,0.0,False
1508,2026-03-26 07:17:15,2026-03-26 07:54:24,0,5,0.0,0.0447,0.3219,0.0,False
1509,2026-03-26 07:56:56,2026-03-26 08:30:19,1,5,0.2,0.0447,0.3219,0.0,False
1510,2026-03-26 08:42:55,2026-03-26 09:31:38,0,5,0.0,0.0447,0.3219,0.0,False
1511,2026-03-26 09:58:14,2026-03-26 10:45:58,1,5,0.2,0.0447,0.3219,0.0,False
1512,2026-03-26 10:46:24,2026-03-26 11:23:56,0,5,0.0,0.0447,0.3219,0.0,False
1513,2026-03-26 11:58:27,2026-03-26 12:22:45,0,5,0.0,0.0447,0.3219,0.0,False
1514,2026-03-26 12:26:33,2026-03-26 13:01:20,2,5,0.4,0.0447,0.3219,0.0,True
1515,2026-03-26 13:09:32,2026-03-26 14:07:14,0,5,0.0,0.0447,0.3219,0.0,False
1516,2026-03-26 14:10:05,2026-03-26 14:37:24,1,5,0.2,0.0447,0.3219,0.0,False
1517,2026-03-26 14:51:17,2026-03-26 15:13:55,0,5,0.0,0.0447,0.3219,0.0,False
1518,2026-03-26 15:22:42,2026-03-26 16:47:41,0,5,0.0,0.0447,0.3219,0.0,False
1519,2026-03-26 17:21:43,2026-03-26 17:51:57,0,5,0.0,0.0447,0.3219,0.0,False
1520,2026-03-26 17:57:52,2026-03-26 18:35:05,0,5,0.0,0.0447,0.3219,0.0,False
1521,2026-03-26 18:37:37,2026-03-26 19:39:49,0,5,0.0,0.0447,0.3219,0.0,False
1522,2026-03-26 19:46:08,2026-03-26 20:05:55,0,5,0.0,0.0447,0.3219,0.0,False
1523,2026-03-26 20:06:29,2026-03-26 20:54:34,0,5,0.0,0.0447,0.3219,0.0,False
1524,2026-03-26 20:59:39,2026-03-26 21:23:00,0,5,0.0,0.0447,0.3219,0.0,False
1525,2026-03-26 21:32:32,2026-03-26 22:17:23,0,5,0.0,0.0447,0.3219,0.0,False
1526,2026-03-26 22:35:57,2026-03-26 23:29:22,1,5,0.2,0.0447,0.3219,0.0,False
1527,2026-03-26 23:30:46,2026-03-27 00:16:51,0,5,0.0,0.0447,0.3219,0.0,False
1528,2026-03-27 00:20:50,2026-03-27 00:51:53,0,5,0.0,0.0447,0.3219,0.0,False
1529,2026-03-27 01:01:24,2026-03-27 02:08:44,0,5,0.0,0.0447,0.3219,0.0,False
1530,2026-03-27 02:34:41,2026-03-27 02:50:26,0,5,0.0,0.0447,0.3219,0.0,False
1531,2026-03-27 03:08:04,2026-03-27 03:58:41,0,5,0.0,0.0447,0.3219,0.0,False
1532,2026-03-27 03:58:43,2026-03-27 04:50:04,2,5,0.4,0.0447,0.3219,0.0,True
1533,2026-03-27 04:53:27,2026-03-27 05:33:17,0,5,0.0,0.0447,0.3219,0.0,False
1534,2026-03-27 05:39:43,2026-03-27 06:17:12,0,5,0.0,0.0447,0.3219,0.0,False
1535,2026-03-27 06:18:40,2026-03-27 06:49:41,0,5,0.0,0.0447,0.3219,0.0,False
1536,2026-03-27 06:53:25,2026-03-27 07:09:29,0,5,0.0,0.0447,0.3219,0.0,False
1537,2026-03-27 07:17:58,2026-03-27 07:56:06,0,5,0.0,0.0447,0.3219,0.0,False
1538,2026-03-27 08:17:21,2026-03-27 08:45:26,1,5,0.2,0.0447,0.3219,0.0,False
1539,2026-03-27 08:46:54,2026-03-27 10:07:22,0,5,0.0,0.0447,0.3219,0.0,False
1540,2026-03-27 10:13:54,2026-03-27 10:32:23,0,5,0.0,0.0447,0.3219,0.0,False
1541,2026-03-27 10:37:34,2026-03-27 11:44:53,0,5,0.0,0.0447,0.3219,0.0,False
1542,2026-03-27 11:58:53,2026-03-27 12:58:08,2,5,0.4,0.0447,0.3219,0.0,True
1543,2026-03-27 13:00:34,2026-03-27 13:58:41,0,5,0.0,0.0447,0.3219,0.0,False
1544,2026-03-27 14:11:44,2026-03-27 15:20:39,1,5,0.2,0.0447,0.3219,0.0,False
1545,2026-03-27 15:21:29,2026-03-27 16:56:37,0,5,0.0,0.0447,0.3219,0.0,False
1546,2026-03-27 17:09:36,2026-03-27 17:46:02,0,5,0.0,0.0447,0.3219,0.0,False
1547,2026-03-27 17:49:33,2026-03-27 18:40:04,1,5,0.2,0.0447,0.3219,0.0,False
1548,2026-03-27 18:45:12,2026-03-27 19:24:48,0,5,0.0,0.0447,0.3219,0.0,False
1549,2026-03-27 20:11:56,2026-03-27 20:24:20,1,5,0.2,0.0447,0.3219,0.0,False
1550,2026-03-27 20:35:28,2026-03-27 21:11:41,0,5,0.0,0.0447,0.3219,0.0,False
1551,2026-03-27 21:11:48,2026-03-27 21:52:09,0,5,0.0,0.0447,0.3219,0.0,False
1552,2026-03-27 21:55:35,2026-03-27 22:44:58,0,5,0.0,0.0447,0.3219,0.0,False
1553,2026-03-27 22:45:29,2026-03-27 23:09:44,0,5,0.0,0.0447,0.3219,0.0,False
1554,2026-03-27 23:14:31,2026-03-27 23:56:15,0,5,0.0,0.0447,0.3219,0.0,False
1555,2026-03-27 23:58:13,2026-03-28 00:25:31,0,5,0.0,0.0447,0.3219,0.0,False
1556,2026-03-28 00:29:52,2026-03-28 01:05:12,0,5,0.0,0.0447,0.3219,0.0,False
1557,2026-03-28 01:22:46,2026-03-28 02:57:48,0,5,0.0,0.0447,0.3219,0.0,False
1558,2026-03-28 03:13:52,2026-03-28 03:51:15,0,5,0.0,0.0447,0.3219,0.0,False
1559,2026-03-28 03:55:55,2026-03-28 04:39:06,0,5,0.0,0.0447,0.3219,0.0,False
1560,2026-03-28 05:00:02,2026-03-28 05:15:14,0,5,0.0,0.0447,0.3219,0.0,False
1561,2026-03-28 05:30:51,2026-03-28 05:50:12,0,5,0.0,0.0447,0.3219,0.0,False
1562,2026-03-28 05:53:43,2026-03-28 06:41:28,1,5,0.2,0.0447,0.3219,0.0,False
1563,2026-03-28 06:46:57,2026-03-28 06:57:46,0,5,0.0,0.0447,0.3219,0.0,False
1564,2026-03-28 07:08:14,2026-03-28 07:34:09,0,5,0.0,0.0447,0.3219,0.0,False
1565,2026-03-28 07:47:11,2026-03-28 08:22:00,0,5,0.0,0.0447,0.3219,0.0,False
1566,2026-03-28 08:35:12,2026-03-28 08:58:25,0,5,0.0,0.0447,0.3219,0.0,False
1567,2026-03-28 09:11:23,2026-03-28 10:17:02,0,5,0.0,0.0447,0.3219,0.0,False
1568,2026-03-28 10:25:19,2026-03-28 11:26:36,0,5,0.0,0.0447,0.3219,0.0,False
1569,2026-03-28 11:38:01,2026-03-28 12:12:01,0,5,0.0,0.0447,0.3219,0.0,False
1570,2026-03-28 12:23:12,2026-03-28 12:41:27,0,5,0.0,0.0447,0.3219,0.0,False
1571,2026-03-28 12:55:00,2026-03-28 13:36:25,0,5,0.0,0.0447,0.3219,0.0,False
1572,2026-03-28 13:56:51,2026-03-28 15:04:30,0,5,0.0,0.0447,0.3219,0.0,False
1573,2026-03-28 15:06:39,2026-03-28 15:33:31,0,5,0.0,0.0447,0.3219,0.0,False
1574,2026-03-28 15:34:43,2026-03-28 16:03:39,0,5,0.0,0.0447,0.3219,0.0,False
1575,2026-03-28 16:06:01,2026-03-28 16:26:03,1,5,0.2,0.0447,0.3219,0.0,False
1576,2026-03-28 16:43:14,2026-03-28 17:05:34,1,5,0.2,0.0447,0.3219,0.0,False
1577,2026-03-28 17:10:57,2026-03-28 17:44:25,1,5,0.2,0.0447,0.3219,0.0,False
1578,2026-03-28 17:48:06,2026-03-28 18:21:06,0,5,0.0,0.0447,0.3219,0.0,False
1579,2026-03-28 18:21:49,2026-03-28 18:52:17,0,5,0.0,0.0447,0.3219,0.0,False
1580,2026-03-28 19:17:31,2026-03-28 19:35:18,0,5,0.0,0.0447,0.3219,0.0,False
1581,2026-03-28 19:55:19,2026-03-28 20:14:44,0,5,0.0,0.0447,0.3219,0.0,False
1582,2026-03-28 20:20:21,2026-03-28 21:06:21,0,5,0.0,0.0447,0.3219,0.0,False
1583,2026-03-28 21:16:20,2026-03-28 21:59:14,0,5,0.0,0.0447,0.3219,0.0,False
1584,2026-03-28 22:19:04,2026-03-28 23:20:57,0,5,0.0,0.0447,0.3219,0.0,False
1585,2026-03-28 23:31:57,2026-03-29 00:36:38,0,5,0.0,0.0447,0.3219,0.0,False
1586,2026-03-29 00:52:03,2026-03-29 01:42:23,0,5,0.0,0.0447,0.3219,0.0,False
1587,2026-03-29 01:42:26,2026-03-29 02:14:21,0,5,0.0,0.0447,0.3219,0.0,False
1588,2026-03-29 02:33:08,2026-03-29 03:04:09,0,5,0.0,0.0447,0.3219,0.0,False
1589,2026-03-29 03:12:45,2026-03-29 03:43:44,2,5,0.4,0.0447,0.3219,0.0,True
1590,2026-03-29 04:04:06,2026-03-29 04:13:40,1,5,0.2,0.0447,0.3219,0.0,False
1591,2026-03-29 04:25:22,2026-03-29 05:19:31,0,5,0.0,0.0447,0.3219,0.0,False
1592,2026-03-29 05:29:10,2026-03-29 06:14:13,0,5,0.0,0.0447,0.3219,0.0,False
1593,2026-03-29 06:20:50,2026-03-29 07:00:45,0,5,0.0,0.0447,0.3219,0.0,False
1594,2026-03-29 07:07:05,2026-03-29 07:24:51,0,5,0.0,0.0447,0.3219,0.0,False
1595,2026-03-29 07:25:09,2026-03-29 08:27:13,0,5,0.0,0.0447,0.3219,0.0,False
1596,2026-03-29 08:39:54,2026-03-29 08:55:36,0,5,0.0,0.0447,0.3219,0.0,False
1597,2026-03-29 09:14:00,2026-03-29 10:08:55,0,5,0.0,0.0447,0.3219,0.0,False
1598,2026-03-29 10:22:33,2026-03-29 11:02:57,0,5,0.0,0.0447,0.3219,0.0,False
1599,2026-03-29 11:17:53,2026-03-29 11:57:38,0,5,0.0,0.0447,0.3219,0.0,False
1600,2026-03-29 12:00:21,2026-03-29 13:09:16,0,5,0.0,0.0447,0.3219,0.0,False
1601,2026-03-29 13:29:09,2026-03-29 14:45:00,0,5,0.0,0.0447,0.3219,0.0,False
1602,2026-03-29 14:48:33,2026-03-29 15:59:34,0,5,0.0,0.0447,0.3219,0.0,False
1603,2026-03-29 16:02:59,2026-03-29 17:16:29,0,5,0.0,0.0447,0.3219,0.0,False
1604,2026-03-29 17:30:41,2026-03-29 18:15:31,1,5,0.2,0.0447,0.3219,0.0,False
1605,2026-03-29 18:16:52,2026-03-29 18:28:17,0,5,0.0,0.0447,0.3219,0.0,False
1606,2026-03-29 18:33:13,2026-03-29 19:14:59,1,5,0.2,0.0447,0.3219,0.0,False
1607,2026-03-29 19:15:35,2026-03-29 19:46:14,0,5,0.0,0.0447,0.3219,0.0,False
1608,2026-03-29 19:57:02,2026-03-29 20:41:30,0,5,0.0,0.0447,0.3219,0.0,False
1609,2026-03-29 21:05:43,2026-03-29 21:49:45,0,5,0.0,0.0447,0.3219,0.0,False
1610,2026-03-29 21:56:12,2026-03-29 22:20:41,0,5,0.0,0.0447,0.3219,0.0,False
1611,2026-03-29 22:25:05,2026-03-29 22:54:50,1,5,0.2,0.0447,0.3219,0.0,False
1612,2026-03-29 23:04:26,2026-03-29 23:50:38,0,5,0.0,0.0447,0.3219,0.0,False
1613,2026-03-29 23:51:59,2026-03-30 01:28:48,0,5,0.0,0.0447,0.3219,0.0,False
1614,2026-03-30 01:37:08,2026-03-30 02:25:52,0,5,0.0,0.0447,0.3219,0.0,False
1615,2026-03-30 02:27:30,2026-03-30 02:46:01,0,5,0.0,0.0447,0.3219,0.0,False
1616,2026-03-30 02:46:53,2026-03-30 03:16:52,1,5,0.2,0.0447,0.3219,0.0,False
1617,2026-03-30 03:45:47,2026-03-30 05:20:00,1,5,0.2,0.0447,0.3219,0.0,False
1618,2026-03-30 05:22:59,2026-03-30 05:46:31,0,5,0.0,0.0447,0.3219,0.0,False
1619,2026-03-30 05:46:53,2026-03-30 06:25:19,0,5,0.0,0.0447,0.3219,0.0,False
1620,2026-03-30 06:29:09,2026-03-30 07:19:37,0,5,0.0,0.0447,0.3219,0.0,False
1621,2026-03-30 07:24:53,2026-03-30 08:20:21,0,5,0.0,0.0447,0.3219,0.0,False
1622,2026-03-30 08:28:54,2026-03-30 09:09:36,0,5,0.0,0.0447,0.3219,0.0,False
1623,2026-03-30 09:26:36,2026-03-30 10:17:28,0,5,0.0,0.0447,0.3219,0.0,False
1624,2026-03-30 10:18:27,2026-03-30 10:55:17,0,5,0.0,0.0447,0.3219,0.0,False
1625,2026-03-30 11:06:42,2026-03-30 11:52:15,0,5,0.0,0.0447,0.3219,0.0,False
1626,2026-03-30 11:59:10,2026-03-30 12:12:11,0,5,0.0,0.0447,0.3219,0.0,False
1627,2026-03-30 12:29:58,2026-03-30 12:44:41,0,5,0.0,0.0447,0.3219,0.0,False
1628,2026-03-30 12:52:51,2026-03-30 13:23:27,0,5,0.0,0.0447,0.3219,0.0,False
1629,2026-03-30 13:25:43,2026-03-30 14:02:59,0,5,0.0,0.0447,0.3219,0.0,False
1630,2026-03-30 14:17:06,2026-03-30 14:59:00,0,5,0.0,0.0447,0.3219,0.0,False
1631,2026-03-30 15:20:46,2026-03-30 15:38:10,0,5,0.0,0.0447,0.3219,0.0,False
1632,2026-03-30 15:45:22,2026-03-30 16:25:11,0,5,0.0,0.0447,0.3219,0.0,False
1633,2026-03-30 16:25:43,2026-03-30 17:17:43,0,5,0.0,0.0447,0.3219,0.0,False
1634,2026-03-30 17:26:39,2026-03-30 17:49:06,0,5,0.0,0.0447,0.3219,0.0,False
1635,2026-03-30 18:01:38,2026-03-30 18:12:38,1,5,0.2,0.0447,0.3219,0.0,False
1636,2026-03-30 18:14:58,2026-03-30 18:39:05,1,5,0.2,0.0447,0.3219,0.0,False
1637,2026-03-30 19:11:29,2026-03-30 19:56:31,0,5,0.0,0.0447,0.3219,0.0,False
1638,2026-03-30 20:05:30,2026-03-30 20:57:23,0,5,0.0,0.0447,0.3219,0.0,False
1639,2026-03-30 21:20:57,2026-03-30 21:41:23,0,5,0.0,0.0447,0.3219,0.0,False
1640,2026-03-30 21:46:25,2026-03-30 22:03:52,0,5,0.0,0.0447,0.3219,0.0,False
1641,2026-03-30 22:11:02,2026-03-30 22:30:56,0,5,0.0,0.0447,0.3219,0.0,False
1642,2026-03-30 22:41:26,2026-03-30 23:10:38,0,5,0.0,0.0447,0.3219,0.0,False
